pid,season,position,gp,event_credit,shot_credit,on_ice_baseline_credit
8465009,2021,D,72,17.2265,2.824,-5.3477
8466138,2021,C,35,8.3419,3.1709,1.8652
8469455,2021,C,76,22.6889,10.3898,3.6777
8470281,2021,D,80,32.5622,4.4936,-1.462
8470600,2021,D,89,36.1844,6.3809,0.2666
8470604,2021,C,83,46.1272,28.2315,1.7363
8470606,2021,R,71,25.1133,17.942,3.467
8470610,2021,L,82,30.6905,19.7788,-0.0587
8470612,2021,C,56,34.7656,9.658,-1.1207
8470613,2021,D,82,56.4993,9.3953,-3.2802
8470619,2021,C,72,23.8962,8.9919,-2.5725
8470621,2021,R,105,46.0715,29.2935,6.4171
8470626,2021,L,73,18.1699,7.3013,-4.3312
8470638,2021,C,80,60.0989,37.635,7.9283
8470755,2021,R,44,7.9231,3.4076,-0.6699
8470775,2021,C,33,4.5757,2.5369,-3.8041
8470794,2021,C,89,80.2059,31.525,5.8837
8470966,2021,D,82,40.5876,7.8454,1.6383
8471214,2021,L,83,87.1391,39.6367,8.0123
8471215,2021,C,48,44.1991,17.5009,4.9638
8471217,2021,L,51,8.5574,8.0117,-1.4849
8471218,2021,R,65,55.6789,24.01,2.6614
8471228,2021,R,74,19.3253,12.9451,3.1205
8471260,2021,L,6,0.5265,0.1725,0.1224
8471274,2021,D,76,33.1316,3.5787,0.2006
8471284,2021,D,32,5.1039,1.2108,-1.8061
8471303,2021,D,48,22.8664,2.3782,-0.2822
8471669,2021,C,71,42.4021,21.7571,1.1368
8471675,2021,C,75,71.8524,31.0408,8.6866
8471677,2021,D,87,12.5634,2.2938,-4.207
8471685,2021,C,88,63.8618,24.2815,4.0994
8471686,2021,D,71,18.4416,4.3818,-6.6573
8471698,2021,R,50,23.1937,14.7737,2.0304
8471699,2021,C,90,18.7225,8.3252,-3.8227
8471707,2021,L,19,3.2492,3.3663,0.8437
8471709,2021,D,75,17.5828,2.2795,-3.5505
8471724,2021,D,85,76.8955,15.5002,7.1795
8471729,2021,D,37,11.3309,2.4565,-0.2221
8471735,2021,D,77,20.2414,4.1323,0.0309
8471794,2021,C,88,23.7492,10.8951,-3.7883
8471817,2021,R,87,3.6608,6.3657,-1.8177
8471873,2021,D,74,25.3673,4.9532,-9.9866
8471887,2021,R,75,25.4936,24.1192,7.4988
8472382,2021,D,69,14.0456,2.0267,-5.0987
8473415,2021,D,2,0.2247,0.0245,-0.0623
8473419,2021,L,77,82.2159,29.138,7.6793
8473422,2021,L,71,9.7685,9.3167,2.5116
8473446,2021,D,97,35.0644,8.7647,-3.8905
8473449,2021,R,74,38.6858,15.9235,-2.3727
8473453,2021,C,92,17.4507,11.5503,-1.8127
8473463,2021,R,1,-0.2547,0.0,-0.0785
8473473,2021,L,94,14.2365,11.0527,2.9668
8473504,2021,R,59,12.1266,9.2962,-2.3342
8473507,2021,D,68,30.5165,5.6959,-3.0322
8473512,2021,R,85,63.6917,22.2062,3.278
8473533,2021,C,92,49.0307,21.5263,-0.909
8473544,2021,C,47,14.8088,8.4195,0.9128
8473548,2021,R,82,47.2347,17.6876,0.2187
8473563,2021,C,53,31.4174,9.5915,2.1662
8473604,2021,C,71,32.0418,16.6953,-1.474
8473618,2021,C,25,7.4688,4.1973,-0.1105
8473986,2021,L,105,55.9483,31.8087,3.6311
8473994,2021,L,89,37.4261,23.2038,0.0905
8474009,2021,C,80,25.5737,14.6012,-1.3277
8474013,2021,D,89,24.2527,3.201,-0.1572
8474027,2021,D,88,23.5258,2.8797,-8.2315
8474031,2021,D,82,38.0625,10.4145,-5.344
8474034,2021,L,104,25.0575,16.9506,3.3485
8474037,2021,L,82,33.9845,25.9715,2.3822
8474038,2021,L,27,6.0379,4.7711,-2.0531
8474040,2021,C,81,33.2703,14.0846,-7.4004
8474053,2021,C,77,62.4324,25.2695,-1.1546
8474056,2021,D,77,24.5576,4.9068,-0.2622
8474062,2021,C,57,8.6728,4.4166,-2.4138
8474066,2021,D,2,0.4288,0.0,0.0351
8474068,2021,C,23,4.4259,2.1071,0.0749
8474089,2021,C,10,1.6093,0.6782,-0.5355
8474090,2021,D,59,15.0817,4.0483,1.472
8474098,2021,C,35,3.0148,3.1868,-0.9657
8474102,2021,L,79,64.8014,23.3019,5.038
8474141,2021,R,78,87.7659,27.9881,4.6297
8474145,2021,D,83,9.5786,2.9763,-2.0107
8474149,2021,L,78,37.6855,23.6616,3.8856
8474150,2021,C,94,49.9717,23.3491,3.4963
8474151,2021,D,94,37.2619,6.089,-8.9831
8474157,2021,L,39,33.578,14.879,1.2193
8474161,2021,R,79,61.4118,14.3043,1.0426
8474162,2021,D,54,22.2399,4.1082,-2.4455
8474166,2021,D,26,9.4007,1.3498,-1.1211
8474176,2021,L,53,11.8706,7.128,-1.2021
8474189,2021,C,78,38.3573,13.5354,0.1209
8474190,2021,R,74,11.9139,10.3279,1.7977
8474207,2021,D,76,25.5847,3.3819,-9.6935
8474291,2021,C,33,3.9647,2.5337,-3.5562
8474563,2021,D,39,34.5462,6.4014,3.0798
8474564,2021,C,104,114.3052,36.676,7.1541
8474565,2021,D,80,47.5787,12.7001,1.8913
8474567,2021,D,70,13.4356,3.7044,-0.7275
8474568,2021,D,66,20.7901,4.3527,-4.6347
8474573,2021,R,74,39.7302,10.9249,-1.4443
8474574,2021,D,82,21.6632,6.8089,-4.8539
8474578,2021,D,50,38.8077,7.5908,1.7
8474584,2021,D,26,13.062,1.1191,-0.0493
8474586,2021,R,79,39.2299,19.6154,2.7021
8474589,2021,R,57,21.0769,8.342,0.8007
8474590,2021,D,84,80.9193,16.8039,3.9399
8474600,2021,D,84,101.4334,19.008,1.5583
8474602,2021,D,80,27.092,5.6976,1.5405
8474610,2021,C,1,0.0318,0.0,-0.0131
8474612,2021,D,43,12.0835,3.5919,-3.1589
8474613,2021,C,61,21.2758,10.8359,2.0124
8474618,2021,D,74,16.2922,5.2727,-4.8493
8474628,2021,D,20,10.8741,2.2467,0.2796
8474641,2021,C,58,33.5122,18.6212,1.5668
8474673,2021,D,89,35.4719,2.8334,-0.3643
8474679,2021,R,82,51.3389,17.369,-3.1389
8474683,2021,C,71,32.34,13.2496,-5.019
8474688,2021,D,10,2.2964,0.7639,-1.3085
8474697,2021,D,59,6.4016,1.8909,-3.1812
8474709,2021,L,71,2.428,7.4897,-0.6659
8474715,2021,R,73,46.2761,25.4278,-1.657
8474716,2021,D,71,44.3722,7.8525,2.6917
8474722,2021,D,1,-0.0962,0.0,-0.0914
8474818,2021,D,39,10.1397,1.1911,-0.6737
8474849,2021,L,53,6.4619,6.3458,-2.8529
8474870,2021,C,26,5.8929,3.8495,0.169
8474884,2021,C,67,31.5924,14.1288,0.7262
8475098,2021,C,62,14.5528,4.4274,-0.6217
8475149,2021,L,75,27.0983,16.0588,2.7656
8475151,2021,C,69,28.6012,19.9699,0.4668
8475158,2021,C,90,72.4791,29.9969,1.4649
8475160,2021,L,26,2.6474,2.8245,0.0598
8475163,2021,R,67,18.8748,13.8127,2.3872
8475164,2021,R,53,18.9746,10.352,-3.2256
8475166,2021,C,86,57.6049,35.3533,8.4607
8475167,2021,D,105,106.9956,17.1188,8.2285
8475168,2021,C,82,79.7166,32.9038,4.1579
8475169,2021,L,58,46.4346,28.0605,4.2325
8475170,2021,C,74,60.6224,16.1375,0.9028
8475171,2021,D,79,32.9626,7.2768,-1.0049
8475172,2021,C,87,91.3835,34.681,9.835
8475176,2021,D,4,5.2531,0.2871,-0.3147
8475177,2021,D,69,13.4134,4.0092,-3.6122
8475178,2021,R,74,18.2726,8.9094,0.3317
8475179,2021,D,82,29.3912,5.2071,-2.441
8475181,2021,D,84,31.9045,4.2819,-1.1875
8475184,2021,L,101,80.5997,40.0588,1.305
8475186,2021,D,7,1.5127,0.2826,-0.3129
8475188,2021,D,69,24.5447,3.8128,-2.9688
8475191,2021,R,56,35.8392,18.2029,2.9984
8475193,2021,L,76,27.9249,18.7762,1.6317
8475197,2021,D,89,48.6884,9.3585,5.2644
8475200,2021,D,82,39.6759,7.0661,3.1606
8475208,2021,D,77,26.0877,4.6753,-2.908
8475209,2021,R,4,0.7315,0.6107,-0.0296
8475218,2021,D,80,35.4957,8.7664,-6.5047
8475220,2021,L,80,38.4171,13.9244,-0.4407
8475225,2021,C,81,31.3002,18.9798,3.2356
8475227,2021,D,64,30.2242,3.4114,-0.0733
8475231,2021,C,74,23.7197,10.3976,-4.2939
8475233,2021,D,62,20.7842,5.4513,-5.4998
8475235,2021,L,86,7.5495,9.8352,-3.3842
8475236,2021,C,69,14.7305,5.2804,-4.7301
8475246,2021,D,39,4.4253,1.4106,-0.8197
8475279,2021,D,84,30.5591,8.0502,-6.4277
8475287,2021,L,85,38.6203,16.7086,2.5031
8475314,2021,L,76,37.1199,23.3933,1.7605
8475324,2021,D,82,29.6003,4.9243,-1.8722
8475343,2021,C,70,33.4768,10.8816,-1.4663
8475413,2021,C,22,3.5077,2.2146,-0.0753
8475455,2021,D,79,22.5788,4.8837,-4.2229
8475461,2021,L,1,0.1057,0.0614,-0.0282
8475462,2021,D,87,24.0887,4.6606,0.0738
8475625,2021,D,17,5.2616,0.7954,0.3305
8475690,2021,D,90,36.3346,4.4505,-0.0413
8475692,2021,R,76,80.2505,16.9485,5.2621
8475714,2021,C,78,33.3233,14.6836,-0.8544
8475718,2021,D,74,29.1195,4.3052,-3.2941
8475722,2021,L,46,14.9788,12.2625,2.938
8475726,2021,C,86,48.9776,28.0864,3.6199
8475728,2021,L,49,24.5993,5.5049,-1.134
8475735,2021,C,43,4.4595,2.8532,-1.6472
8475744,2021,C,85,75.0746,26.1394,5.3534
8475745,2021,C,89,47.6978,17.5317,1.952
8475747,2021,D,68,10.592,2.8189,-4.5843
8475750,2021,D,75,26.4256,2.9334,-4.9373
8475752,2021,C,39,4.3493,3.8085,0.4346
8475753,2021,D,88,58.7951,11.3921,-1.5391
8475754,2021,C,72,53.5329,25.0031,1.4372
8475760,2021,C,57,12.0332,9.223,-0.0837
8475762,2021,D,83,22.9723,2.6348,-5.9612
8475763,2021,R,48,30.2841,11.0253,-0.0325
8475764,2021,D,76,44.7389,8.0481,-5.4521
8475765,2021,R,87,85.4778,32.4474,3.9321
8475766,2021,L,67,11.8516,7.678,-5.3591
8475768,2021,L,37,21.4077,11.3256,1.0322
8475772,2021,C,69,26.0613,7.3624,-3.63
8475780,2021,R,4,0.3872,0.4834,-0.0688
8475784,2021,L,80,53.5791,32.5862,3.1014
8475786,2021,L,92,65.2986,42.3862,3.5117
8475790,2021,D,90,25.9131,5.2274,-1.3935
8475791,2021,L,88,57.7219,26.244,8.7632
8475792,2021,R,9,0.6662,0.6675,-0.3529
8475793,2021,C,83,50.312,15.8374,2.9785
8475794,2021,C,88,48.6284,25.4363,2.3748
8475796,2021,D,68,14.3529,2.8476,-7.4331
8475797,2021,D,7,1.4144,0.0858,-0.1085
8475798,2021,C,84,69.8628,17.3382,-1.72
8475799,2021,R,89,44.0333,24.1695,3.3974
8475810,2021,R,67,64.9352,28.537,5.9728
8475820,2021,R,75,19.8838,12.0143,-2.5219
8475825,2021,D,87,18.9847,3.9422,-6.2691
8475842,2021,C,64,17.6758,8.7226,-2.3094
8475848,2021,R,56,20.5955,17.421,1.7567
8475855,2021,R,96,32.1352,13.7868,1.2957
8475906,2021,D,81,50.0364,8.5915,3.3952
8475913,2021,R,37,29.0202,10.7593,1.3754
8475958,2021,C,10,4.3273,1.3852,0.5567
8475968,2021,R,11,-0.3835,1.0059,-0.4248
8476278,2021,C,65,20.8809,8.0432,-0.8884
8476285,2021,C,5,0.8732,0.1867,0.2178
8476288,2021,C,32,7.1511,3.2783,-1.4537
8476292,2021,L,100,64.188,26.8554,4.2785
8476312,2021,D,87,27.9967,7.4799,-2.6907
8476323,2021,L,10,-0.9975,0.7947,-0.2168
8476326,2021,R,21,0.9229,1.0417,-1.0272
8476329,2021,C,74,30.7,13.4336,-3.2623
8476331,2021,D,76,16.0474,3.0536,-4.3506
8476345,2021,C,24,6.3583,3.7856,-0.3269
8476346,2021,L,94,125.5618,37.8903,9.6603
8476368,2021,D,9,0.144,0.1063,-0.136
8476372,2021,D,43,6.1126,1.0545,-3.5418
8476374,2021,C,77,38.3715,12.9278,-6.3484
8476389,2021,C,95,62.853,28.6733,2.3899
8476390,2021,C,1,0.8172,0.0854,-0.0346
8476391,2021,C,2,-0.022,0.1412,0.1781
8476392,2021,C,79,27.1924,15.5135,-2.3919
8476393,2021,C,71,19.3204,11.9054,1.0765
8476396,2021,C,2,-0.0743,0.2571,0.1043
8476399,2021,L,93,30.0673,23.2758,2.614
8476400,2021,R,17,4.5347,1.4145,-1.5207
8476404,2021,C,6,0.8546,0.3056,-0.1933
8476410,2021,L,7,2.8346,1.0719,0.2889
8476415,2021,C,5,-0.4354,0.0989,-0.1964
8476419,2021,C,77,35.6694,17.1172,-1.361
8476422,2021,D,75,19.6866,7.1449,4.5191
8476428,2021,R,7,-0.0418,0.8659,0.0647
8476429,2021,D,61,20.6358,3.7986,-3.1889
8476432,2021,C,59,39.4123,18.5976,-3.9326
8476436,2021,R,12,-0.6995,2.1985,-0.1947
8476437,2021,C,47,20.6812,4.8521,0.9184
8476438,2021,L,90,49.8922,26.3355,2.7632
8476439,2021,R,48,2.3745,5.2421,1.2531
8476441,2021,D,24,7.7147,1.5047,-3.2142
8476442,2021,L,70,14.5787,8.3721,-3.3288
8476448,2021,C,67,34.7576,17.5176,3.8126
8476449,2021,D,7,1.1153,0.1172,-1.2088
8476453,2021,R,70,90.2175,25.6136,8.1907
8476454,2021,C,79,65.2036,24.4501,2.5943
8476455,2021,L,71,70.938,31.4903,8.5067
8476456,2021,L,90,111.6486,33.6314,5.5887
8476457,2021,D,82,28.6775,4.8659,-5.3632
8476458,2021,C,93,53.725,25.8888,2.6716
8476459,2021,C,101,93.3028,31.0466,-0.3057
8476460,2021,C,67,57.3365,21.3112,3.882
8476461,2021,C,29,15.2176,8.8812,-0.3422
8476462,2021,D,62,31.6113,13.1579,3.2125
8476463,2021,D,79,37.562,7.9114,-0.4606
8476466,2021,L,1,0.014,0.0268,-0.1807
8476467,2021,D,72,20.2391,7.7817,-2.5092
8476468,2021,C,80,101.3105,28.2739,0.8858
8476469,2021,R,60,10.5241,10.5726,-1.7445
8476470,2021,D,24,4.6083,0.9736,-1.6197
8476473,2021,D,57,14.6224,2.5681,-6.0019
8476474,2021,R,2,-0.4616,0.394,0.4501
8476479,2021,C,86,51.2718,28.5471,4.0711
8476480,2021,C,82,29.3023,15.7758,-3.8286
8476483,2021,R,72,39.0772,20.8282,2.0731
8476495,2021,C,1,0.032,0.0,-0.0017
8476505,2021,C,2,0.0359,0.0162,0.1635
8476525,2021,D,38,14.4018,1.3999,-1.8777
8476539,2021,R,76,59.1559,28.2684,6.9481
8476545,2021,R,2,-0.0081,0.0,-0.0859
8476624,2021,C,88,39.498,15.5351,-6.6739
8476779,2021,D,50,17.7227,2.8513,0.1526
8476792,2021,D,67,46.7783,7.5652,2.2657
8476807,2021,D,8,2.7361,0.1414,-0.1272
8476822,2021,C,88,20.7376,13.9254,-4.3762
8476826,2021,C,74,45.475,13.641,-0.4179
8476850,2021,D,37,5.5238,1.3039,-1.1226
8476851,2021,C,60,18.2482,9.1708,-2.6789
8476853,2021,D,89,79.9535,12.6577,6.4892
8476854,2021,D,75,29.7825,6.8367,-3.0907
8476856,2021,D,63,29.024,8.4941,-0.9361
8476867,2021,C,30,4.7423,4.2018,0.1359
8476869,2021,D,96,46.2452,11.3066,-0.6576
8476870,2021,C,1,0.0,0.0,-0.0582
8476871,2021,L,68,29.5152,20.0831,1.1699
8476872,2021,C,67,28.4235,13.0439,-2.6437
8476873,2021,L,19,7.5731,1.3748,-2.1797
8476874,2021,D,73,13.1177,2.6414,-0.9309
8476875,2021,D,81,42.4631,8.5497,3.0688
8476878,2021,C,56,17.3776,9.7471,-2.5635
8476879,2021,D,94,41.1344,4.7178,-4.4272
8476880,2021,R,79,46.4722,20.9298,1.5996
8476881,2021,C,82,58.1966,27.2358,-0.31
8476882,2021,C,91,71.9676,23.658,4.6696
8476884,2021,D,11,4.0023,0.351,-0.436
8476885,2021,D,101,51.6932,15.0404,-5.8779
8476886,2021,D,19,3.7437,0.3563,-0.8717
8476887,2021,L,73,80.3724,28.4664,3.7149
8476889,2021,C,84,24.1905,10.1603,-4.7257
8476891,2021,D,78,26.0906,4.7036,6.1282
8476892,2021,D,92,49.6732,10.3973,-3.286
8476897,2021,C,59,23.2295,7.6178,-4.6676
8476902,2021,D,83,31.1903,6.7315,-4.0919
8476905,2021,C,79,55.3105,18.1614,-0.5135
8476906,2021,D,82,55.2862,8.5676,-2.2884
8476907,2021,L,14,1.0177,1.6028,0.6924
8476913,2021,C,49,12.5802,4.3134,-1.1708
8476915,2021,L,27,3.3662,3.3563,-1.8706
8476917,2021,D,78,32.1533,5.7066,-4.0851
8476918,2021,L,68,12.1263,13.3301,-0.724
8476919,2021,C,70,13.6673,7.9995,0.5628
8476921,2021,L,65,11.9783,8.5657,2.2324
8476923,2021,D,80,47.7848,9.8668,-0.758
8476924,2021,R,6,1.3213,1.514,0.357
8476925,2021,C,83,38.78,11.1692,-6.3651
8476927,2021,C,72,34.3309,11.4693,-1.6997
8476931,2021,D,75,28.6892,5.0128,-7.155
8476934,2021,L,71,22.256,13.4281,-1.9629
8476952,2021,C,77,11.8342,5.6604,-4.2287
8476958,2021,D,93,56.5851,9.7065,1.0865
8476960,2021,C,34,16.0088,10.6892,0.6639
8476966,2021,C,3,0.9891,0.0304,-0.3395
8476967,2021,D,90,29.7795,5.124,-3.885
8476975,2021,C,24,2.9423,1.7337,-1.2311
8476979,2021,D,59,19.9009,3.6447,1.3828
8476981,2021,R,69,25.1585,18.8656,-0.5027
8476982,2021,C,5,1.0347,0.2673,-0.514
8476983,2021,D,1,0.3502,0.0478,0.0283
8476988,2021,D,68,15.7402,2.5446,-5.0558
8476989,2021,D,9,2.3488,0.2614,0.2378
8476994,2021,C,62,23.0034,8.1705,-1.9535
8477003,2021,R,4,-0.3672,0.2468,-0.0435
8477015,2021,R,64,39.8628,14.2062,-1.7373
8477018,2021,D,58,16.8109,2.9695,-0.4309
8477021,2021,C,89,54.3633,14.6795,-1.1881
8477034,2021,D,44,10.4334,1.3029,-1.8789
8477070,2021,C,39,-0.0141,3.8786,-1.4372
8477073,2021,L,58,4.7455,2.4659,0.4791
8477126,2021,C,20,3.8162,1.9899,-0.5177
8477149,2021,R,7,1.2869,0.3478,-0.4274
8477205,2021,D,38,7.1663,1.1358,-2.4603
8477210,2021,R,32,4.5144,3.5575,-1.4608
8477215,2021,D,59,11.0563,3.0658,-6.6968
8477220,2021,D,77,34.3459,5.2175,1.9446
8477240,2021,C,26,6.6652,1.8345,-1.9313
8477244,2021,D,85,18.0731,3.487,-0.283
8477290,2021,L,83,16.6575,11.7016,-1.5967
8477320,2021,L,32,7.1776,2.3334,-1.1177
8477330,2021,L,78,26.929,18.122,1.3474
8477335,2021,D,42,7.5016,2.0118,-1.4065
8477341,2021,L,71,32.6929,15.7137,2.2608
8477343,2021,D,2,-0.1334,0.0431,-0.0846
8477346,2021,D,90,53.0265,13.118,1.7683
8477353,2021,C,73,12.7554,11.31,-4.1673
8477355,2021,D,37,8.7066,1.832,-0.7423
8477359,2021,D,40,6.1391,2.0481,-2.012
8477365,2021,D,67,18.8469,3.7218,-0.8583
8477369,2021,D,64,22.942,5.1901,-2.4406
8477380,2021,C,23,1.3531,2.5063,0.2101
8477384,2021,D,53,10.2899,1.3924,-5.523
8477392,2021,R,11,-0.0484,0.3687,-0.5601
8477401,2021,C,55,1.4006,5.9604,-2.6865
8477402,2021,L,85,81.2066,25.6005,1.59
8477404,2021,C,83,86.7635,47.8891,8.9198
8477406,2021,C,67,22.373,11.4618,-0.5884
8477407,2021,L,82,58.0779,26.1512,4.0234
8477409,2021,C,88,60.9739,23.8875,4.2631
8477416,2021,R,80,53.5455,26.8189,1.3862
8477419,2021,L,25,-0.6513,0.9284,-0.0955
8477425,2021,L,3,-0.4887,0.0899,-0.4845
8477426,2021,L,103,50.5254,22.1399,-4.9367
8477429,2021,C,92,63.2513,29.715,-1.1951
8477433,2021,D,19,1.9369,0.3231,-1.397
8477435,2021,D,75,34.5798,6.3525,-4.0316
8477444,2021,L,92,64.5191,13.0506,4.717
8477446,2021,C,53,14.0436,5.7424,-2.6684
8477447,2021,D,78,57.1807,13.6556,4.2615
8477450,2021,C,62,8.4632,7.3321,-3.6395
8477451,2021,R,88,60.4689,27.7223,2.3138
8477454,2021,L,79,16.0549,12.3818,-1.834
8477456,2021,L,90,41.3029,14.8091,1.5259
8477460,2021,C,38,10.5126,5.1731,-2.6403
8477461,2021,L,1,-0.1225,0.1373,-0.0577
8477462,2021,D,64,12.6047,2.7891,-5.114
8477463,2021,D,1,-0.0018,0.0,0.0527
8477464,2021,C,18,1.1023,2.2649,0.439
8477471,2021,D,9,0.5343,0.1401,-0.1187
8477472,2021,D,3,2.1668,0.1068,0.099
8477473,2021,R,14,0.194,1.0012,-0.7645
8477474,2021,D,2,0.0901,0.0,-0.684
8477476,2021,L,94,47.3785,23.6712,-0.058
8477478,2021,L,63,14.7392,14.1411,2.3656
8477479,2021,L,68,58.6845,26.765,1.0467
8477482,2021,L,80,17.1699,11.4054,-1.7074
8477488,2021,D,84,34.7507,8.1487,-1.4429
8477492,2021,C,85,109.5469,42.7289,9.0575
8477493,2021,C,77,92.4172,33.7774,6.436
8477494,2021,L,34,19.1969,6.3456,-1.7945
8477495,2021,D,78,57.0095,10.8865,-0.1055
8477496,2021,C,94,84.604,37.7939,4.7482
8477497,2021,C,65,15.2721,14.2098,3.9527
8477498,2021,D,86,43.6505,15.7299,0.2311
8477499,2021,D,66,22.2859,6.3409,-4.5209
8477500,2021,C,70,42.6469,27.5366,2.0519
8477501,2021,R,82,60.7309,32.0962,2.4015
8477503,2021,C,86,42.2739,12.5697,0.0127
8477504,2021,D,79,40.0179,11.7216,3.6669
8477505,2021,C,80,33.4993,9.9275,0.1026
8477506,2021,D,56,26.3668,7.0832,-1.4154
8477507,2021,D,86,27.7931,5.1906,3.6287
8477508,2021,C,77,17.5374,11.4248,-1.5621
8477511,2021,R,43,24.7327,10.3837,2.3046
8477512,2021,C,8,1.1058,0.2958,-0.6629
8477527,2021,L,32,5.2693,1.3331,-0.7728
8477541,2021,D,2,0.2466,0.0111,0.0171
8477573,2021,L,34,11.2666,4.5152,1.2593
8477631,2021,L,1,-0.0866,0.0,-0.0217
8477810,2021,D,51,8.6718,1.0031,-0.4006
8477839,2021,L,77,41.3295,16.8991,2.7924
8477845,2021,D,78,23.6384,4.2118,-2.1884
8477846,2021,C,67,14.3538,7.1638,-3.9054
8477851,2021,D,45,9.6414,2.6306,-3.8259
8477887,2021,C,44,11.3713,5.4766,-4.9478
8477903,2021,R,82,22.3959,16.1575,0.3758
8477919,2021,C,82,47.1865,16.2001,-1.7415
8477930,2021,L,103,35.5614,9.0442,-6.0505
8477931,2021,L,82,24.0536,9.049,-3.7296
8477932,2021,D,71,64.549,13.3035,4.0974
8477933,2021,C,88,81.704,32.6206,6.444
8477934,2021,C,96,127.8371,44.9661,5.9092
8477935,2021,C,81,39.4156,31.8658,5.6591
8477936,2021,L,1,-0.0212,0.1511,-0.0095
8477938,2021,D,36,5.6516,2.0286,-0.6973
8477939,2021,R,88,81.4521,32.3804,8.9757
8477940,2021,L,62,52.9314,23.7147,1.7973
8477941,2021,L,57,16.9867,12.1577,1.0987
8477942,2021,L,88,85.0615,30.9699,3.918
8477943,2021,L,23,3.5441,1.8209,-0.3269
8477944,2021,L,26,16.8315,6.5435,-0.3817
8477946,2021,C,71,57.9606,23.9643,2.3688
8477947,2021,L,66,31.7693,10.9237,2.1162
8477948,2021,D,80,35.9757,7.3811,-6.1843
8477949,2021,R,50,36.4446,17.2821,1.6133
8477950,2021,D,78,61.8167,8.8898,5.2476
8477951,2021,C,63,53.0156,16.4445,-1.0015
8477952,2021,C,56,23.0911,16.6067,1.2562
8477953,2021,R,86,28.7202,16.0089,3.6414
8477955,2021,L,74,44.3999,22.1614,3.3892
8477956,2021,R,79,77.0938,35.5744,11.2268
8477960,2021,R,85,57.0823,38.023,2.1499
8477962,2021,L,57,10.1853,8.2081,0.8813
8477964,2021,L,93,55.1763,19.1531,-1.9106
8477969,2021,D,79,26.3177,3.895,2.0308
8477974,2021,C,1,0.006,0.1031,-0.063
8477979,2021,R,88,16.9251,9.6749,0.637
8477986,2021,D,91,40.3696,11.0235,4.8271
8477987,2021,C,74,28.1483,19.6304,1.2444
8477989,2021,C,56,30.3313,11.72,-2.6412
8477996,2021,C,75,16.8813,7.4667,-3.1657
8477998,2021,L,95,19.8273,19.244,4.039
8478010,2021,C,75,52.5798,34.7733,7.2719
8478013,2021,D,51,9.2674,5.1876,-0.3162
8478017,2021,D,32,8.8738,2.84,0.6286
8478020,2021,R,56,16.859,6.767,1.6478
8478021,2021,D,33,6.5678,1.1837,0.3477
8478029,2021,L,2,-0.2304,0.183,0.0557
8478038,2021,D,86,74.4561,11.6048,0.8373
8478040,2021,R,16,-0.6504,0.7074,-0.4674
8478042,2021,L,66,46.2011,24.639,6.2019
8478043,2021,C,56,11.6318,9.9111,-3.3623
8478046,2021,L,83,31.3807,17.2637,3.1374
8478047,2021,L,85,62.0841,24.8,4.6895
8478051,2021,C,41,4.0094,5.1204,-0.9375
8478055,2021,D,81,46.691,10.384,0.4272
8478056,2021,C,9,0.7666,0.6776,-0.6013
8478057,2021,C,31,6.9931,4.4741,1.458
8478058,2021,L,3,-0.1551,0.0,-0.0767
8478062,2021,D,67,14.9391,3.9419,-9.9926
8478067,2021,L,79,24.6479,13.1077,-2.7367
8478074,2021,C,4,-0.3246,0.1417,-0.4056
8478075,2021,L,58,7.5455,5.0274,-3.4104
8478099,2021,R,21,4.1739,2.9633,0.396
8478104,2021,L,14,2.8167,2.1223,-0.4439
8478106,2021,R,5,1.0277,0.4827,-0.0378
8478109,2021,L,72,47.3858,14.6732,0.1383
8478115,2021,L,85,32.0288,16.083,1.4141
8478131,2021,R,57,27.4023,13.3562,-0.0538
8478133,2021,C,72,35.4699,14.3811,-5.3137
8478136,2021,D,72,20.5345,5.3121,-3.1841
8478146,2021,C,46,9.8051,6.1289,-1.2563
8478147,2021,L,4,0.6516,0.4214,-0.1463
8478173,2021,R,6,2.1609,1.4057,-0.2927
8478178,2021,D,4,0.2745,0.0502,-0.0989
8478211,2021,L,79,10.8158,10.7945,0.1467
8478233,2021,L,94,56.4076,30.2464,6.1637
8478250,2021,L,4,1.5687,0.0601,-0.1398
8478366,2021,R,91,39.8201,18.5495,0.6352
8478396,2021,D,93,55.9775,11.7263,2.8396
8478397,2021,D,94,60.1968,9.4941,5.1139
8478398,2021,L,79,88.3572,38.0642,2.5898
8478399,2021,D,70,21.4273,3.6761,-1.374
8478400,2021,C,24,8.2217,7.5486,2.6235
8478401,2021,C,70,29.9911,19.843,2.7874
8478402,2021,C,96,151.5345,57.5602,14.7168
8478403,2021,C,34,20.4197,14.1973,2.0084
8478407,2021,D,73,37.8325,6.5408,0.9442
8478408,2021,D,60,10.587,3.2113,1.4172
8478413,2021,L,68,25.283,13.5383,-0.28
8478414,2021,R,77,66.2463,32.2151,3.7951
8478415,2021,D,10,3.475,1.0425,0.8622
8478416,2021,D,78,19.9975,4.7814,-7.0001
8478420,2021,R,95,111.1029,35.7369,11.6188
8478421,2021,L,9,1.9816,1.557,0.2199
8478424,2021,C,77,12.5101,6.0309,-0.1461
8478425,2021,D,6,-0.1913,0.2909,-0.273
8478427,2021,C,93,75.1688,37.5841,5.5077
8478430,2021,D,85,37.6161,10.156,4.4925
8478431,2021,L,72,15.9839,7.7448,0.1204
8478432,2021,R,53,7.3612,8.3765,-1.1144
8478434,2021,R,77,18.669,12.0491,-0.2328
8478438,2021,C,27,5.8579,1.775,1.2442
8478439,2021,R,79,47.9578,23.4079,3.3199
8478440,2021,C,69,33.3115,16.2792,2.5602
8478442,2021,C,1,1.0122,0.1012,0.0571
8478443,2021,D,86,26.7558,5.4526,-2.1719
8478444,2021,R,71,42.9612,23.5773,3.4748
8478445,2021,C,73,54.1275,19.1793,3.6221
8478446,2021,C,2,-0.1631,0.1538,0.1208
8478447,2021,R,9,2.845,0.681,0.0767
8478449,2021,C,86,66.0773,30.5347,4.0371
8478451,2021,D,58,16.4806,4.9339,2.2169
8478452,2021,D,51,18.6315,3.247,-0.5365
8478454,2021,D,8,2.8619,0.1514,-0.3647
8478458,2021,C,81,38.4593,12.8939,-1.0496
8478460,2021,D,68,48.7283,14.4482,1.0897
8478462,2021,C,78,38.992,23.3956,2.0312
8478463,2021,R,75,28.1637,19.7839,-1.139
8478465,2021,D,1,0.0493,0.0,-0.0096
8478466,2021,R,63,17.2877,16.0267,1.265
8478467,2021,D,50,8.1911,1.6754,-2.1867
8478468,2021,D,69,10.7904,3.5634,-5.1814
8478469,2021,D,59,42.2181,9.699,3.0837
8478472,2021,R,69,27.1031,11.6033,-2.6564
8478474,2021,L,65,28.3462,15.6895,-4.2863
8478476,2021,D,45,9.7005,2.1652,-2.0932
8478477,2021,C,27,6.4727,1.1542,-1.9584
8478480,2021,C,2,-0.1418,0.0744,-0.0739
8478483,2021,R,79,100.2788,28.6276,8.0995
8478485,2021,R,2,-0.067,0.0,-0.0273
8478486,2021,C,3,-0.012,0.4494,-0.0835
8478491,2021,D,6,0.9832,0.1386,-0.3921
8478493,2021,C,83,49.1661,29.8177,3.0682
8478495,2021,R,78,27.305,15.8088,0.7956
8478498,2021,L,84,43.4073,22.8393,4.5328
8478500,2021,D,79,36.5556,8.6555,-4.3634
8478506,2021,D,38,10.4234,0.7853,-3.0413
8478507,2021,D,88,32.7589,5.0159,-0.6388
8478508,2021,C,84,20.2428,17.2157,-2.7669
8478512,2021,C,17,7.0779,1.2323,0.0381
8478519,2021,C,99,46.0954,24.013,-1.9971
8478528,2021,C,23,2.5758,1.0423,-0.8356
8478542,2021,C,89,44.2642,27.3341,6.9806
8478550,2021,L,95,107.8486,23.0413,4.4977
8478567,2021,D,41,12.4258,2.391,-2.6612
8478569,2021,C,29,7.5485,4.4158,-0.1801
8478585,2021,C,90,32.709,8.4341,-1.5053
8478831,2021,C,3,-0.0736,0.3477,-0.1183
8478838,2021,C,6,0.5795,1.1094,-0.2451
8478840,2021,D,36,9.0009,2.0005,-1.4502
8478841,2021,D,27,5.4803,1.1339,-0.4413
8478846,2021,D,9,2.4915,0.318,-0.3565
8478851,2021,D,81,37.7888,7.2274,-5.9955
8478856,2021,R,77,48.4312,21.7299,4.1483
8478859,2021,D,66,17.1989,3.3393,-0.5845
8478864,2021,L,87,113.0933,33.1514,7.2817
8478866,2021,C,72,10.4147,8.6984,1.1535
8478868,2021,D,11,0.515,0.5389,-0.4118
8478870,2021,L,61,19.7947,11.6298,-1.012
8478873,2021,R,75,63.6199,24.6025,1.279
8478874,2021,R,58,11.5488,9.5306,-0.839
8478881,2021,L,2,0.1247,0.1988,-0.0941
8478882,2021,D,80,35.3234,7.4251,-9.0553
8478891,2021,C,68,17.1363,10.9917,-2.4442
8478904,2021,C,72,10.5327,10.4939,2.6257
8478906,2021,D,1,1.0179,0.0,0.0368
8478911,2021,D,74,26.511,7.5654,-1.6181
8478915,2021,D,13,6.6128,0.4818,0.4288
8478949,2021,R,1,-0.1075,0.1194,0.0164
8478967,2021,C,29,0.5905,1.7641,-0.9914
8478970,2021,D,16,3.4154,1.2662,0.5353
8478975,2021,L,58,44.1121,17.5496,4.6397
8478996,2021,C,25,2.2905,1.6033,-0.1043
8479026,2021,D,27,5.2144,1.3546,-1.1642
8479066,2021,L,60,14.6404,8.7881,2.0956
8479249,2021,C,2,1.5632,0.428,-0.0953
8479252,2021,D,4,0.2287,0.1181,-0.5134
8479289,2021,D,4,1.228,0.1564,-0.4254
8479291,2021,C,76,13.5515,8.7873,-6.4654
8479293,2021,L,30,11.869,7.6536,-0.0238
8479304,2021,C,6,1.5786,0.437,0.0167
8479314,2021,L,94,105.5583,39.2071,10.4227
8479315,2021,R,5,0.1774,0.8688,0.5493
8479316,2021,C,86,13.3086,14.5295,-1.7997
8479318,2021,C,80,110.4722,43.3353,11.0885
8479320,2021,D,5,0.2808,0.3548,0.1565
8479321,2021,D,1,1.0047,0.0,0.2727
8479322,2021,R,1,-0.1195,0.2147,0.0513
8479323,2021,D,98,101.4366,13.4304,0.5195
8479324,2021,D,95,27.7774,6.8276,-5.8584
8479325,2021,D,84,65.7433,10.6882,6.6224
8479328,2021,R,49,5.5731,9.4848,0.8679
8479333,2021,D,17,1.5826,0.4352,-0.5085
8479335,2021,C,80,23.0079,14.6293,-1.0821
8479336,2021,R,60,14.6476,10.8659,-0.6881
8479337,2021,R,82,76.9578,34.6839,5.362
8479338,2021,D,20,3.4371,0.6659,-1.4705
8479339,2021,L,56,50.9587,16.0964,0.2263
8479341,2021,D,34,8.8929,2.4611,-2.1617
8479343,2021,R,67,60.6587,21.247,-2.7148
8479344,2021,R,81,33.0717,24.1705,6.7673
8479345,2021,D,47,23.0611,6.9347,-2.8982
8479346,2021,C,91,27.4107,19.0391,2.7919
8479347,2021,L,29,0.5529,1.5529,0.7174
8479348,2021,D,36,9.8027,1.3976,-1.2014
8479351,2021,C,68,17.2085,6.8674,-1.6942
8479353,2021,C,47,19.4028,5.0762,-0.1694
8479355,2021,D,18,0.8171,0.5956,-0.1982
8479356,2021,L,45,15.4083,7.3656,-1.2925
8479359,2021,L,12,0.0054,0.7942,0.2793
8479362,2021,L,10,0.5592,0.5606,0.1371
8479364,2021,L,8,-0.2385,0.1789,0.4588
8479365,2021,C,64,13.8383,10.6758,0.114
8479366,2021,C,39,10.5037,4.5423,0.5085
8479367,2021,R,13,-1.8321,1.1647,-0.3554
8479368,2021,L,2,-0.0741,0.1197,-0.1668
8479369,2021,D,82,21.4119,3.9473,-11.1365
8479370,2021,C,86,25.5567,10.0681,-3.7682
8479371,2021,D,70,29.5523,4.3793,-1.7916
8479372,2021,D,38,8.8068,1.7936,-0.6503
8479373,2021,C,61,19.6647,14.0962,1.8743
8479376,2021,D,37,9.0627,1.5247,-2.1459
8479378,2021,D,58,16.4496,3.0773,-5.1183
8479379,2021,R,46,4.4724,4.1834,-2.0258
8479382,2021,C,15,0.0661,0.7337,-1.4796
8479383,2021,L,59,5.2337,5.3739,-1.3026
8479385,2021,R,86,81.7964,23.6018,3.2357
8479388,2021,D,52,15.5634,1.9974,-4.9507
8479390,2021,R,74,18.0118,14.3572,0.6474
8479393,2021,L,63,19.0697,14.2563,0.382
8479395,2021,D,11,3.2283,0.3419,-0.1675
8479398,2021,D,74,34.3466,3.9249,0.3176
8479400,2021,C,81,47.8531,35.0911,6.7953
8479402,2021,D,67,25.2771,5.1134,-3.9081
8479404,2021,C,52,5.782,4.5193,0.4058
8479407,2021,L,76,71.8675,23.0684,5.7141
8479410,2021,D,101,53.3598,8.6944,0.2575
8479413,2021,D,2,0.1758,0.0625,-0.1115
8479414,2021,R,72,11.7607,13.5446,0.1101
8479415,2021,C,77,29.3841,8.8209,-4.913
8479419,2021,L,19,5.294,2.4338,-0.7048
8479420,2021,C,78,65.1537,28.1102,0.3618
8479421,2021,D,19,2.3501,0.4382,-0.9321
8479425,2021,D,78,40.6578,7.6596,-2.8986
8479439,2021,D,8,-0.0063,1.5884,0.4187
8479442,2021,D,33,9.1134,2.1873,-1.3871
8479447,2021,R,1,-0.1275,0.7439,0.193
8479458,2021,D,62,13.4223,3.1254,-5.3538
8479465,2021,L,18,3.9225,2.1549,-1.3453
8479482,2021,D,15,2.5897,0.4264,-0.6486
8479511,2021,C,57,15.8686,6.7984,-1.3978
8479512,2021,R,6,0.7241,1.1888,0.1916
8479514,2021,C,66,35.0196,11.0936,-1.938
8479516,2021,C,2,0.9946,0.149,0.0174
8479518,2021,C,3,1.0163,0.2182,-0.2958
8479520,2021,L,86,12.085,8.5351,-1.013
8479523,2021,D,40,10.192,2.6061,1.2575
8479525,2021,C,102,41.38,24.7608,4.2936
8479526,2021,L,8,1.9892,1.0265,-0.0897
8479534,2021,D,5,2.0577,0.0928,-0.7284
8479536,2021,L,23,3.2871,2.6516,0.1248
8479542,2021,L,100,47.1403,24.5773,1.1858
8479543,2021,L,51,7.3859,5.5221,-0.3137
8479546,2021,C,20,4.9464,2.1098,0.8974
8479550,2021,C,1,0.0898,0.0,-0.072
8479553,2021,C,44,11.9103,8.2993,1.7403
8479573,2021,L,18,-0.1648,1.6034,0.3331
8479578,2021,D,36,7.5807,1.7067,-2.0876
8479580,2021,C,63,10.9141,5.6858,-5.1511
8479587,2021,C,4,0.0867,0.0,0.0726
8479591,2021,C,1,0.0093,0.0573,0.0487
8479597,2021,D,4,0.1192,0.1913,-0.5581
8479602,2021,D,6,2.3662,0.1407,0.5222
8479619,2021,L,21,5.4296,3.5853,0.0404
8479639,2021,D,59,14.4784,4.8007,1.0499
8479644,2021,R,23,5.1466,2.4975,-0.822
8479661,2021,L,85,35.1043,16.8571,-5.273
8479671,2021,R,13,-0.1232,0.7129,-1.0053
8479675,2021,L,88,47.9533,28.5513,2.6304
8479705,2021,L,34,1.8276,3.8549,-0.8944
8479718,2021,C,16,5.8054,2.1994,-0.0076
8479729,2021,D,3,-0.0398,0.4398,-0.0966
8479772,2021,R,75,3.9291,7.5383,-5.1219
8479933,2021,C,40,10.972,5.889,0.0863
8479941,2021,R,45,13.4655,7.9752,0.1725
8479944,2021,L,69,10.9722,8.3457,-1.8081
8479945,2021,D,43,10.1158,1.7942,-1.5072
8479968,2021,C,31,8.1611,4.7934,-0.3258
8479972,2021,C,3,0.0385,0.3165,-0.1655
8479974,2021,C,25,5.1071,4.1947,1.0706
8479976,2021,D,9,2.6344,0.4771,-0.1539
8479977,2021,R,95,43.8658,20.6543,0.5435
8479980,2021,D,52,17.9588,6.5754,-0.8762
8479981,2021,L,43,1.1876,4.2015,-1.4527
8479982,2021,D,6,0.3364,0.3841,-0.2032
8479983,2021,D,63,18.3997,2.5044,-5.9876
8479984,2021,D,69,15.6005,2.8387,1.6364
8479985,2021,D,9,0.8034,0.1313,-0.5216
8479986,2021,R,23,6.6181,2.7882,-1.2245
8479987,2021,C,73,18.3482,9.6408,0.4846
8479991,2021,C,41,3.9897,3.6158,-1.645
8479992,2021,C,80,23.5506,16.2009,-4.3006
8479994,2021,C,7,-0.177,0.529,-0.1025
8479996,2021,C,10,0.7426,0.8747,0.0444
8479998,2021,D,64,15.1804,3.8803,-1.1142
8479999,2021,C,40,15.3923,7.8556,0.0868
8480001,2021,D,29,6.7077,1.0143,-1.7495
8480002,2021,C,70,51.2535,20.812,0.9325
8480003,2021,C,56,19.5009,8.9062,-0.4146
8480005,2021,L,53,1.8031,3.943,0.293
8480007,2021,R,30,5.8865,3.6295,-0.7446
8480008,2021,C,28,9.2932,3.3364,0.1655
8480009,2021,R,78,20.0714,13.9801,2.9167
8480011,2021,C,40,7.2487,2.7573,-0.1077
8480012,2021,C,80,64.7534,22.718,5.3664
8480014,2021,C,27,5.753,4.6646,0.5131
8480015,2021,R,63,17.4739,14.7987,2.055
8480018,2021,C,82,52.4745,20.0909,-1.5967
8480019,2021,L,10,3.1863,1.126,-0.6207
8480021,2021,C,15,2.8061,1.9479,0.0094
8480023,2021,C,84,73.3829,18.28,1.7396
8480025,2021,R,55,12.0933,4.2677,-2.4619
8480027,2021,L,81,79.8022,31.1244,5.6652
8480028,2021,C,55,11.8642,8.7482,0.6574
8480029,2021,L,79,26.8268,22.1436,-3.3504
8480031,2021,L,52,10.7577,7.3075,0.3859
8480035,2021,D,60,21.4776,4.2465,-3.0288
8480036,2021,D,77,43.0148,12.4858,3.2757
8480037,2021,C,6,0.8903,0.9294,0.3401
8480039,2021,C,92,38.5405,14.982,0.7693
8480041,2021,D,1,-0.0016,0.0,-0.0134
8480043,2021,D,63,27.994,4.2456,2.9872
8480049,2021,D,15,6.0496,0.5176,-0.3448
8480053,2021,C,19,7.9861,2.2631,-0.483
8480054,2021,D,1,1.3619,0.0247,-0.0101
8480056,2021,D,9,1.3224,0.5508,-0.6682
8480058,2021,D,4,0.3512,0.397,0.0448
8480060,2021,C,35,6.5832,4.7909,-0.7353
8480064,2021,C,66,55.437,22.5674,3.6731
8480068,2021,C,57,14.4934,10.2062,0.1096
8480069,2021,D,97,119.2083,19.1641,9.1216
8480070,2021,D,8,1.354,0.0646,-0.4083
8480071,2021,D,21,6.4639,0.9553,0.2973
8480072,2021,C,20,3.2157,3.5248,0.5279
8480073,2021,D,53,16.7775,3.7639,1.6767
8480074,2021,L,36,17.8979,8.8451,-3.0834
8480078,2021,C,87,26.7163,19.7168,3.0331
8480083,2021,L,1,0.0498,0.0,-0.1197
8480087,2021,R,1,-0.054,0.3369,0.07
8480113,2021,L,86,41.0171,27.7029,3.249
8480144,2021,C,89,43.6937,13.5772,-4.0804
8480145,2021,D,77,40.4727,6.5967,-0.3899
8480157,2021,D,27,8.6738,1.4381,0.2072
8480160,2021,D,36,4.4508,1.6436,-1.3526
8480172,2021,D,93,25.1494,4.0305,-1.0287
8480184,2021,D,63,16.4932,1.7203,-4.4735
8480185,2021,C,88,31.6479,11.2358,-0.798
8480188,2021,L,14,7.6376,3.6894,0.7858
8480192,2021,D,4,-0.0226,0.1645,0.068
8480196,2021,D,73,13.2331,1.8724,-3.2717
8480205,2021,C,41,9.4069,5.4251,-0.3815
8480208,2021,R,46,39.6182,13.8154,2.9792
8480216,2021,C,68,16.5446,11.16,-0.262
8480220,2021,L,16,8.1127,3.2881,-0.5747
8480222,2021,D,36,14.2408,2.1853,-1.1008
8480226,2021,R,37,3.049,5.5041,-0.5855
8480231,2021,D,6,0.27,0.4161,-0.0763
8480259,2021,C,2,-0.0815,0.0539,-0.1305
8480281,2021,R,40,2.149,5.2821,-0.0447
8480289,2021,C,27,4.0148,3.1767,0.3386
8480292,2021,R,13,1.9577,1.4086,0.0895
8480293,2021,D,5,0.0385,0.0102,-0.3398
8480304,2021,L,3,0.7116,0.6408,0.1031
8480306,2021,D,16,0.8897,1.5135,-1.1343
8480326,2021,C,11,2.6315,1.5752,0.4255
8480336,2021,D,6,1.9835,1.0571,0.0475
8480355,2021,C,16,3.7511,1.1932,-0.6436
8480384,2021,C,8,-0.3883,0.5067,0.2051
8480434,2021,D,71,33.242,8.296,2.5798
8480441,2021,R,6,1.866,0.4049,0.1529
8480443,2021,C,13,1.524,1.8108,0.0419
8480448,2021,C,41,8.9708,5.0076,-2.9382
8480459,2021,C,82,35.2705,20.4833,-2.9443
8480466,2021,D,1,0.07,0.0221,0.0171
8480467,2021,D,8,2.8213,0.3579,-0.3813
8480727,2021,D,59,24.2688,4.4147,-1.5196
8480748,2021,L,11,2.0372,1.0118,0.411
8480762,2021,L,67,22.2053,11.8429,-4.6079
8480776,2021,R,1,-0.0216,0.2274,-0.1016
8480789,2021,R,73,19.9443,17.1502,2.0207
8480796,2021,D,85,21.7233,5.7384,-3.2154
8480797,2021,L,63,30.9886,14.1039,-0.7294
8480798,2021,C,67,17.8915,9.766,-1.4022
8480800,2021,D,76,69.5159,7.93,3.8483
8480801,2021,L,79,41.6399,40.7612,6.079
8480802,2021,C,87,20.943,11.9755,0.3679
8480803,2021,D,97,57.9991,12.2614,3.534
8480806,2021,C,80,33.3956,11.2633,-5.6302
8480807,2021,D,42,13.5851,2.1448,-3.2251
8480813,2021,C,66,12.581,7.2264,-3.7734
8480814,2021,D,2,-0.002,0.1623,-0.1179
8480817,2021,D,102,33.1382,6.5718,-4.6103
8480821,2021,R,74,20.2883,15.7166,0.0739
8480822,2021,R,6,-0.3365,0.0746,-0.5239
8480823,2021,D,1,-0.0187,0.0,-0.0077
8480829,2021,C,80,26.9789,12.5012,3.5806
8480830,2021,R,92,64.8467,38.639,7.9042
8480831,2021,D,15,2.2148,0.9501,-0.8031
8480835,2021,C,2,2.0323,0.884,0.2039
8480839,2021,D,80,55.3491,8.1658,-0.5162
8480842,2021,C,1,0.0,0.0,-0.257
8480844,2021,L,1,-0.2667,0.3462,0.1064
8480845,2021,C,62,8.4689,5.7461,-0.3447
8480846,2021,L,10,-0.2565,0.8159,-0.6821
8480847,2021,D,39,6.8645,1.1034,-1.2359
8480848,2021,C,2,-0.1718,0.0774,-0.2171
8480849,2021,C,60,26.3388,9.7478,-3.7472
8480853,2021,C,1,-0.0366,0.1008,-0.208
8480855,2021,C,10,2.85,1.2901,-0.4656
8480858,2021,C,1,-0.0049,0.0546,-0.1037
8480860,2021,D,17,3.7422,0.4985,-1.0301
8480863,2021,L,10,0.4319,1.3098,0.1901
8480865,2021,D,80,56.8061,9.6314,1.1916
8480870,2021,C,18,2.9811,2.7596,-0.9528
8480871,2021,D,52,23.7019,5.8285,0.161
8480873,2021,D,51,19.4451,2.8099,4.5187
8480878,2021,D,25,4.8841,1.3525,0.5785
8480879,2021,D,8,1.2304,0.2873,-0.3695
8480883,2021,D,66,22.9825,3.8765,0.7826
8480884,2021,D,15,4.5852,0.5521,0.7423
8480887,2021,D,10,1.6643,0.4629,-0.2519
8480890,2021,C,13,1.9288,2.3533,-0.1584
8480901,2021,C,44,8.8602,7.1948,-1.2781
8480913,2021,D,1,-0.2746,0.0,-0.0062
8480945,2021,D,5,0.8548,0.209,0.1239
8480950,2021,D,84,21.5114,2.6128,-5.2081
8480979,2021,C,10,3.5305,1.8411,0.0949
8480980,2021,C,36,6.5991,3.7667,-0.3948
8480988,2021,C,7,1.9246,1.436,0.1677
8480990,2021,D,2,0.0005,0.145,0.3212
8481003,2021,D,2,-0.013,0.0,-0.2711
8481004,2021,L,15,0.3053,1.3893,-0.8859
8481014,2021,D,79,19.5617,3.5425,-6.9168
8481019,2021,C,2,-0.1221,0.0,-0.0317
8481032,2021,L,7,1.5086,0.9272,-0.2073
8481058,2021,R,14,4.0638,1.3847,-0.447
8481059,2021,D,26,11.0279,0.8487,1.3016
8481061,2021,C,50,9.1926,4.6325,-1.2014
8481068,2021,C,76,42.9027,19.5977,-0.0907
8481077,2021,L,14,1.9839,1.8036,-0.1862
8481093,2021,L,4,1.0334,0.9578,-0.0544
8481102,2021,L,8,-0.5501,1.064,0.4607
8481122,2021,D,53,7.7058,2.2174,-3.2322
8481133,2021,L,1,-0.2605,0.074,-0.0935
8481147,2021,C,37,6.5328,2.1235,-3.291
8481161,2021,D,8,1.117,0.21,-0.2515
8481167,2021,D,2,0.033,0.0174,0.1264
8481178,2021,D,10,0.2653,0.1664,-0.3835
8481186,2021,R,98,25.197,14.941,-2.4828
8481239,2021,L,4,-0.2112,0.6121,0.0324
8481433,2021,L,15,3.4706,1.1349,-0.514
8481441,2021,C,12,6.2958,2.8081,0.2161
8481461,2021,D,24,6.9597,1.3509,-2.2565
8481477,2021,C,87,25.0343,11.1397,-2.1286
8481481,2021,C,77,24.3893,11.5436,-0.805
8481489,2021,D,1,-0.1014,0.0537,-0.2063
8481517,2021,R,37,5.6685,3.7847,0.1553
8481518,2021,L,7,3.7614,1.2628,0.2927
8481521,2021,D,15,5.4488,0.7472,-1.0243
8481522,2021,C,57,19.4456,5.5499,-0.4365
8481523,2021,C,70,20.1011,14.3534,1.214
8481524,2021,D,50,27.6379,5.6682,2.5994
8481527,2021,D,1,0.0126,0.0,0.0554
8481528,2021,C,79,32.8682,17.1966,-0.6752
8481530,2021,L,1,0.0327,0.1599,-0.0012
8481532,2021,C,8,-0.3542,0.7861,0.1555
8481533,2021,C,75,58.7879,20.7134,3.2025
8481535,2021,L,60,14.6552,16.0162,1.3341
8481537,2021,D,5,2.2788,0.2239,-0.3667
8481540,2021,R,67,42.7982,20.8542,2.1867
8481542,2021,D,82,57.5287,9.9887,-1.8959
8481546,2021,D,30,11.2654,1.5845,0.7782
8481550,2021,L,3,0.9757,0.1471,-0.0451
8481552,2021,D,1,0.0218,0.0709,-0.119
8481553,2021,R,10,3.3304,1.9931,0.4679
8481554,2021,R,62,21.464,10.3255,0.4489
8481555,2021,D,6,1.0278,0.0916,-0.4255
8481557,2021,L,53,37.3831,11.3349,2.2501
8481559,2021,C,49,52.9952,20.5516,2.8984
8481560,2021,R,87,24.7644,18.4281,4.5168
8481568,2021,D,15,2.6838,0.4224,-0.994
8481572,2021,D,12,4.9409,1.1646,-0.2805
8481575,2021,D,16,5.7827,0.7434,0.1332
8481577,2021,R,79,28.2049,12.0703,0.7577
8481580,2021,L,72,17.7436,12.0379,1.5314
8481581,2021,D,34,5.493,1.9577,-0.6333
8481582,2021,L,10,0.4706,0.9232,0.14
8481596,2021,C,5,0.4149,0.7439,-0.218
8481598,2021,D,24,3.2395,1.4307,-0.3545
8481599,2021,D,16,1.3025,0.6847,-0.7942
8481600,2021,D,70,12.2113,3.2152,-2.3236
8481604,2021,R,2,-0.0376,0.2702,0.3149
8481606,2021,D,27,9.0963,1.6656,0.5157
8481609,2021,D,32,4.9284,1.3019,-1.3316
8481617,2021,R,79,22.3059,11.5752,-0.2163
8481618,2021,C,83,33.3164,12.6341,2.2546
8481624,2021,R,60,32.1131,21.4711,0.7242
8481626,2021,C,18,4.6444,1.8488,-0.3027
8481641,2021,L,63,5.1345,6.3682,-0.4186
8481655,2021,R,3,-0.4219,0.2969,0.1387
8481656,2021,L,33,8.265,4.0213,0.6843
8481657,2021,C,1,-0.0242,0.2689,-0.127
8481701,2021,D,9,2.615,0.0827,-0.0368
8481703,2021,R,1,1.0816,0.1286,0.1309
8481708,2021,D,12,3.1591,0.4504,0.1345
8481711,2021,L,23,4.8322,1.8482,-0.7511
8481720,2021,C,9,0.824,1.3846,0.3777
8481740,2021,R,2,-0.2838,0.3307,0.1595
8481815,2021,R,1,-0.0634,0.1223,0.0131
8481827,2021,L,2,-0.5752,0.1626,0.0601
8481849,2021,D,3,-0.2704,0.0426,-0.0653
8482055,2021,L,24,4.2427,4.3906,1.0773
8482061,2021,L,1,-0.0013,0.0,-0.0836
8482062,2021,R,8,-0.2317,0.3726,-0.4662
8482067,2021,D,3,0.9114,0.2384,0.3957
8482070,2021,R,2,-0.1273,0.1015,0.246
8482072,2021,D,6,1.6298,0.247,0.1385
8482073,2021,D,63,18.6665,1.7271,-2.0447
8482077,2021,L,1,0.0185,0.0,-0.0409
8482078,2021,L,82,53.8821,24.3237,4.0913
8482079,2021,C,2,-0.0827,0.3454,0.1266
8482089,2021,L,9,1.6895,0.957,-0.4411
8482093,2021,R,82,42.9718,18.4656,5.3695
8482097,2021,R,2,2.0025,0.4374,-0.4503
8482109,2021,L,99,35.3852,14.8542,1.736
8482110,2021,C,82,36.8329,21.1058,2.1468
8482111,2021,D,7,2.4573,0.6876,-0.9661
8482113,2021,C,74,49.5667,16.3485,-1.9406
8482116,2021,C,79,58.4364,24.6742,6.0428
8482117,2021,L,11,0.1559,2.1619,0.3266
8482124,2021,R,42,9.2304,5.4306,0.0532
8482125,2021,R,9,1.8421,1.2653,-0.3701
8482133,2021,C,8,5.6291,1.4364,-0.0001
8482142,2021,D,81,34.299,8.4786,0.583
8482148,2021,C,6,0.8018,1.0027,-0.1091
8482149,2021,C,18,6.7745,2.7972,0.5623
8482150,2021,R,1,-0.187,0.0,-0.2136
8482175,2021,R,2,-0.0694,0.314,-0.0646
8482192,2021,D,4,0.3456,0.0804,-0.0797
8482197,2021,R,5,-0.259,0.1591,-0.296
8482222,2021,L,70,37.938,12.4242,-0.0026
8482241,2021,L,17,5.3777,1.1196,0.9818
8482243,2021,R,1,0.0525,0.023,-0.1035
8482245,2021,D,81,25.1233,4.3586,-5.4548
8482408,2021,L,1,-0.0439,0.0,-0.0125
8482475,2021,R,62,13.3084,9.0863,-1.6829
8482624,2021,D,11,1.3601,0.6737,0.0345
8482634,2021,C,3,1.3398,0.1808,-0.1238
8482635,2021,L,21,0.509,1.3731,-0.6335
8482641,2021,D,10,3.1686,0.4544,-0.9343
8482652,2021,R,1,-0.0131,0.0,-0.0106
8482654,2021,C,11,1.0204,0.587,-0.4031
8482655,2021,D,43,17.1591,2.6829,-3.8182
8482660,2021,C,9,2.2864,0.4382,0.3044
8482665,2021,C,10,8.6718,2.0706,0.4727
8482667,2021,L,9,3.4113,1.6315,0.4033
8482671,2021,D,8,3.3094,0.8513,-0.0098
8482705,2021,C,79,24.5449,18.9807,-1.1309
8482745,2021,C,9,2.6328,1.4906,0.2716
8482815,2021,C,3,-0.216,0.0214,0.0591
8482834,2021,R,7,0.5337,1.0253,0.1691
8483397,2021,C,11,2.3517,1.6938,0.1764
8483565,2021,D,7,3.2621,0.6916,-0.1606
8483570,2021,C,5,1.0725,0.9552,-0.0334
8470595,2022,C,93,33.0066,14.2232,-3.6673
8470600,2022,D,101,34.067,4.7815,2.7279
8470604,2022,C,79,28.3066,16.0023,-2.0661
8470610,2022,L,88,28.5945,28.0627,-2.599
8470613,2022,D,97,64.7018,16.6677,5.6205
8470621,2022,R,87,22.9428,17.5405,5.3175
8470638,2022,C,81,45.1405,33.6724,7.9499
8470794,2022,C,96,81.0335,32.6273,8.6693
8470966,2022,D,89,27.4972,5.8095,-1.2448
8471214,2022,L,73,61.2943,34.6083,5.242
8471215,2022,C,82,73.4811,28.238,9.3771
8471218,2022,R,77,53.6573,16.7513,1.1901
8471274,2022,D,46,6.2984,2.4993,-0.6423
8471276,2022,C,74,52.8966,14.0785,3.818
8471303,2022,D,68,13.9063,1.377,-2.2247
8471669,2022,C,88,18.5399,13.3189,3.8056
8471675,2022,C,82,66.232,28.8007,6.9399
8471677,2022,D,86,11.5757,4.023,-8.4729
8471685,2022,C,88,69.8145,21.0443,2.2384
8471686,2022,D,103,19.6162,4.3543,-7.1337
8471698,2022,R,58,24.5709,18.9057,2.3125
8471699,2022,C,83,17.9667,8.2604,-3.442
8471709,2022,D,78,20.011,3.4198,-4.419
8471724,2022,D,64,42.4597,8.689,4.6741
8471794,2022,C,12,-0.2032,1.1108,-0.5705
8471817,2022,R,79,10.4498,6.2002,-0.0535
8471873,2022,D,8,0.0121,0.2384,0.0807
8471887,2022,R,22,2.5178,4.8108,1.239
8473419,2022,L,80,68.5834,24.8874,7.9313
8473422,2022,L,66,23.4618,8.2186,2.1065
8473446,2022,D,70,11.8034,4.7651,-3.8621
8473449,2022,R,75,24.0843,17.0774,-1.1167
8473453,2022,C,82,16.5317,12.7254,-1.6162
8473473,2022,L,77,13.6951,7.7556,0.3614
8473504,2022,R,55,7.6657,5.6958,-3.3715
8473507,2022,D,61,32.4903,5.2431,-0.601
8473512,2022,R,82,79.7285,21.4994,3.6527
8473533,2022,C,96,51.0452,20.5645,-1.5624
8473544,2022,C,62,19.0337,11.2976,1.2879
8473548,2022,R,86,32.0893,15.1027,2.3089
8473563,2022,C,39,18.5376,9.2128,1.8881
8473604,2022,C,53,22.6419,12.2042,-1.6546
8473986,2022,L,88,63.8519,24.4643,-0.1108
8473994,2022,L,99,70.8803,28.9404,5.0253
8474009,2022,C,62,22.1135,11.5017,-1.5764
8474013,2022,D,84,21.1593,5.3954,-3.9048
8474027,2022,D,51,2.5988,1.1859,-3.1519
8474031,2022,D,75,24.7197,6.5343,-5.1128
8474034,2022,L,86,8.6038,8.7781,-0.1127
8474037,2022,L,61,26.9112,15.1041,1.6485
8474040,2022,C,48,10.741,7.2193,1.0202
8474053,2022,C,82,70.7286,25.1307,1.691
8474089,2022,C,10,-0.7391,0.969,-0.1437
8474090,2022,D,63,9.5,4.0603,0.7369
8474102,2022,L,82,50.3443,22.8617,5.1212
8474141,2022,R,80,53.7276,21.8101,-0.1018
8474145,2022,D,43,5.4021,1.833,-3.898
8474149,2022,L,89,36.6775,16.0608,1.1508
8474150,2022,C,82,51.679,28.749,3.7322
8474151,2022,D,71,23.0026,5.0307,-7.6995
8474157,2022,L,5,2.9781,1.7953,0.3362
8474161,2022,R,11,6.2319,2.0023,0.5393
8474162,2022,D,4,1.0266,0.4491,0.2277
8474166,2022,D,99,28.1229,6.4951,-3.0359
8474189,2022,C,91,23.3639,14.1547,-1.3203
8474190,2022,R,18,1.4765,0.5311,-0.2535
8474207,2022,D,65,18.636,3.7019,-4.7113
8474218,2022,D,1,0.0726,0.0378,0.0879
8474563,2022,D,87,60.4108,9.915,2.9062
8474564,2022,C,87,74.6855,32.7008,5.8604
8474565,2022,D,94,68.0698,12.145,0.8447
8474567,2022,D,51,8.0565,2.5156,-1.074
8474568,2022,D,81,26.8143,3.3579,-3.0789
8474573,2022,R,64,21.2142,8.2768,-1.8269
8474574,2022,D,78,18.6802,5.0158,-6.0496
8474578,2022,D,82,97.4835,13.5052,5.959
8474586,2022,R,96,62.8031,21.9963,2.9346
8474590,2022,D,40,28.4994,8.6436,3.0451
8474600,2022,D,67,54.799,19.6168,2.9205
8474602,2022,D,87,40.8851,6.7342,4.0669
8474610,2022,C,27,3.6698,2.7002,-0.6785
8474612,2022,D,75,23.9154,5.9987,-4.417
8474613,2022,C,84,13.2914,9.3644,0.1264
8474618,2022,D,20,2.3189,0.6856,-1.0112
8474628,2022,D,48,10.8997,2.887,1.3643
8474641,2022,C,62,33.3941,19.9632,-3.2525
8474673,2022,D,69,21.2008,3.7548,-0.3885
8474679,2022,R,57,27.3852,14.4761,-1.3889
8474683,2022,C,46,21.7028,8.0621,-4.7772
8474697,2022,D,4,0.0389,0.0171,-0.0707
8474709,2022,L,87,15.1348,7.6593,-1.641
8474716,2022,D,85,37.198,10.7503,-2.5493
8474818,2022,D,12,3.0942,1.0334,-0.6017
8474870,2022,C,56,26.2325,15.136,-0.1363
8474884,2022,C,67,28.6321,13.6029,0.0154
8475149,2022,L,86,43.177,19.4378,3.6495
8475151,2022,C,61,34.4087,16.0419,2.1796
8475158,2022,C,64,37.8978,16.364,0.082
8475160,2022,L,2,0.6618,0.2455,-0.0063
8475163,2022,R,20,7.9179,4.2039,0.1394
8475164,2022,R,81,21.2495,11.2662,-7.9619
8475166,2022,C,91,55.9556,52.9038,10.6134
8475167,2022,D,81,52.3295,10.647,1.2666
8475168,2022,C,71,47.6252,22.0545,2.7662
8475169,2022,L,53,22.8382,22.3024,1.1416
8475170,2022,C,82,56.8797,18.691,-1.3789
8475171,2022,D,54,21.0769,3.3001,-2.2683
8475172,2022,C,82,43.6678,26.7279,7.6179
8475177,2022,D,53,13.6985,2.277,0.6492
8475178,2022,R,51,0.568,2.9684,-1.7603
8475179,2022,D,67,18.2777,4.664,-11.4783
8475181,2022,D,78,24.5759,4.4381,-3.7945
8475184,2022,L,86,54.1948,35.6755,4.3715
8475188,2022,D,103,28.1117,5.0395,-3.2269
8475191,2022,R,100,64.3467,28.8345,2.1079
8475193,2022,L,94,43.0212,27.1267,7.0825
8475197,2022,D,85,55.069,9.5078,4.7395
8475200,2022,D,73,45.2726,9.4717,-1.0708
8475208,2022,D,82,30.2175,4.9838,-6.042
8475218,2022,D,90,39.5501,9.1589,-3.5108
8475220,2022,L,71,14.9804,11.1595,1.0837
8475225,2022,C,64,11.2972,10.2835,0.5585
8475227,2022,D,46,4.9956,0.9677,-2.2147
8475231,2022,C,87,29.4642,13.4531,-5.8315
8475233,2022,D,62,22.5977,3.3415,-9.8519
8475235,2022,L,80,6.4635,5.9946,-2.6726
8475278,2022,C,9,1.6678,1.7142,0.3525
8475279,2022,D,76,20.8701,6.1293,-5.1332
8475287,2022,L,92,40.2916,22.2569,2.4744
8475314,2022,L,88,43.9761,31.8742,6.272
8475324,2022,D,77,33.1577,5.997,-3.7351
8475343,2022,C,65,40.2216,7.9371,-3.1734
8475455,2022,D,87,26.4636,4.0989,-3.6537
8475461,2022,L,4,2.5484,1.4883,-0.1832
8475462,2022,D,93,28.3188,4.9004,-3.6344
8475625,2022,D,61,8.0024,2.8211,-2.0052
8475690,2022,D,65,17.0423,2.8733,0.9181
8475692,2022,R,84,69.8895,25.6122,7.6404
8475714,2022,C,84,36.4648,14.3485,0.0045
8475718,2022,D,88,27.4057,3.9518,-4.1468
8475722,2022,L,78,38.9129,23.823,3.8262
8475726,2022,C,82,66.4675,29.2163,7.8753
8475744,2022,C,81,49.6793,21.2285,0.0837
8475745,2022,C,89,48.7032,17.6938,-2.2028
8475747,2022,D,75,7.8956,2.575,-9.267
8475750,2022,D,75,15.792,2.52,-1.5552
8475752,2022,C,61,14.0543,5.2272,-2.043
8475753,2022,D,82,49.1281,12.1558,-3.687
8475754,2022,C,88,71.3884,28.2448,4.584
8475760,2022,C,90,42.5185,19.2453,-4.9998
8475762,2022,D,61,16.2465,2.08,-2.4222
8475763,2022,R,81,43.8419,17.6043,1.0231
8475764,2022,D,82,48.0309,8.1263,-8.4462
8475765,2022,R,76,50.306,21.9655,1.2487
8475766,2022,L,75,7.0686,7.9251,-3.7127
8475768,2022,L,85,37.1121,27.2974,3.2219
8475772,2022,C,2,-0.274,0.0,-0.029
8475780,2022,R,1,-0.0639,0.0,-0.0368
8475784,2022,L,79,69.8972,30.6439,4.3956
8475786,2022,L,91,81.0991,55.0621,11.7225
8475790,2022,D,70,17.3348,4.7038,-7.4059
8475791,2022,L,68,39.6145,21.2618,4.9077
8475793,2022,C,55,16.7093,12.6188,2.7485
8475794,2022,C,95,49.9418,30.7234,5.8574
8475795,2022,D,6,0.9647,0.0453,-0.1838
8475797,2022,D,44,10.1256,1.3501,-5.0055
8475798,2022,C,79,38.0696,18.2434,0.2755
8475799,2022,R,83,38.0455,24.9556,4.0134
8475810,2022,R,81,38.4153,26.6477,1.3064
8475825,2022,D,97,26.8484,5.299,-5.519
8475842,2022,C,52,6.5182,4.2298,-4.6862
8475848,2022,R,37,10.4213,9.4085,0.2535
8475855,2022,R,95,34.4363,13.24,0.7116
8475857,2022,D,23,2.0356,0.7029,-0.75
8475906,2022,D,71,36.3975,7.2887,-2.2099
8475913,2022,R,65,60.2644,27.0676,5.0995
8475968,2022,R,31,13.5948,3.3182,-1.678
8476166,2022,D,4,0.2283,0.198,0.3342
8476278,2022,C,53,10.3248,4.4392,-3.4582
8476292,2022,L,61,27.3216,12.3198,4.7291
8476310,2022,C,30,8.1554,5.3398,-0.6152
8476312,2022,D,32,10.4689,2.306,-0.8101
8476326,2022,R,62,10.004,7.3586,-1.0762
8476329,2022,C,82,30.7997,13.6676,-4.029
8476331,2022,D,80,31.6728,5.763,-5.535
8476346,2022,L,80,68.2284,25.0704,3.1479
8476372,2022,D,77,17.9937,3.7418,-1.3293
8476374,2022,C,71,29.8105,10.7595,-7.2353
8476389,2022,C,89,45.0999,31.6359,4.5445
8476390,2022,C,4,0.8332,0.1572,-0.2303
8476392,2022,C,87,44.1595,18.3813,-2.9558
8476393,2022,C,100,29.6462,13.0551,0.8995
8476396,2022,C,2,0.0763,0.0,0.0331
8476399,2022,L,82,30.4246,23.4187,3.0559
8476404,2022,C,3,0.6701,0.0668,-0.3173
8476410,2022,L,51,12.4911,8.5738,0.5239
8476419,2022,C,76,36.5167,17.1734,-1.8285
8476422,2022,D,10,1.4657,0.6639,0.5395
8476429,2022,D,88,28.1545,6.4151,-8.7355
8476432,2022,C,68,34.9177,28.8763,1.1721
8476438,2022,L,71,33.6052,15.9301,-1.9473
8476439,2022,R,50,10.0962,5.5475,0.0182
8476441,2022,D,61,15.544,3.1845,-7.2636
8476442,2022,L,88,18.7916,14.9236,-1.6803
8476448,2022,C,104,63.4615,27.6025,0.8353
8476449,2022,D,45,10.9912,1.893,-2.2189
8476453,2022,R,88,107.2434,31.0684,8.7376
8476454,2022,C,94,113.116,32.9541,7.4727
8476456,2022,L,79,52.9611,17.6661,7.2051
8476457,2022,D,96,40.2526,8.1407,-6.1739
8476458,2022,C,82,33.8045,15.0489,-4.2713
8476459,2022,C,89,94.519,30.1452,2.5018
8476460,2022,C,85,55.5339,30.8489,4.8702
8476462,2022,D,94,72.5034,17.4821,11.7503
8476463,2022,D,66,15.3516,5.7064,-3.0673
8476467,2022,D,89,31.4147,4.6083,-4.873
8476468,2022,C,81,73.4778,27.7461,3.0028
8476469,2022,R,43,11.2144,8.009,-3.2968
8476470,2022,D,52,4.5237,1.7383,-5.9597
8476473,2022,D,80,17.9987,3.3655,-10.0483
8476474,2022,R,93,36.0558,22.2358,6.9525
8476479,2022,C,88,54.9901,18.6629,1.4255
8476480,2022,C,82,22.6018,13.8322,2.1092
8476483,2022,R,82,53.4675,31.8134,5.1335
8476525,2022,D,89,23.5151,5.0231,1.9183
8476539,2022,R,98,70.7595,34.5043,7.2077
8476624,2022,C,89,30.8729,10.3581,-3.6481
8476779,2022,D,48,9.1481,2.0075,0.268
8476792,2022,D,63,33.3238,6.7746,0.902
8476822,2022,C,87,13.445,8.6344,-3.0686
8476826,2022,C,95,53.9634,17.5742,-0.2788
8476850,2022,D,13,3.1967,0.5534,-0.1125
8476851,2022,C,11,-0.5722,0.5172,0.1107
8476853,2022,D,76,53.949,9.3637,6.7508
8476854,2022,D,87,53.4971,11.4122,3.8827
8476856,2022,D,85,14.664,6.1898,-2.8686
8476858,2022,L,30,8.4511,6.9874,0.7941
8476867,2022,C,5,0.2977,0.588,-0.2097
8476869,2022,D,96,41.0003,12.1074,0.1982
8476871,2022,L,14,3.0344,1.7914,-0.137
8476872,2022,C,78,42.711,15.1533,-3.7459
8476873,2022,L,50,13.5198,6.6357,-2.4951
8476874,2022,D,78,27.7685,2.7363,-4.0958
8476875,2022,D,48,32.3332,8.6462,-3.5609
8476878,2022,C,80,19.5511,13.9613,-2.8154
8476879,2022,D,92,20.7299,5.002,-4.8939
8476880,2022,R,33,18.9032,9.6505,-1.16
8476881,2022,C,79,43.9155,27.5035,4.1763
8476882,2022,C,74,34.7431,14.9895,1.8132
8476884,2022,D,8,1.801,0.2828,-0.324
8476885,2022,D,89,33.713,11.02,-2.2445
8476887,2022,L,50,36.6908,16.3339,2.2683
8476889,2022,C,100,24.0733,12.596,-2.4951
8476891,2022,D,79,25.8744,4.741,2.2252
8476892,2022,D,79,30.0707,6.8208,-5.9488
8476897,2022,C,68,27.1454,12.3148,1.9152
8476902,2022,D,101,32.3521,9.63,-5.9104
8476905,2022,C,103,63.9439,22.092,2.9257
8476906,2022,D,90,43.8228,11.5089,0.988
8476907,2022,L,8,1.4766,0.7456,0.4613
8476913,2022,C,47,8.6072,4.4479,0.4204
8476915,2022,L,51,12.3603,7.38,-3.5159
8476917,2022,D,67,24.4158,5.3737,-5.1452
8476918,2022,L,88,24.6146,16.5793,-0.6168
8476919,2022,C,36,11.182,1.1784,-2.4541
8476921,2022,L,97,36.978,22.1355,-1.4477
8476923,2022,D,93,35.8264,6.7566,8.9498
8476925,2022,C,82,43.2037,11.3242,-8.5037
8476927,2022,C,69,21.8802,10.6177,-2.4589
8476931,2022,D,87,31.4866,5.6424,-4.1954
8476934,2022,L,75,16.2282,9.2106,-5.7413
8476941,2022,D,1,1.1534,0.044,-0.0963
8476948,2022,L,9,-0.3629,1.8197,-0.1232
8476952,2022,C,5,0.8734,0.5506,-0.1886
8476958,2022,D,91,37.8087,7.3867,-0.812
8476960,2022,C,81,33.1925,19.0506,-2.0896
8476967,2022,D,94,24.3362,6.1147,-0.6822
8476979,2022,D,72,43.6849,6.905,2.68
8476981,2022,R,69,22.8691,23.7405,-2.2174
8476988,2022,D,77,28.3238,2.8101,-6.9155
8476994,2022,C,26,9.8501,3.1285,-0.3049
8477015,2022,R,4,-0.2494,0.5229,-0.2736
8477018,2022,D,33,10.1918,3.0027,0.9909
8477021,2022,C,93,27.3851,17.3635,0.9598
8477034,2022,D,54,15.3806,2.9243,-1.2653
8477070,2022,C,56,6.6481,3.1934,-2.5036
8477073,2022,L,44,6.6312,1.1429,-0.6701
8477126,2022,C,55,7.5138,4.173,-2.5761
8477210,2022,R,9,2.4238,0.8953,-0.2582
8477220,2022,D,76,22.4031,6.2708,-0.2246
8477244,2022,D,47,5.5418,1.7516,-1.2257
8477320,2022,L,14,-0.7194,0.7971,0.1518
8477330,2022,L,81,37.8687,21.1709,3.1866
8477335,2022,D,48,10.1072,2.1802,-0.2677
8477341,2022,L,13,2.4779,2.2667,0.1341
8477346,2022,D,81,33.9597,8.6415,5.0976
8477353,2022,C,69,18.5873,13.3501,-3.9641
8477357,2022,R,69,8.197,5.3038,-2.6013
8477359,2022,D,3,1.0221,0.1006,-0.1306
8477365,2022,D,81,28.7128,5.4392,0.5273
8477369,2022,D,92,21.6527,4.4139,-1.2144
8477380,2022,C,17,0.5486,1.9121,-0.0969
8477384,2022,D,68,8.6614,3.6308,-9.314
8477392,2022,R,55,17.3447,9.8512,-0.5245
8477401,2022,C,7,1.7826,1.0778,-0.1613
8477402,2022,L,63,61.9012,15.2805,-0.8176
8477404,2022,C,78,65.3682,37.8031,5.7843
8477406,2022,C,71,21.5633,10.9941,-2.7048
8477407,2022,L,40,16.7485,10.6186,0.2127
8477409,2022,C,102,77.2028,38.2982,5.7054
8477416,2022,R,95,46.5821,23.3935,3.2543
8477425,2022,L,84,20.4444,18.1284,1.5461
8477426,2022,L,86,28.421,16.4358,-1.8495
8477429,2022,C,82,42.7126,12.6925,-4.7001
8477433,2022,D,42,8.4835,1.0209,-1.6584
8477435,2022,D,88,30.559,7.1079,-1.3867
8477444,2022,L,49,35.9452,8.624,1.6402
8477446,2022,C,32,3.0032,3.7378,-1.493
8477447,2022,D,76,54.1472,11.3541,5.4653
8477450,2022,C,78,29.473,12.1799,-5.0245
8477451,2022,R,64,38.6159,15.5249,0.9555
8477454,2022,L,61,12.7954,7.1143,-2.4665
8477456,2022,L,89,59.9339,23.0378,0.0579
8477460,2022,C,21,0.7144,2.7625,0.0948
8477462,2022,D,38,9.165,1.8847,-2.044
8477463,2022,D,4,1.3407,0.096,-0.0582
8477464,2022,C,10,3.3295,0.8361,-0.0843
8477467,2022,D,3,0.1236,0.2546,-0.0351
8477471,2022,D,3,0.0,0.0185,0.0475
8477476,2022,L,71,49.7633,20.6397,5.1648
8477478,2022,L,74,23.395,17.9133,2.0592
8477479,2022,L,57,35.3787,15.3312,3.5785
8477482,2022,L,16,2.7235,2.024,-0.096
8477488,2022,D,97,38.7829,7.8007,-0.811
8477492,2022,C,78,107.2124,41.4585,7.2507
8477493,2022,C,89,81.8927,30.1114,2.8412
8477494,2022,L,58,24.7956,8.3633,-1.2855
8477495,2022,D,72,39.4694,11.5846,-1.2338
8477496,2022,C,80,65.2305,26.3285,3.8875
8477497,2022,C,25,14.0259,8.1945,-0.3722
8477498,2022,D,93,45.8237,14.6017,-1.8981
8477499,2022,D,74,24.0829,4.0997,-4.9488
8477500,2022,C,85,60.6109,35.0418,2.5208
8477501,2022,R,55,44.0472,22.8118,2.0529
8477503,2022,C,99,53.1172,25.7877,1.3025
8477504,2022,D,81,76.5935,11.1235,5.3475
8477505,2022,C,96,46.4147,16.2229,-2.6795
8477506,2022,D,88,32.4857,6.3327,-1.5105
8477507,2022,D,82,22.7942,7.7278,0.5254
8477508,2022,C,55,5.7399,7.2199,-1.8434
8477511,2022,R,67,21.3433,13.5601,2.8699
8477520,2022,C,4,-0.1929,0.0912,-0.117
8477527,2022,L,16,1.0488,0.2031,-0.3232
8477541,2022,D,2,-0.0694,0.045,-0.0081
8477573,2022,L,56,8.6787,4.4043,-2.7591
8477810,2022,D,39,4.4327,0.7294,1.1173
8477839,2022,L,82,30.6332,17.7017,-3.0999
8477845,2022,D,75,25.5425,5.1327,-3.0423
8477846,2022,C,22,2.6312,1.8162,-0.9446
8477851,2022,D,52,11.3981,2.7256,-1.2081
8477887,2022,C,61,11.2087,4.0534,-3.1715
8477903,2022,R,91,19.3587,11.7043,-1.5266
8477919,2022,C,88,53.3179,21.569,-3.6042
8477930,2022,L,79,19.8542,5.6556,-4.1581
8477931,2022,L,73,22.826,10.6244,-3.47
8477932,2022,D,91,44.693,17.5618,1.513
8477933,2022,C,103,74.3956,44.6607,7.7844
8477934,2022,C,92,125.2199,39.2174,10.8015
8477935,2022,C,83,46.747,31.0269,5.6528
8477938,2022,D,30,2.9071,1.6857,-0.3038
8477939,2022,R,93,88.2512,41.2873,12.1092
8477940,2022,L,46,35.1761,12.776,3.4806
8477941,2022,L,74,19.0788,16.8569,0.6225
8477942,2022,L,72,70.6475,31.006,3.9882
8477944,2022,L,25,13.2309,8.1075,-0.6784
8477946,2022,C,80,66.3928,31.2488,0.8671
8477947,2022,L,64,27.735,8.8119,-0.7895
8477948,2022,D,81,24.5135,7.5755,-5.4035
8477949,2022,R,74,72.1712,27.0132,1.4019
8477950,2022,D,70,42.1705,9.5028,-2.5875
8477951,2022,C,63,53.1353,18.3722,0.232
8477952,2022,C,28,12.3531,4.5065,0.0639
8477953,2022,R,66,29.8489,10.9189,-2.2926
8477955,2022,L,87,66.5866,20.5286,2.9412
8477956,2022,R,89,105.7758,48.3968,10.2399
8477960,2022,R,88,71.2069,34.121,3.38
8477962,2022,L,45,5.1657,4.4626,0.2649
8477964,2022,L,104,55.9887,20.8902,0.5643
8477969,2022,D,68,25.6802,5.186,-0.9471
8477971,2022,D,47,6.7719,1.0778,-1.2071
8477979,2022,R,53,6.6973,7.4754,0.8855
8477981,2022,D,6,-0.3,0.1205,-0.4776
8477986,2022,D,101,83.2029,21.9374,8.5362
8477987,2022,C,85,22.671,13.558,1.9401
8477989,2022,C,64,26.1266,14.4263,-4.6628
8477993,2022,C,7,-0.1131,0.3622,-0.1119
8477998,2022,L,79,25.5359,18.8996,4.1403
8478010,2022,C,88,87.13,42.4814,8.0672
8478013,2022,D,63,20.1331,7.4118,-2.6967
8478017,2022,D,23,6.1505,1.5759,-1.1779
8478020,2022,R,83,32.8753,14.5278,1.3794
8478028,2022,L,30,2.9314,3.5167,1.0761
8478038,2022,D,87,61.7724,10.1833,-0.1129
8478042,2022,L,83,58.2811,27.6377,5.8
8478043,2022,C,79,29.8231,9.9784,-3.4995
8478046,2022,L,65,20.5224,10.1301,1.3468
8478047,2022,L,89,44.7757,26.7842,4.6443
8478051,2022,C,9,-0.5257,0.5527,-0.5749
8478055,2022,D,103,47.1814,12.5009,-5.6304
8478057,2022,C,79,17.2132,10.4289,-1.9017
8478058,2022,L,1,-0.0036,0.0,0.0495
8478062,2022,D,15,-0.0041,0.5972,-0.3477
8478067,2022,L,73,11.711,7.7665,-2.9898
8478075,2022,L,14,6.506,1.9376,-0.9834
8478078,2022,C,6,0.1814,1.0473,0.3144
8478099,2022,R,72,26.9912,13.3812,0.681
8478104,2022,L,71,20.2431,8.6421,-0.8912
8478109,2022,L,75,37.0065,16.5019,1.6139
8478115,2022,L,82,25.1119,15.8536,4.091
8478131,2022,R,1,-0.0683,0.0,0.0851
8478133,2022,C,54,25.0095,5.3223,-6.6478
8478136,2022,D,85,22.1235,5.3822,-4.6069
8478146,2022,C,2,-0.1814,0.1214,-0.0783
8478147,2022,L,5,-0.258,0.0,-0.3957
8478173,2022,R,1,0.0,0.0,0.0262
8478178,2022,D,23,5.3608,1.8495,-1.0177
8478211,2022,L,37,0.6356,2.0528,0.6296
8478224,2022,C,3,0.9264,0.0,-0.5915
8478233,2022,L,82,37.8779,26.0326,5.9341
8478366,2022,R,81,33.6976,22.7162,-6.2707
8478367,2022,C,1,-0.2646,0.0,-0.1931
8478373,2022,R,3,0.1824,0.4175,-0.0428
8478396,2022,D,81,37.0056,10.3759,1.6238
8478397,2022,D,79,53.3182,9.9059,2.8497
8478398,2022,L,87,74.7417,35.0595,5.6159
8478399,2022,D,91,31.7935,4.1701,-1.0194
8478400,2022,C,89,14.4816,7.3764,-1.502
8478401,2022,C,89,54.7084,18.356,2.9825
8478402,2022,C,94,168.9946,62.1419,12.2128
8478403,2022,C,89,85.7349,29.6393,4.8948
8478407,2022,D,95,72.1269,10.2775,2.146
8478408,2022,D,11,1.1472,0.2743,-0.3524
8478409,2022,C,13,3.3784,1.6772,-0.7301
8478413,2022,L,62,5.629,11.0568,-0.1433
8478414,2022,R,89,58.8426,39.3886,7.6352
8478415,2022,D,22,5.3126,0.7208,-0.2019
8478416,2022,D,71,20.3834,4.2007,-4.0613
8478420,2022,R,89,95.9461,37.1349,8.5093
8478421,2022,L,61,9.2009,7.2195,0.9922
8478424,2022,C,22,3.5917,2.1171,0.7664
8478427,2022,C,90,68.7629,36.9122,6.6146
8478431,2022,L,59,9.0957,6.4891,-1.4201
8478432,2022,R,80,22.519,13.4967,-7.3394
8478434,2022,R,96,14.27,8.0171,1.2656
8478438,2022,C,51,40.1304,10.9732,0.9845
8478439,2022,R,60,53.787,22.9941,-2.6863
8478440,2022,C,81,51.3192,22.2033,3.4464
8478443,2022,D,82,24.6454,6.5783,-2.1618
8478444,2022,R,74,47.2063,22.7264,2.9916
8478445,2022,C,64,46.6931,16.6477,4.6071
8478446,2022,C,3,0.4544,0.2068,-0.1204
8478449,2022,C,92,90.5443,34.5385,9.0812
8478450,2022,D,12,1.1555,0.3228,-0.0062
8478451,2022,D,61,18.0679,4.0102,-2.2583
8478452,2022,D,73,16.3354,5.1674,-0.6401
8478454,2022,D,12,0.9505,0.217,-0.4527
8478455,2022,L,7,1.2971,1.126,-0.3649
8478458,2022,C,77,36.7971,13.4436,-2.5568
8478460,2022,D,13,8.4406,2.3234,1.3772
8478462,2022,C,87,41.4642,20.764,1.2119
8478463,2022,R,82,32.8365,20.825,3.023
8478465,2022,D,17,3.2679,0.7622,-0.2886
8478466,2022,R,76,41.7434,14.4633,3.0101
8478468,2022,D,67,14.1584,3.8143,-7.2758
8478469,2022,D,68,41.522,10.2366,6.0655
8478472,2022,R,56,15.3637,8.9665,-2.3195
8478474,2022,L,77,37.2692,19.6193,-5.4626
8478476,2022,D,15,2.1499,0.9162,-0.1182
8478483,2022,R,91,105.5192,24.7629,6.3865
8478491,2022,D,7,0.1874,0.1046,0.0902
8478493,2022,C,79,49.2528,35.0688,3.221
8478495,2022,R,66,13.7833,11.0128,-0.029
8478498,2022,L,71,53.1008,30.5496,7.3288
8478500,2022,D,82,27.6994,5.8693,-7.1082
8478502,2022,D,23,5.5698,0.3437,0.5655
8478506,2022,D,6,2.1506,0.2761,-0.62
8478507,2022,D,76,24.973,4.8605,-1.5925
8478508,2022,C,77,18.0589,15.2424,-3.166
8478512,2022,C,29,5.7901,2.6908,-0.5741
8478519,2022,C,64,37.6603,16.5765,-0.6709
8478542,2022,C,76,40.4257,22.6754,3.98
8478550,2022,L,89,87.5824,20.976,7.7881
8478569,2022,C,88,28.7313,14.5155,-4.085
8478585,2022,C,91,22.8982,14.005,-0.4249
8478831,2022,C,59,15.8527,8.343,-2.6025
8478840,2022,D,96,28.6666,3.2586,-2.7192
8478841,2022,D,46,7.0605,1.7147,-3.5507
8478843,2022,C,72,16.7575,12.3299,2.6497
8478846,2022,D,16,3.2208,0.8181,0.5757
8478851,2022,D,43,11.2468,2.7465,-1.5112
8478856,2022,R,81,41.1619,14.9626,0.6199
8478859,2022,D,88,10.4525,3.1224,-6.829
8478864,2022,L,73,70.7668,37.3596,7.9821
8478870,2022,L,17,4.8226,3.0336,1.1012
8478873,2022,R,70,57.606,24.9726,-0.8558
8478881,2022,L,7,0.2731,0.8761,0.0835
8478882,2022,D,78,21.5454,7.0107,-5.7486
8478891,2022,C,46,13.8101,8.1778,-0.4921
8478904,2022,C,80,18.4546,13.2179,-3.2289
8478911,2022,D,88,34.4071,7.8363,-0.5958
8478967,2022,C,27,4.9574,4.1924,-1.2361
8478970,2022,D,93,21.7373,5.1289,0.7426
8478975,2022,L,86,28.6998,20.1194,3.0641
8479026,2022,D,11,3.3052,0.6192,0.048
8479066,2022,L,95,15.1118,14.9948,-1.058
8479252,2022,D,1,0.0014,0.2146,0.0539
8479291,2022,C,17,0.7881,1.1459,0.1396
8479293,2022,L,96,36.8434,16.7147,-5.1048
8479304,2022,C,1,1.1355,0.3198,0.0612
8479314,2022,L,99,122.256,52.747,14.7085
8479315,2022,R,38,9.6618,2.9915,-1.2075
8479316,2022,C,31,9.3538,6.1063,-1.6022
8479318,2022,C,85,85.7808,46.891,12.2987
8479320,2022,D,3,-0.0176,0.0416,0.089
8479321,2022,D,2,0.1324,0.1853,-0.1273
8479322,2022,R,60,8.2074,10.2676,0.7701
8479323,2022,D,89,77.8055,12.8913,6.0188
8479324,2022,D,70,23.0182,5.1483,-3.0512
8479325,2022,D,74,57.6906,7.9546,6.7111
8479328,2022,R,57,12.4031,5.9131,-0.1004
8479329,2022,D,3,-0.0139,0.2641,0.0658
8479333,2022,D,16,1.6217,0.3062,-0.8397
8479335,2022,C,46,5.7224,6.1182,-1.7293
8479336,2022,R,63,15.6276,8.712,-0.0009
8479337,2022,R,82,60.0268,28.8508,9.0615
8479338,2022,D,23,1.7853,0.6003,-0.4155
8479339,2022,L,55,48.3749,15.4839,3.0486
8479343,2022,R,82,79.8861,24.8555,-0.6608
8479344,2022,R,82,10.1437,13.714,2.5382
8479345,2022,D,48,31.8978,10.5097,0.1138
8479346,2022,C,82,39.9359,19.342,2.6663
8479347,2022,L,2,-0.0564,0.0,-0.0276
8479348,2022,D,33,4.2633,1.2674,0.292
8479351,2022,C,70,27.4163,10.3603,-1.175
8479353,2022,C,76,16.6399,10.9237,-0.2241
8479356,2022,L,28,1.6623,2.3489,-0.6002
8479359,2022,L,9,1.0829,0.4647,-0.6564
8479362,2022,L,3,-0.103,0.0818,-0.2978
8479365,2022,C,84,26.9941,13.4131,2.3781
8479366,2022,C,30,3.832,1.6184,-0.5163
8479367,2022,R,13,0.4953,0.947,-0.6929
8479368,2022,L,69,12.3457,12.9421,-3.2208
8479369,2022,D,80,17.7543,3.6579,-9.9
8479370,2022,C,71,25.5443,10.3924,-2.3195
8479371,2022,D,79,13.7927,5.3273,-3.7545
8479372,2022,D,103,22.0664,3.9826,1.1343
8479375,2022,C,4,0.7649,0.0,-0.3487
8479376,2022,D,11,1.9543,0.4713,-0.0692
8479378,2022,D,20,2.553,0.3604,-1.3112
8479379,2022,R,37,1.2729,3.168,-1.4471
8479383,2022,L,58,12.2092,6.1553,-2.9566
8479385,2022,R,79,63.5879,28.8831,1.5079
8479388,2022,D,50,8.4077,1.4343,-1.3147
8479390,2022,R,78,31.7877,17.5673,1.8895
8479393,2022,L,57,12.5103,10.8291,-2.385
8479395,2022,D,2,-0.2082,0.0,0.0789
8479398,2022,D,83,41.9247,6.3456,2.221
8479400,2022,C,78,49.5913,30.4278,5.0451
8479402,2022,D,14,5.764,0.9514,-0.6296
8479404,2022,C,1,0.0366,0.0,-0.2616
8479407,2022,L,94,69.8221,29.0849,12.5352
8479410,2022,D,85,69.099,7.5084,-0.16
8479414,2022,R,55,14.9632,10.0571,0.5512
8479415,2022,C,92,36.7637,12.0759,-1.2684
8479420,2022,C,78,88.0186,34.985,3.0818
8479421,2022,D,2,0.0876,0.179,-0.1524
8479423,2022,L,9,1.6596,1.1934,0.3378
8479425,2022,D,64,37.8134,6.5924,2.1034
8479439,2022,D,58,6.9176,5.2776,-1.2766
8479442,2022,D,81,15.1906,4.9865,-7.0253
8479458,2022,D,46,10.4573,0.965,-3.8374
8479465,2022,L,4,0.1709,0.0808,-0.083
8479514,2022,C,46,13.6491,3.8883,-3.764
8479518,2022,C,5,-0.2148,0.3402,0.1929
8479520,2022,L,57,5.9705,8.6554,-0.1833
8479523,2022,D,2,0.0277,0.0815,0.0051
8479525,2022,C,87,28.7902,19.1745,1.1842
8479526,2022,L,8,1.7793,0.5516,0.0711
8479533,2022,L,5,1.0305,0.253,-0.3944
8479536,2022,L,51,11.8662,4.751,-0.7482
8479542,2022,L,87,60.3764,28.0358,0.6244
8479543,2022,L,63,8.8443,7.7851,-2.351
8479546,2022,C,3,1.0147,0.8594,0.3539
8479547,2022,R,2,-0.1638,0.0921,-0.0335
8479550,2022,C,32,3.3165,1.8656,-0.9567
8479573,2022,L,5,-0.05,0.2545,0.0049
8479576,2022,D,48,10.1008,0.7134,0.2596
8479578,2022,D,29,3.6664,0.8606,-1.8232
8479580,2022,C,60,8.7048,4.2336,-1.3505
8479591,2022,C,57,10.8603,12.3835,1.6171
8479602,2022,D,1,-0.2073,0.0673,-0.0022
8479619,2022,L,9,2.7069,1.6202,0.3448
8479639,2022,D,17,3.0267,1.1187,0.5639
8479644,2022,R,19,3.4323,1.7621,-0.6356
8479661,2022,L,79,12.2908,13.3086,-4.6081
8479671,2022,R,66,8.8944,8.7144,-2.4448
8479675,2022,L,65,26.3376,20.874,1.7789
8479705,2022,L,4,0.0924,0.6275,-0.0015
8479718,2022,C,1,0.0179,0.2525,0.3189
8479772,2022,R,57,3.9978,6.4098,-0.6388
8479941,2022,R,6,2.527,1.3201,0.1477
8479944,2022,L,83,10.1121,9.69,1.7652
8479945,2022,D,51,15.3113,3.1294,-3.5267
8479968,2022,C,1,-0.002,0.0349,-0.0254
8479972,2022,C,59,12.3191,7.7846,-0.7522
8479976,2022,D,78,34.5565,6.3016,-0.1346
8479977,2022,R,70,24.3366,16.6301,2.2943
8479980,2022,D,103,29.671,5.9826,-1.0576
8479981,2022,L,35,3.38,4.3666,-0.5939
8479982,2022,D,27,14.726,0.909,1.5878
8479983,2022,D,72,14.2237,6.5705,-7.0287
8479984,2022,D,50,8.2113,1.6804,-3.6002
8479985,2022,D,12,1.1938,0.4995,0.1145
8479987,2022,C,82,32.8461,9.1567,-1.2767
8479991,2022,C,35,-3.3253,4.1005,-0.5646
8479992,2022,C,56,25.0869,12.9748,-0.9313
8479994,2022,C,50,9.9066,5.2062,0.189
8479996,2022,C,72,29.7341,16.086,1.5082
8479998,2022,D,83,25.6837,5.017,-2.307
8479999,2022,C,82,50.2127,14.574,0.6539
8480001,2022,D,23,2.8062,0.8125,-2.0433
8480002,2022,C,93,74.2475,43.4369,7.9849
8480003,2022,C,76,18.054,9.069,1.1447
8480007,2022,R,13,0.9824,1.265,-0.3993
8480008,2022,C,44,16.2721,6.1405,1.172
8480009,2022,R,75,33.217,12.3531,1.866
8480011,2022,C,69,21.576,7.6691,0.7154
8480012,2022,C,80,99.9873,31.1547,4.6033
8480014,2022,C,68,42.8483,19.5594,4.4932
8480015,2022,R,77,42.7057,22.3342,0.0339
8480018,2022,C,82,62.3577,20.2551,-4.4325
8480021,2022,C,48,5.1542,5.6765,-1.5052
8480023,2022,C,73,58.4377,14.3428,-1.2967
8480025,2022,R,66,6.3596,5.6321,-2.1295
8480027,2022,L,101,120.3266,40.3838,10.7607
8480028,2022,C,81,37.6091,20.6248,0.4554
8480031,2022,L,64,12.5676,9.1056,-2.0131
8480032,2022,C,1,0.0195,0.1118,0.0255
8480034,2022,L,2,0.9466,0.0196,-0.0094
8480035,2022,D,60,12.3788,3.0383,-3.5677
8480036,2022,D,98,81.4457,16.3997,6.2874
8480037,2022,C,10,2.8326,0.8471,-0.1124
8480039,2022,C,97,69.5478,25.9229,6.8502
8480041,2022,D,2,-0.1146,0.1108,-0.2787
8480043,2022,D,72,20.8634,4.3941,1.3759
8480049,2022,D,68,9.7344,1.8364,-2.0299
8480056,2022,D,11,2.0979,0.533,-0.1793
8480058,2022,D,75,21.3972,4.8994,0.5519
8480064,2022,C,8,3.7294,1.9958,0.6635
8480068,2022,C,53,20.3071,8.1835,-2.2997
8480069,2022,D,66,68.6692,14.065,1.9282
8480070,2022,D,35,8.423,1.318,-2.3541
8480071,2022,D,11,4.0085,0.4066,-0.282
8480072,2022,C,1,-0.0486,0.0665,-0.0548
8480073,2022,D,74,19.8633,4.2992,-0.6184
8480078,2022,C,81,37.4773,23.4264,1.5978
8480084,2022,D,4,0.0448,0.1593,0.2217
8480113,2022,L,65,36.7048,16.225,1.5442
8480144,2022,C,93,45.584,13.8636,-4.7712
8480145,2022,D,87,44.5916,7.6371,-1.3014
8480157,2022,D,49,17.8943,3.1716,-2.4618
8480160,2022,D,44,5.2684,2.6215,-3.1537
8480172,2022,D,56,9.7087,2.0152,-3.7386
8480184,2022,D,36,7.8566,0.5031,-2.0096
8480185,2022,C,98,41.9534,19.2045,-0.8951
8480188,2022,L,67,20.2013,11.7687,1.4087
8480192,2022,D,77,17.6872,5.3158,-6.1146
8480196,2022,D,59,11.653,0.9931,-1.3958
8480205,2022,C,55,18.4497,10.2788,-0.3952
8480208,2022,R,82,54.7984,29.9813,9.4654
8480216,2022,C,12,7.2316,2.6855,0.0
8480220,2022,L,82,41.7237,14.1049,-3.4801
8480222,2022,D,77,25.5849,4.1678,0.1967
8480226,2022,R,3,-0.0004,0.5554,0.1582
8480242,2022,L,4,0.0245,0.8798,0.1848
8480245,2022,R,8,0.5435,0.4455,-0.5943
8480246,2022,D,75,25.679,5.4475,0.623
8480252,2022,C,14,4.3128,3.0209,-0.4275
8480267,2022,C,9,2.1444,1.486,0.0773
8480275,2022,R,1,-0.0196,0.0,-0.1996
8480281,2022,R,69,15.6651,9.6024,-3.9558
8480289,2022,C,75,17.1789,15.0665,-0.3725
8480292,2022,R,14,1.1014,1.5222,-0.1866
8480326,2022,C,63,11.2228,11.1221,-0.8703
8480328,2022,R,4,0.438,0.7851,0.074
8480336,2022,D,72,15.3368,4.846,-2.0765
8480355,2022,C,65,15.6057,7.6766,-1.17
8480434,2022,D,78,40.0029,5.864,1.6452
8480439,2022,D,6,2.231,0.2072,-0.388
8480441,2022,R,9,0.4503,2.1628,-0.369
8480443,2022,C,2,1.0504,0.0238,-0.0263
8480448,2022,C,55,-0.1185,5.4851,-2.6536
8480459,2022,C,79,23.7135,11.6512,-1.6874
8480467,2022,D,5,-0.1289,0.1585,-0.1616
8480468,2022,L,10,-1.171,1.4949,0.3102
8480727,2022,D,81,24.4195,3.7585,-2.5737
8480748,2022,L,32,9.6639,6.1709,-0.7166
8480762,2022,L,72,19.8632,11.9897,-6.1522
8480776,2022,R,1,-0.0715,0.0,-0.0358
8480789,2022,R,35,11.1168,5.6757,1.1725
8480796,2022,D,67,21.079,7.6318,-3.5582
8480797,2022,L,82,33.6914,15.0581,-2.6332
8480798,2022,C,70,21.7323,12.8464,-2.3942
8480800,2022,D,78,74.7685,8.5735,3.8078
8480801,2022,L,82,54.6148,45.7081,8.8938
8480802,2022,C,69,24.5675,10.6325,2.2971
8480803,2022,D,94,57.2153,10.8019,10.6062
8480806,2022,C,61,15.7327,6.0359,-5.3845
8480807,2022,D,55,12.4912,4.134,-5.6033
8480813,2022,C,81,15.2212,9.0093,-1.0397
8480817,2022,D,86,44.9901,6.3777,-1.6132
8480820,2022,D,2,-0.0257,0.0379,0.0845
8480821,2022,R,30,5.0753,4.768,0.2352
8480822,2022,R,36,6.0779,3.4048,-0.2725
8480823,2022,D,32,6.1941,1.1206,-1.9594
8480829,2022,C,97,40.8091,18.9092,3.8821
8480830,2022,R,64,54.0443,22.8127,5.9815
8480831,2022,D,4,-0.3917,0.044,-0.1609
8480833,2022,R,44,5.4838,5.848,1.1824
8480835,2022,C,51,9.7825,8.8136,1.5839
8480836,2022,L,3,0.2603,0.0,-0.038
8480839,2022,D,78,72.4451,15.2573,2.576
8480842,2022,C,2,0.1962,0.0,-0.0873
8480844,2022,L,19,2.469,1.602,-0.1259
8480845,2022,C,72,11.7408,5.9291,-1.315
8480846,2022,L,6,-0.3395,0.5945,0.0743
8480848,2022,C,97,26.2384,13.1908,-2.9155
8480849,2022,C,82,37.3974,22.2239,-1.2697
8480853,2022,C,62,10.6999,8.6934,-4.6986
8480855,2022,C,82,28.6692,10.7258,-7.1953
8480860,2022,D,53,9.8937,1.7991,1.6131
8480863,2022,L,1,-0.1011,0.0,-0.4148
8480865,2022,D,84,51.2977,10.9753,3.9488
8480870,2022,C,2,0.791,0.1043,-0.4012
8480871,2022,D,46,24.069,4.4788,0.2129
8480873,2022,D,71,37.6478,4.3902,4.3311
8480874,2022,D,1,-0.0145,0.0,0.2056
8480878,2022,D,60,17.0732,4.8682,4.687
8480879,2022,D,19,1.6876,0.9471,0.2444
8480880,2022,C,26,7.6301,1.937,1.0967
8480883,2022,D,9,4.2506,1.3203,1.0386
8480884,2022,D,62,27.8286,3.7053,5.2116
8480887,2022,D,65,19.6874,4.4548,-4.1963
8480890,2022,C,2,-0.1487,0.0,-0.0863
8480891,2022,D,9,2.9248,0.4671,-0.7453
8480893,2022,R,59,21.4994,16.2136,1.4531
8480901,2022,C,1,5.0567,6.1471,0.1131
8480913,2022,D,15,3.5983,1.5856,0.0449
8480935,2022,D,17,3.9667,0.4115,-0.7447
8480950,2022,D,68,17.1026,1.5289,-5.8968
8480977,2022,C,1,-0.1438,0.0,0.0
8480979,2022,C,4,-0.3052,0.1505,-0.2987
8480980,2022,C,87,20.5388,9.6058,-2.4789
8480994,2022,C,1,0.8532,0.0,-0.1577
8480995,2022,R,37,11.546,2.7358,0.7453
8481006,2022,D,26,4.9747,0.6589,-0.4777
8481013,2022,R,67,23.5373,9.8044,1.2957
8481014,2022,D,80,26.835,4.0074,-2.904
8481019,2022,C,49,4.2364,3.5566,-1.98
8481032,2022,L,55,14.1564,9.9099,-1.3861
8481043,2022,L,17,0.3812,1.5761,-0.0301
8481056,2022,D,8,2.1022,0.3002,-0.9574
8481058,2022,R,37,15.6876,3.7763,-0.553
8481068,2022,C,78,27.3643,16.9386,-1.1444
8481070,2022,L,1,0.3213,0.0,-0.031
8481072,2022,D,59,3.0261,3.9539,-3.2964
8481077,2022,L,6,0.7906,0.3064,-0.5328
8481093,2022,L,34,18.0182,10.4306,-0.3967
8481102,2022,L,5,1.9104,0.5324,0.7339
8481122,2022,D,78,12.056,4.5431,-11.2214
8481147,2022,C,57,4.4026,5.22,-3.662
8481161,2022,D,24,3.9455,1.4694,-0.3043
8481167,2022,D,11,2.401,0.6209,0.0808
8481178,2022,D,14,4.5771,0.2147,0.0657
8481186,2022,R,89,20.5481,12.5923,-2.7934
8481239,2022,L,9,2.7937,0.3766,-0.4921
8481422,2022,C,11,0.6948,1.4965,0.3492
8481433,2022,L,3,-0.1578,0.1395,-0.0716
8481441,2022,C,12,3.916,1.4483,-0.4523
8481461,2022,D,7,1.6974,0.1944,-0.4861
8481477,2022,C,74,29.5275,10.9734,-3.6828
8481481,2022,C,84,31.696,12.3746,-0.362
8481517,2022,R,54,6.1598,4.4634,-3.5438
8481518,2022,L,6,0.7184,0.4681,0.3346
8481521,2022,D,2,0.273,0.3113,-0.0334
8481522,2022,C,74,23.5362,9.7813,-2.944
8481523,2022,C,58,34.8566,13.8904,0.5389
8481524,2022,D,49,27.0532,6.7715,0.3523
8481527,2022,D,10,3.0239,0.5641,0.299
8481528,2022,C,81,58.4348,26.7939,1.2714
8481532,2022,C,4,-0.2123,0.2384,-0.049
8481533,2022,C,81,59.3728,18.3085,-0.9274
8481535,2022,L,25,7.5927,2.3988,-0.7975
8481537,2022,D,10,1.4725,0.2566,0.1692
8481540,2022,R,46,34.0207,16.3864,-1.6742
8481541,2022,D,19,3.5889,0.6673,-0.2488
8481542,2022,D,82,47.0182,5.604,-3.1693
8481543,2022,C,28,7.9952,3.7014,-0.2635
8481546,2022,D,54,20.8278,2.8108,1.1424
8481550,2022,L,9,-0.1471,1.259,0.1704
8481554,2022,R,89,38.9528,16.8781,0.6181
8481557,2022,L,87,56.0102,32.0023,8.5036
8481559,2022,C,90,99.8214,47.0224,13.0236
8481560,2022,R,58,23.9517,13.4399,1.812
8481563,2022,D,3,1.2051,0.1394,-0.3056
8481567,2022,D,8,2.5503,0.5281,-0.5423
8481568,2022,D,6,1.3799,0.0872,-1.0699
8481572,2022,D,10,1.4354,0.2454,0.0724
8481575,2022,D,2,-0.2861,0.0755,-0.157
8481577,2022,R,31,15.3732,6.1566,0.1151
8481580,2022,L,6,0.018,0.203,-0.3919
8481581,2022,D,25,12.9202,1.5307,1.1947
8481582,2022,L,15,4.3832,2.5494,0.2953
8481585,2022,L,17,0.7989,1.6939,-0.262
8481591,2022,R,3,0.8093,0.1747,-0.1582
8481592,2022,L,24,5.2583,6.7022,2.3525
8481596,2022,C,82,30.9767,21.8614,2.8484
8481598,2022,D,55,10.7956,1.6147,0.7092
8481599,2022,D,30,7.4908,1.6149,-0.766
8481600,2022,D,10,1.7816,0.398,0.2177
8481601,2022,R,50,8.6042,4.2131,0.3466
8481604,2022,R,18,9.5148,6.4101,0.6483
8481605,2022,D,2,0.2064,0.0328,-0.234
8481606,2022,D,6,1.5344,0.6853,0.322
8481609,2022,D,2,-0.2267,0.033,-0.2862
8481617,2022,R,39,5.4647,3.2585,-0.6456
8481618,2022,C,89,24.6166,15.5615,3.3845
8481624,2022,R,46,26.4192,11.8624,-0.3487
8481641,2022,L,85,9.5906,11.4784,-1.2983
8481649,2022,L,7,0.8425,1.1198,-0.0912
8481656,2022,L,58,12.1443,9.3718,0.057
8481679,2022,D,1,-0.0682,0.0785,-0.0123
8481683,2022,L,6,0.3645,0.2317,-0.4681
8481690,2022,C,2,0.4732,0.7742,-0.0906
8481704,2022,C,45,20.2688,6.4531,0.8453
8481708,2022,D,16,2.6281,0.7733,-0.6426
8481711,2022,L,64,44.4386,7.3418,-0.3782
8481712,2022,R,6,0.5544,0.8088,0.0676
8481720,2022,C,2,1.9929,0.2793,-0.1064
8481725,2022,L,21,6.9201,4.0856,-0.193
8481740,2022,R,2,-0.061,0.0234,-0.1023
8481751,2022,R,2,1.8321,0.5219,0.1917
8481754,2022,C,9,0.2868,2.2344,-0.311
8481789,2022,L,10,3.8849,0.972,-0.0376
8481812,2022,D,12,0.9471,0.4667,-0.9573
8482055,2022,L,46,8.5201,6.7411,-0.338
8482062,2022,R,69,13.3858,8.7376,-3.7104
8482067,2022,D,30,7.8379,1.5735,-2.2756
8482073,2022,D,88,23.8295,4.0222,-5.0623
8482077,2022,L,51,5.9171,5.1444,2.3189
8482078,2022,L,74,41.9354,18.1089,1.9908
8482079,2022,C,19,0.4533,1.1444,-0.5374
8482081,2022,C,6,0.6848,0.6938,-0.3288
8482087,2022,D,44,19.1846,2.6528,-5.3261
8482089,2022,L,43,6.8793,6.0245,-0.1051
8482092,2022,C,20,5.8053,3.7452,0.7178
8482093,2022,R,97,41.8809,29.3222,6.7379
8482095,2022,D,8,2.7259,0.383,0.5084
8482097,2022,R,75,35.5558,16.7175,0.9266
8482101,2022,L,2,2.023,0.882,0.0004
8482105,2022,D,77,34.4096,8.2404,-0.7087
8482109,2022,L,88,32.0159,16.1419,0.9855
8482110,2022,C,94,57.1475,28.5258,3.9156
8482111,2022,D,39,14.6133,2.0189,-2.04
8482113,2022,C,94,38.4329,21.4695,-0.085
8482116,2022,C,78,85.33,33.4451,5.0714
8482117,2022,L,23,13.8894,4.6468,-0.539
8482122,2022,D,8,0.5142,0.1243,-0.5933
8482124,2022,R,59,21.4334,10.4412,0.6155
8482125,2022,R,19,2.8906,2.3765,0.951
8482133,2022,C,8,1.7013,0.5411,-0.6936
8482142,2022,D,8,0.0192,0.3602,-0.3728
8482146,2022,R,24,12.7163,6.9407,0.3334
8482147,2022,C,9,-0.8303,1.0878,-0.2188
8482149,2022,C,51,26.3272,9.3754,-0.2581
8482157,2022,L,4,-0.1609,0.0324,0.0978
8482159,2022,R,8,6.3272,2.087,0.3588
8482175,2022,R,77,25.3354,13.8274,0.1285
8482176,2022,D,9,3.1591,0.9051,-1.2474
8482179,2022,C,2,0.8916,0.0,-0.3405
8482181,2022,C,3,0.1551,0.1464,-0.6613
8482192,2022,D,16,5.4373,0.6457,-1.2254
8482197,2022,R,3,-0.1411,0.046,-0.2397
8482207,2022,R,1,-0.0592,0.0,0.0063
8482222,2022,L,68,43.0433,16.8928,4.0542
8482241,2022,L,10,0.7044,1.0707,-0.0319
8482245,2022,D,53,12.7308,2.7058,-1.622
8482250,2022,C,2,0.087,0.0621,-0.1367
8482259,2022,C,10,-0.4065,2.3336,0.2272
8482399,2022,D,9,1.6001,0.0973,-2.0229
8482448,2022,D,2,-0.0429,0.0,-0.2875
8482451,2022,L,2,0.5595,0.1326,-0.1076
8482452,2022,L,4,-0.0147,0.4239,-0.7473
8482475,2022,R,30,10.6402,3.1151,-0.4407
8482496,2022,C,68,16.3919,6.8782,-1.425
8482516,2022,D,2,0.1185,0.1088,0.3339
8482623,2022,C,8,-0.6149,0.5556,-0.4487
8482624,2022,D,14,6.417,1.098,0.3465
8482634,2022,C,3,-0.1343,0.2549,0.0706
8482635,2022,L,8,-0.9279,0.5765,-0.3329
8482641,2022,D,20,4.2779,0.644,0.0458
8482652,2022,R,27,8.6733,3.8467,0.0314
8482654,2022,C,5,0.211,0.3675,-0.1572
8482655,2022,D,82,31.972,5.9793,-8.3849
8482660,2022,C,79,36.792,13.021,-0.4401
8482665,2022,C,94,59.1782,20.8498,0.6408
8482667,2022,L,8,2.1537,2.5055,0.36
8482671,2022,D,79,37.0035,9.285,-1.3081
8482679,2022,R,1,-0.3232,0.4141,0.2564
8482684,2022,D,5,4.1518,0.3396,0.3506
8482691,2022,C,15,1.6726,1.2304,0.439
8482699,2022,R,33,11.2792,5.0215,-0.7483
8482705,2022,C,64,4.0857,10.2417,-1.5179
8482711,2022,D,2,0.856,0.1475,-0.2648
8482712,2022,R,1,-0.0246,0.0,-0.0464
8482720,2022,L,10,4.055,1.6801,0.6291
8482730,2022,D,9,2.2311,0.7393,-0.0521
8482740,2022,C,101,39.8206,27.0586,4.6701
8482745,2022,C,80,41.1522,21.6613,-0.6662
8482762,2022,D,9,2.1399,0.269,-0.306
8482824,2022,D,16,4.7083,0.1378,-0.6137
8482834,2022,R,15,3.5281,1.0659,0.059
8482861,2022,D,3,1.0744,0.098,-0.6982
8482964,2022,D,51,13.8905,2.6615,-3.5169
8483397,2022,C,2,-0.1883,0.1315,-0.3135
8483424,2022,C,1,-0.0666,0.0,-0.2913
8483460,2022,D,4,0.1145,0.153,-0.3323
8483464,2022,C,1,-0.1493,0.1551,-0.2232
8483515,2022,L,39,6.6996,3.5796,-0.7298
8483524,2022,C,8,1.9381,0.8257,0.2663
8483549,2022,L,1,0.9644,0.7384,0.0756
8483565,2022,D,36,14.0282,4.0845,-0.7563
8483570,2022,C,45,3.5058,5.7124,0.704
8483597,2022,L,14,-0.263,1.2753,-0.5923
8483619,2022,D,17,3.8183,0.8881,-0.1678
8483620,2022,D,33,10.5288,1.5485,-1.0319
8483630,2022,L,14,2.3215,2.5666,0.0386
8483641,2022,L,2,-0.0059,0.0499,-0.0797
8483808,2022,L,81,71.0383,22.958,5.0655
8484125,2022,C,12,1.0176,1.1228,-0.5721
8484254,2022,D,7,3.0639,0.1036,-0.8519
8484256,2022,D,5,0.9015,0.0968,-0.2432
8484287,2022,D,5,1.5613,0.2202,-0.3102
8470600,2023,D,101,24.6147,3.6853,0.034
8470604,2023,C,72,11.2828,10.1044,-1.5548
8470610,2023,L,41,10.7323,8.4609,0.7439
8470613,2023,D,93,47.5124,10.7813,4.2269
8470621,2023,R,73,20.6437,13.5066,2.442
8470794,2023,C,101,60.8454,30.1067,7.0668
8470966,2023,D,46,11.4267,2.6697,-1.0639
8471214,2023,L,83,51.5402,27.6943,4.9879
8471215,2023,C,82,57.5213,22.3153,8.6011
8471218,2023,R,55,16.9731,9.1527,0.5911
8471274,2023,D,36,9.585,1.809,-0.2659
8471675,2023,C,82,75.0367,34.4088,8.1813
8471677,2023,D,91,19.2303,3.1411,-2.1748
8471685,2023,C,86,64.3369,18.2106,1.6778
8471686,2023,D,35,6.0602,1.2265,-0.2603
8471698,2023,R,56,23.3401,14.2416,2.2691
8471699,2023,C,86,26.8234,5.3334,-6.0406
8471709,2023,D,57,13.5057,3.2662,-6.219
8471724,2023,D,82,53.2919,9.3428,-0.3881
8471817,2023,R,54,2.4635,3.6769,-0.2104
8473419,2023,L,93,67.8571,26.6723,2.159
8473422,2023,L,74,26.9113,20.055,-1.2257
8473446,2023,D,67,10.1543,2.8826,-5.041
8473449,2023,R,84,20.3712,13.2282,-0.9645
8473453,2023,C,87,17.0693,11.0771,-2.3619
8473473,2023,L,4,1.7671,0.0498,0.4084
8473504,2023,R,87,15.5188,5.8117,-3.6872
8473507,2023,D,73,27.8457,3.0936,-2.7948
8473512,2023,R,82,64.9083,18.7922,3.8738
8473533,2023,C,91,38.545,19.2308,1.7943
8473563,2023,C,8,0.5777,2.5934,0.386
8473986,2023,L,63,29.0517,17.5733,-2.0813
8473994,2023,L,101,62.5965,26.1952,6.2018
8474009,2023,C,45,8.6379,3.0462,-2.4776
8474013,2023,D,91,18.5623,2.7677,-3.7678
8474031,2023,D,67,28.0795,4.4462,3.8431
8474034,2023,L,64,13.448,7.3731,1.379
8474037,2023,L,82,37.4802,22.9615,5.8368
8474040,2023,C,28,8.0088,4.41,1.5607
8474053,2023,C,6,1.1273,0.6609,-0.3582
8474062,2023,C,1,-0.0379,0.022,0.0683
8474090,2023,D,63,17.4608,3.73,-3.3689
8474102,2023,L,76,38.1798,16.1689,3.3897
8474141,2023,R,50,45.4932,16.1437,1.6152
8474145,2023,D,32,2.8035,0.5473,-1.7665
8474149,2023,L,70,25.5403,11.3369,1.1896
8474150,2023,C,82,38.0711,21.2677,-2.1866
8474151,2023,D,80,33.9552,4.8861,-0.9484
8474157,2023,L,51,20.2481,8.6714,1.4363
8474166,2023,D,61,19.9983,3.0221,-1.4858
8474189,2023,C,82,29.9389,15.9751,-0.0387
8474563,2023,D,87,58.6471,9.4811,1.6269
8474564,2023,C,84,75.2556,32.0315,5.402
8474565,2023,D,71,35.9472,8.0973,-1.8871
8474567,2023,D,65,14.9968,2.8546,-2.2257
8474568,2023,D,68,9.9876,3.0371,-0.982
8474574,2023,D,89,32.5096,4.6608,-4.4865
8474578,2023,D,82,56.9457,11.372,9.3841
8474586,2023,R,78,39.5158,21.8555,4.6753
8474590,2023,D,86,55.5976,13.0971,-2.486
8474600,2023,D,88,84.8019,18.5365,6.321
8474602,2023,D,70,24.9229,5.5945,2.5449
8474612,2023,D,48,8.336,1.6629,-2.1231
8474618,2023,D,65,9.9092,2.3934,-3.1813
8474641,2023,C,99,53.7493,18.892,-3.4675
8474673,2023,D,79,33.0442,2.6024,-4.3115
8474679,2023,R,87,75.6621,18.5545,3.7129
8474709,2023,L,60,4.983,5.4743,0.3889
8474715,2023,R,70,21.5857,18.6578,1.2875
8474716,2023,D,16,5.5647,1.2868,-0.4095
8474870,2023,C,67,22.8367,15.0293,0.3488
8474884,2023,C,66,19.761,7.4628,-1.9696
8475149,2023,L,78,24.8115,10.7575,3.5541
8475151,2023,C,87,49.5586,32.2036,1.57
8475158,2023,C,88,62.4147,29.089,3.6274
8475164,2023,R,81,15.6898,8.8386,-0.3434
8475166,2023,C,87,44.7537,42.9333,10.1781
8475167,2023,D,83,82.5868,12.593,0.8121
8475168,2023,C,99,60.0838,24.7478,2.8805
8475169,2023,L,97,34.9308,31.8082,4.1168
8475170,2023,C,82,38.3115,19.0143,0.496
8475171,2023,D,104,39.9162,8.3451,5.904
8475172,2023,C,82,60.3485,31.4448,4.8967
8475177,2023,D,60,13.0868,2.2875,-1.1932
8475179,2023,D,100,27.1682,4.7645,-1.0503
8475181,2023,D,82,30.5184,4.7603,-8.1784
8475184,2023,L,98,75.3439,41.8981,2.7403
8475188,2023,D,89,37.2909,4.4349,-3.5896
8475191,2023,R,76,34.9902,20.6466,1.9455
8475193,2023,L,70,19.6561,9.3346,-0.9883
8475197,2023,D,42,15.6005,3.4773,0.5106
8475200,2023,D,93,32.7134,9.1434,3.3378
8475208,2023,D,80,19.0601,3.2935,-0.6244
8475218,2023,D,104,58.8629,15.1732,3.6594
8475220,2023,L,55,17.2889,6.9601,-1.8102
8475225,2023,C,89,15.461,9.9629,2.4525
8475231,2023,C,75,22.5107,10.3468,-4.0164
8475233,2023,D,60,27.0621,3.3762,-9.4965
8475235,2023,L,60,-0.8643,3.438,-0.6014
8475278,2023,C,16,0.7038,1.1529,-0.0371
8475279,2023,D,77,23.6662,5.8904,-4.798
8475287,2023,L,76,32.3877,18.7004,-1.4991
8475314,2023,L,86,31.5645,26.3684,3.0593
8475324,2023,D,79,19.6931,3.4118,-8.9104
8475343,2023,C,68,27.3446,8.1416,-4.4242
8475413,2023,C,2,1.1193,0.3896,-0.1808
8475455,2023,D,80,26.1377,2.9214,-4.6215
8475462,2023,D,66,20.5968,3.4194,-6.4128
8475690,2023,D,94,32.9806,2.0254,-2.5148
8475692,2023,R,69,59.9399,16.1447,6.5815
8475714,2023,C,59,17.3278,12.7601,0.7439
8475718,2023,D,38,7.0669,0.5734,-2.066
8475722,2023,L,75,27.0485,16.7871,1.465
8475726,2023,C,84,48.787,28.812,7.5691
8475744,2023,C,73,27.8685,14.0948,-1.0883
8475745,2023,C,95,62.7472,25.831,-3.8784
8475750,2023,D,65,12.1827,2.3247,-0.6805
8475752,2023,C,34,2.2934,2.936,-0.4348
8475753,2023,D,60,30.0269,7.2058,-0.8864
8475754,2023,C,87,62.4196,30.5967,2.4397
8475755,2023,D,8,0.2733,0.0744,-0.1168
8475760,2023,C,76,47.7231,18.3037,-4.0246
8475762,2023,D,38,7.6522,0.7754,-2.8234
8475763,2023,R,79,24.0354,13.9893,-1.2805
8475764,2023,D,81,39.023,6.928,-7.7351
8475765,2023,R,100,56.3211,21.2969,3.7629
8475766,2023,L,33,3.1313,1.162,-0.4394
8475768,2023,L,62,21.5606,15.7578,2.6745
8475780,2023,R,15,1.2504,0.9355,-0.7394
8475784,2023,L,74,37.7397,23.4952,3.1126
8475786,2023,L,105,85.2603,65.0637,16.5302
8475790,2023,D,78,29.7529,3.3435,-8.8393
8475791,2023,L,10,2.9363,1.3839,0.5225
8475793,2023,C,63,18.5262,9.4002,1.759
8475794,2023,C,87,53.1835,26.5768,1.7247
8475795,2023,D,7,1.2382,0.0537,0.3028
8475797,2023,D,52,11.619,1.1551,-4.0037
8475798,2023,C,69,56.212,14.2874,-5.5683
8475799,2023,R,82,29.1584,19.0857,3.8765
8475810,2023,R,62,49.473,24.1407,3.7405
8475825,2023,D,64,17.7579,2.176,-4.9444
8475842,2023,C,87,20.6223,10.1524,-6.9722
8475848,2023,R,77,23.7468,18.1738,1.2499
8475855,2023,R,73,16.3359,10.5178,1.7558
8475906,2023,D,14,5.026,0.7585,0.8069
8475913,2023,R,63,51.5459,16.7846,2.1886
8475958,2023,C,25,6.8222,3.3733,-0.8093
8476278,2023,C,44,9.6957,8.3878,-2.8116
8476292,2023,L,71,26.5019,12.4615,3.1003
8476312,2023,D,87,35.5155,8.3094,-0.8155
8476323,2023,L,1,0.0,0.0,-0.1215
8476329,2023,C,16,7.201,1.3067,-0.2016
8476331,2023,D,87,39.0997,4.1123,-5.5781
8476346,2023,L,81,55.9585,18.3249,3.5106
8476372,2023,D,71,17.4017,3.1858,-1.2651
8476374,2023,C,62,17.9254,7.0777,-4.6446
8476389,2023,C,98,77.6597,33.8178,4.1332
8476392,2023,C,86,37.7056,14.9662,-0.8608
8476393,2023,C,81,11.5121,10.4109,2.037
8476399,2023,L,78,46.7033,24.3293,-0.8859
8476419,2023,C,86,30.5684,12.2895,-5.8862
8476422,2023,D,66,26.5535,5.6973,3.2876
8476429,2023,D,41,7.433,1.4695,-5.5383
8476432,2023,C,58,24.741,19.6641,-0.465
8476438,2023,L,82,36.9473,17.5037,-1.0713
8476441,2023,D,60,9.6854,2.5053,-3.0554
8476442,2023,L,22,2.3715,1.0568,-1.3713
8476448,2023,C,77,50.7105,23.5679,2.7757
8476453,2023,R,86,135.9401,34.5372,6.3409
8476454,2023,C,105,84.7387,28.6934,10.4135
8476456,2023,L,81,43.0515,16.3679,4.7584
8476457,2023,D,81,21.2117,7.9717,-4.3234
8476458,2023,C,79,32.1842,11.8696,1.1325
8476459,2023,C,97,84.2076,26.7561,2.359
8476460,2023,C,79,66.7683,24.866,0.8268
8476461,2023,C,74,32.4679,21.6401,3.1425
8476462,2023,D,20,15.1851,2.7553,1.1931
8476463,2023,D,62,29.624,6.6463,-2.7645
8476467,2023,D,82,16.5026,5.452,-4.2199
8476468,2023,C,94,96.4204,27.377,4.7438
8476469,2023,R,66,20.4364,12.704,-5.3212
8476473,2023,D,46,11.6653,2.0732,-3.2775
8476474,2023,R,92,35.851,15.8496,3.8863
8476479,2023,C,83,44.233,17.1579,1.3777
8476480,2023,C,82,32.0295,13.2365,-0.2998
8476483,2023,R,70,29.4724,19.7345,4.8181
8476525,2023,D,1,11.7854,2.273,-1.6972
8476539,2023,R,89,65.7182,33.546,6.5664
8476624,2023,C,96,19.5982,8.0236,-3.9254
8476792,2023,D,77,38.3786,10.6461,0.7523
8476822,2023,C,86,14.2,7.4231,-5.9132
8476826,2023,C,80,30.1992,17.7946,-0.5853
8476853,2023,D,79,63.6655,11.0151,6.1962
8476854,2023,D,86,34.8575,6.3772,-1.8617
8476856,2023,D,81,15.4315,6.1678,-6.453
8476858,2023,L,62,8.0472,6.2756,-3.4081
8476867,2023,C,24,3.0098,2.4388,-1.477
8476869,2023,D,91,55.8733,10.2859,0.5218
8476871,2023,L,54,9.7897,8.7083,-1.5206
8476872,2023,C,82,36.127,16.4692,-0.8399
8476873,2023,L,38,15.3567,5.8252,1.348
8476874,2023,D,72,21.294,2.4304,-2.1629
8476875,2023,D,82,60.7534,12.7194,-5.0464
8476878,2023,C,63,11.7037,7.2424,-1.977
8476879,2023,D,103,36.0442,6.6214,-2.7473
8476880,2023,R,78,29.3933,24.791,-0.188
8476881,2023,C,61,29.7079,18.4282,-1.7381
8476882,2023,C,87,51.8424,16.8774,4.6054
8476884,2023,D,5,0.0397,0.1406,-0.1804
8476885,2023,D,85,35.6391,8.0329,-5.4268
8476887,2023,L,88,89.9239,35.8378,5.9518
8476889,2023,C,82,18.5125,7.7161,-2.9962
8476891,2023,D,66,11.8594,2.6582,-1.8806
8476892,2023,D,82,31.034,7.6612,-7.4869
8476897,2023,C,71,20.9688,8.3742,-3.8619
8476902,2023,D,101,36.9099,8.9086,-4.1537
8476905,2023,C,82,44.3327,12.7692,-0.626
8476906,2023,D,81,56.8595,9.2978,4.4157
8476907,2023,L,8,0.6517,0.2396,-0.0121
8476913,2023,C,21,3.1061,1.8939,-0.0946
8476915,2023,L,1,0.0212,0.0086,-0.165
8476917,2023,D,63,21.1913,2.63,-4.5862
8476918,2023,L,92,24.7175,13.917,-1.3036
8476919,2023,C,52,11.0916,3.1866,-1.9328
8476921,2023,L,93,30.5766,16.7209,2.7535
8476923,2023,D,67,29.5338,6.0399,-2.8185
8476925,2023,C,87,35.7798,21.1378,0.3303
8476927,2023,C,81,29.9153,12.2168,-2.5832
8476931,2023,D,80,35.3897,4.4584,-1.8933
8476934,2023,L,24,1.4668,2.9166,-1.0866
8476952,2023,C,15,4.2688,1.4398,0.5235
8476958,2023,D,92,43.7847,8.1567,-0.8327
8476960,2023,C,28,8.7785,4.3204,-0.4089
8476967,2023,D,107,27.5453,4.9863,1.4738
8476979,2023,D,92,35.6376,4.8571,2.9613
8476981,2023,R,78,15.5263,18.7593,-0.5623
8476988,2023,D,14,2.7626,0.521,-3.446
8476994,2023,C,14,2.1087,2.636,0.4037
8477015,2023,R,90,14.4373,13.5949,-1.6182
8477018,2023,D,42,11.4315,3.3813,1.3067
8477021,2023,C,82,38.867,16.6818,-3.5457
8477034,2023,D,44,3.6694,0.7291,-3.3625
8477070,2023,C,75,8.2586,6.6375,0.2392
8477073,2023,L,45,1.1051,1.1492,-0.7668
8477126,2023,C,1,-0.0342,0.0,0.0088
8477149,2023,R,3,-0.2288,0.305,-0.116
8477220,2023,D,66,15.9083,3.3624,2.3701
8477244,2023,D,52,5.4427,1.0108,-1.2158
8477320,2023,L,1,0.2113,0.0038,-0.024
8477330,2023,L,74,11.7839,9.5526,0.212
8477335,2023,D,73,11.8674,3.3225,-5.5622
8477346,2023,D,82,57.3667,10.2014,-1.9936
8477353,2023,C,74,6.6731,6.6255,-2.2113
8477365,2023,D,79,22.3917,4.9921,-5.0333
8477369,2023,D,52,15.7295,1.5816,-1.0376
8477380,2023,C,60,17.1918,7.5742,1.9358
8477384,2023,D,51,11.6632,1.7401,-3.1751
8477392,2023,R,49,12.345,5.2037,-1.207
8477401,2023,C,2,0.0119,0.0235,-0.2801
8477402,2023,L,80,53.3563,26.8129,2.6923
8477404,2023,C,78,76.3904,39.8003,8.2691
8477406,2023,C,96,14.9734,11.7747,-1.4213
8477407,2023,L,78,39.0799,17.9182,-2.4166
8477409,2023,C,100,82.3285,35.4889,10.6344
8477416,2023,R,82,54.2918,15.9388,3.4616
8477425,2023,L,85,20.8256,19.2331,-0.1654
8477426,2023,L,87,39.069,22.3898,3.2993
8477429,2023,C,79,31.4301,14.9654,-4.4536
8477435,2023,D,70,18.7825,3.4986,-1.4553
8477444,2023,L,49,12.3417,8.5231,1.7526
8477446,2023,C,76,19.0535,11.0135,-2.1777
8477447,2023,D,54,44.1254,6.6873,3.4651
8477450,2023,C,82,39.323,12.7463,-4.4403
8477451,2023,R,74,38.2396,19.1785,0.5643
8477454,2023,L,24,0.0645,1.4183,0.0945
8477456,2023,L,77,49.1074,16.5682,-3.3722
8477462,2023,D,5,0.0459,0.1684,-0.6494
8477464,2023,C,6,1.5449,1.0195,0.0807
8477467,2023,D,1,0.0546,0.0,-0.0037
8477473,2023,R,59,11.6296,5.0741,-2.3128
8477476,2023,L,56,42.3305,20.6414,3.4468
8477478,2023,L,46,4.9578,7.6002,1.729
8477479,2023,L,87,38.2764,24.6158,5.9124
8477482,2023,L,29,5.3824,3.1499,0.2263
8477488,2023,D,72,16.9325,5.3246,-1.0063
8477492,2023,C,93,142.9713,43.5459,11.0735
8477493,2023,C,97,88.6389,29.9638,6.7739
8477494,2023,L,82,51.7119,14.6506,6.2455
8477495,2023,D,67,30.4067,9.3771,-0.4727
8477496,2023,C,88,46.615,21.5347,-1.036
8477497,2023,C,88,48.1223,28.0944,1.0607
8477498,2023,D,106,38.7586,13.2323,1.3914
8477499,2023,D,31,5.3477,2.1451,0.7122
8477500,2023,C,86,55.6376,30.035,4.5078
8477501,2023,R,62,55.5704,27.7873,2.8037
8477503,2023,C,87,45.1619,14.7054,2.8546
8477504,2023,D,86,72.5951,11.9355,4.3951
8477505,2023,C,95,32.2065,13.6828,-1.5416
8477506,2023,D,63,25.6524,3.7648,-2.9382
8477507,2023,D,88,30.0018,3.6807,-4.1859
8477508,2023,C,71,23.5573,9.3955,-1.3647
8477511,2023,R,77,39.377,13.4569,2.7228
8477527,2023,L,68,0.9601,3.8451,-2.6678
8477541,2023,D,47,9.0738,2.0247,-1.3886
8477573,2023,L,45,11.3444,3.5495,-1.8405
8477810,2023,D,42,6.6181,0.8012,-0.1373
8477839,2023,L,57,12.2333,5.5331,-0.4913
8477845,2023,D,73,16.7415,2.9874,-2.4893
8477846,2023,C,62,12.8712,5.3321,-4.6038
8477851,2023,D,22,3.3799,0.855,-0.6067
8477887,2023,C,12,0.8601,0.3115,0.1304
8477903,2023,R,82,8.6083,11.0531,0.4197
8477919,2023,C,67,15.508,7.8528,-2.2441
8477930,2023,L,40,9.5343,3.649,-2.0169
8477931,2023,L,36,5.7008,3.2399,-1.095
8477932,2023,D,75,24.9134,8.6968,-0.1226
8477933,2023,C,106,105.4194,45.9857,7.4617
8477934,2023,C,106,115.6648,37.3731,12.0003
8477935,2023,C,88,49.922,28.837,5.695
8477938,2023,D,24,7.1579,1.4066,-0.4659
8477939,2023,R,86,88.1042,34.8433,7.5329
8477940,2023,L,87,55.6696,20.9212,2.7862
8477942,2023,L,87,66.4112,26.0777,6.895
8477944,2023,L,21,4.6511,4.1617,0.1382
8477946,2023,C,68,54.8922,26.5316,1.9143
8477947,2023,L,53,20.5642,6.2479,-0.2945
8477948,2023,D,81,47.3159,10.7778,0.3552
8477949,2023,R,75,55.8757,22.7021,2.7165
8477950,2023,D,40,11.2146,2.9848,2.0536
8477951,2023,C,79,56.6318,18.8986,3.3102
8477952,2023,C,68,24.4981,13.9213,1.9654
8477953,2023,R,73,18.4484,10.2935,-3.6243
8477955,2023,L,80,56.8346,20.8194,2.7509
8477956,2023,R,95,104.6882,45.2599,7.3434
8477960,2023,R,82,70.9577,28.9925,1.771
8477962,2023,L,32,2.2082,3.2652,-0.2566
8477964,2023,L,89,41.4832,16.2032,0.1382
8477969,2023,D,82,37.1905,4.7717,-2.15
8477971,2023,D,87,15.9843,1.686,-0.7149
8477979,2023,R,63,11.838,4.5707,-0.9995
8477986,2023,D,90,46.3704,13.6137,8.9841
8477987,2023,C,78,22.9628,17.6081,-2.331
8477989,2023,C,30,6.5447,4.9806,-2.449
8477993,2023,C,2,0.1259,0.1946,-0.1253
8477998,2023,L,104,39.1786,26.7651,4.7982
8478010,2023,C,86,88.4927,35.9713,5.753
8478011,2023,D,12,4.2052,0.7486,0.0532
8478013,2023,D,63,22.3023,5.3788,-6.1523
8478017,2023,D,23,3.0087,0.7188,-0.2882
8478020,2023,R,77,23.548,14.0569,2.0776
8478021,2023,D,40,6.2631,0.9098,-0.256
8478028,2023,L,57,12.5708,4.1512,-2.6729
8478038,2023,D,92,56.0914,10.261,-3.3895
8478042,2023,L,23,15.5414,7.2475,1.1039
8478043,2023,C,90,18.6954,9.4785,-1.543
8478046,2023,L,82,29.8377,13.9237,-0.3306
8478047,2023,L,81,48.6009,23.7405,5.8492
8478051,2023,C,18,3.5243,1.3636,-1.1867
8478055,2023,D,103,56.103,10.4175,-1.3578
8478057,2023,C,76,32.4746,14.0126,-0.7777
8478067,2023,L,1,0.0196,0.0,-0.087
8478078,2023,C,37,2.4667,4.6911,-0.9725
8478099,2023,R,46,7.0257,5.4434,-2.2525
8478104,2023,L,53,2.8053,3.4562,-1.261
8478109,2023,L,51,13.5607,5.9058,-0.4315
8478115,2023,L,79,23.0206,14.6824,1.209
8478133,2023,C,82,36.0097,10.1636,-10.4698
8478136,2023,D,80,29.8254,5.7721,-5.6794
8478146,2023,C,7,2.0483,0.1765,-0.4367
8478147,2023,L,6,-0.5214,0.046,-0.0322
8478178,2023,D,85,36.2998,4.4991,0.814
8478211,2023,L,28,6.5295,3.1455,-0.3594
8478233,2023,L,75,33.3233,16.8415,0.1515
8478366,2023,R,82,51.6001,27.6682,-3.5886
8478396,2023,D,87,54.5719,8.5044,-2.1474
8478397,2023,D,78,42.4688,9.2097,-1.3474
8478398,2023,L,70,57.7416,26.993,1.2018
8478399,2023,D,57,12.8741,2.3662,-2.9067
8478400,2023,C,28,-0.8835,1.3559,-1.5167
8478401,2023,C,91,51.6233,24.6929,0.8046
8478402,2023,C,101,165.6685,44.0168,16.0781
8478403,2023,C,70,70.8675,30.22,2.5112
8478407,2023,D,59,45.8757,6.6069,2.3734
8478408,2023,D,50,8.6175,1.7768,-3.4657
8478409,2023,C,9,2.7123,0.5579,-0.734
8478413,2023,L,67,23.0366,10.2357,-3.5635
8478414,2023,R,69,43.0925,22.693,1.344
8478416,2023,D,74,18.0926,2.0655,-5.1107
8478420,2023,R,91,96.1799,32.2533,9.8907
8478421,2023,L,59,7.9427,6.0356,-0.9495
8478424,2023,C,45,3.2103,3.0347,-0.39
8478427,2023,C,89,91.228,31.8339,4.2342
8478430,2023,D,33,8.4223,2.2822,-0.7386
8478432,2023,R,79,15.5043,7.6224,-0.8987
8478434,2023,R,85,11.5377,7.2853,0.4569
8478438,2023,C,77,41.2078,13.257,3.7043
8478439,2023,R,76,60.6448,25.2579,2.7034
8478440,2023,C,86,55.6185,25.8908,6.3323
8478443,2023,D,89,23.8156,4.4828,-8.2551
8478444,2023,R,93,77.2347,35.2526,6.4682
8478445,2023,C,85,76.0291,25.165,6.3346
8478446,2023,C,1,-0.2226,0.0,-0.0081
8478449,2023,C,95,63.4097,28.8069,7.7543
8478450,2023,D,51,16.2102,1.2239,-1.3894
8478451,2023,D,24,4.356,1.1741,-0.9
8478452,2023,D,28,5.5643,1.251,0.0121
8478454,2023,D,56,10.755,1.5254,-3.3701
8478458,2023,C,75,31.3857,15.1592,-1.4558
8478460,2023,D,70,55.4263,12.7848,0.6642
8478462,2023,C,77,36.9801,16.6536,0.54
8478463,2023,R,66,13.8186,11.5895,0.4836
8478466,2023,R,76,36.3514,14.8781,0.4834
8478468,2023,D,85,21.1493,5.9537,-3.8289
8478469,2023,D,51,31.6516,7.5213,2.114
8478472,2023,R,72,31.8461,14.2622,-1.2533
8478474,2023,L,81,37.2057,20.4994,-3.9694
8478477,2023,C,23,1.7005,1.1783,-1.636
8478483,2023,R,76,84.8541,19.5909,5.8289
8478493,2023,C,77,54.5534,40.9277,3.58
8478495,2023,R,18,1.5296,1.576,-0.1916
8478498,2023,L,93,42.2382,26.2947,-0.403
8478500,2023,D,82,33.1588,5.0677,-9.0263
8478502,2023,D,34,9.3638,0.9411,-1.0246
8478507,2023,D,75,27.2284,4.7408,-6.0555
8478508,2023,C,86,14.8278,14.7209,-2.1863
8478512,2023,C,34,0.0532,2.3232,-0.2567
8478519,2023,C,84,43.6665,17.4413,-0.3463
8478542,2023,C,104,44.2337,23.2639,6.1165
8478550,2023,L,98,126.2851,32.4532,9.4164
8478569,2023,C,55,9.783,6.4207,-2.9587
8478585,2023,C,89,19.7791,8.0317,-1.1682
8478831,2023,C,105,18.5316,11.7397,-3.8952
8478840,2023,D,82,27.5823,4.3448,-2.2872
8478851,2023,D,79,26.3988,5.2584,-1.9692
8478854,2023,D,31,1.6784,0.6923,-0.7837
8478856,2023,R,95,46.8334,20.5404,6.0866
8478859,2023,D,106,27.212,6.4262,-2.782
8478864,2023,L,75,87.1934,33.1702,8.991
8478873,2023,R,76,48.4987,16.1276,0.3499
8478874,2023,R,2,-0.1712,0.0,0.0428
8478881,2023,L,4,-0.3322,0.0348,-0.106
8478882,2023,D,82,26.4616,4.8322,-2.3593
8478891,2023,C,87,30.9572,12.028,-1.6532
8478904,2023,C,54,4.6877,4.3916,0.0602
8478911,2023,D,86,33.0625,7.155,-2.2418
8478956,2023,L,2,-0.1633,0.0,-0.0831
8478970,2023,D,83,28.8414,5.3467,3.4224
8478975,2023,L,94,51.4361,19.4067,2.8484
8479026,2023,D,5,-0.234,0.1696,-0.1439
8479066,2023,L,83,2.276,6.5224,0.0713
8479249,2023,C,2,-0.1084,0.0,-0.0992
8479291,2023,C,33,2.2905,3.0904,-2.1403
8479293,2023,L,66,13.0245,8.6095,-2.4328
8479314,2023,L,104,98.1407,41.657,10.5559
8479315,2023,R,55,12.8385,5.1437,-1.9481
8479316,2023,C,77,14.9806,11.1176,-9.2257
8479318,2023,C,86,99.9401,47.4061,10.2992
8479320,2023,D,7,1.8609,0.0046,0.2068
8479321,2023,D,8,1.5641,0.3444,-0.3363
8479323,2023,D,88,82.5269,11.2954,5.4153
8479324,2023,D,92,26.0287,3.9919,-8.7381
8479325,2023,D,87,59.7278,11.7549,2.791
8479328,2023,R,27,7.5666,3.4142,-0.9931
8479330,2023,C,7,1.0471,1.0413,-0.869
8479336,2023,R,55,7.583,7.9846,1.5698
8479337,2023,R,82,58.6702,24.8871,3.9709
8479339,2023,L,18,7.6472,3.8538,-0.4191
8479343,2023,R,78,66.5654,22.9452,2.9693
8479344,2023,R,22,2.4711,2.4501,0.4684
8479345,2023,D,82,43.264,12.245,3.5564
8479346,2023,C,43,4.0672,4.7053,-2.2418
8479348,2023,D,3,0.7815,0.1262,0.1096
8479351,2023,C,96,24.2341,11.3242,-0.8063
8479353,2023,C,79,17.5152,9.7328,-2.9876
8479359,2023,L,85,14.5942,10.8131,-7.4651
8479362,2023,L,5,1.6238,0.6279,-0.1551
8479365,2023,C,95,38.2668,16.4548,1.8804
8479367,2023,R,26,-0.0213,1.0893,0.8212
8479368,2023,L,52,11.0287,8.8374,-0.9234
8479369,2023,D,44,13.2729,1.2719,-2.7559
8479370,2023,C,43,3.9399,3.7031,-1.3045
8479371,2023,D,59,16.1615,2.6394,-0.8469
8479372,2023,D,30,9.6961,1.2799,-0.5112
8479376,2023,D,1,0.0493,0.0,0.0945
8479378,2023,D,28,4.6075,1.0051,0.3931
8479379,2023,R,36,1.3954,2.9697,-0.7374
8479383,2023,L,59,11.1718,6.9662,-2.0326
8479385,2023,R,82,59.2638,25.2166,5.4478
8479390,2023,R,73,7.8411,13.3906,-0.9088
8479393,2023,L,65,7.4692,10.527,-2.2045
8479398,2023,D,68,22.9183,4.0485,0.7636
8479400,2023,C,87,35.1357,19.5571,3.9362
8479402,2023,D,72,14.5085,3.9078,-5.4341
8479407,2023,L,82,74.8987,28.0606,5.9969
8479410,2023,D,36,21.4287,3.3956,-1.7933
8479414,2023,R,54,8.4294,7.0141,-1.4015
8479415,2023,C,45,20.4466,8.9093,-0.9528
8479419,2023,L,2,-0.3812,0.1645,0.2935
8479420,2023,C,71,51.7035,24.4138,2.3573
8479421,2023,D,24,1.9444,0.2292,-0.1723
8479423,2023,L,28,12.7264,9.7189,0.3974
8479425,2023,D,94,55.1436,8.3097,-2.4216
8479439,2023,D,34,7.4862,3.6819,-0.7827
8479442,2023,D,54,7.7856,2.5088,-4.0184
8479458,2023,D,38,8.7994,1.0272,-2.5583
8479514,2023,C,9,-0.0365,2.1809,0.333
8479520,2023,L,91,8.5615,10.8341,-3.4932
8479522,2023,D,6,0.7457,0.2138,0.0779
8479525,2023,C,91,35.5011,19.3308,3.794
8479533,2023,L,4,0.0581,0.1846,-0.0875
8479536,2023,L,27,4.3475,1.4646,0.6168
8479542,2023,L,87,69.4913,27.0549,0.8812
8479543,2023,L,61,7.2169,3.2657,-2.7536
8479546,2023,C,34,-0.3628,2.1256,-0.0724
8479547,2023,R,31,4.2184,2.7208,-0.2316
8479576,2023,D,94,20.1176,1.7132,0.2311
8479587,2023,C,1,-0.0135,0.0,0.042
8479591,2023,C,86,16.4406,12.9618,1.602
8479619,2023,L,74,23.9742,11.3784,-0.216
8479638,2023,R,28,6.9959,5.2251,0.4011
8479639,2023,D,1,0.1782,0.0762,0.0215
8479661,2023,L,59,11.0595,7.1397,0.8736
8479671,2023,R,54,8.491,5.8266,-1.8841
8479675,2023,L,87,51.0121,29.413,1.7714
8479718,2023,C,36,7.0856,5.5022,0.3497
8479772,2023,R,30,1.8086,1.2728,-0.0401
8479941,2023,R,71,23.832,12.1797,-4.8164
8479944,2023,L,3,-0.1067,0.2813,-0.0843
8479968,2023,C,46,6.8251,3.7542,-0.3582
8479972,2023,C,20,1.612,1.676,-0.0253
8479976,2023,D,68,20.0274,3.7739,-0.5962
8479977,2023,R,59,16.0518,9.3467,1.6046
8479980,2023,D,74,16.3989,4.3285,-2.8986
8479981,2023,L,39,2.2615,3.0006,0.2756
8479982,2023,D,25,11.977,1.1168,1.8454
8479983,2023,D,78,22.8842,5.5104,-10.1195
8479984,2023,D,4,0.9547,0.0,-0.3655
8479985,2023,D,1,0.2064,0.0614,-0.0034
8479986,2023,R,1,-0.1762,0.0,0.0034
8479987,2023,C,89,33.4407,16.2282,1.3045
8479991,2023,C,1,0.0893,0.0,-0.008
8479992,2023,C,75,26.7704,13.8414,-2.6867
8479994,2023,C,31,2.2646,3.3087,-0.3258
8479996,2023,C,41,11.8436,9.4943,0.8373
8479998,2023,D,79,26.7331,4.9821,-3.6983
8479999,2023,C,91,56.9537,17.4807,5.4086
8480001,2023,D,68,15.3428,2.1648,-4.416
8480002,2023,C,71,55.3199,26.9693,2.9762
8480003,2023,C,55,12.211,5.7967,0.7953
8480007,2023,R,20,2.1037,3.2388,-0.2763
8480008,2023,C,42,7.5348,3.0796,0.3256
8480009,2023,R,81,33.7251,16.3029,2.1596
8480011,2023,C,52,11.5715,4.7282,-1.3104
8480012,2023,C,95,85.4825,26.8682,4.3525
8480014,2023,C,52,36.8227,17.468,1.5322
8480015,2023,R,78,42.8707,24.3518,4.1203
8480018,2023,C,82,70.7682,24.6508,3.2209
8480021,2023,C,22,0.6205,1.3961,-2.2377
8480023,2023,C,82,79.7841,21.38,1.3107
8480025,2023,R,67,8.1809,6.8993,-2.8049
8480027,2023,L,101,92.6116,28.9238,10.2362
8480028,2023,C,71,34.9596,15.1741,3.8882
8480031,2023,L,2,0.8289,0.2061,0.0224
8480032,2023,C,8,-0.0791,0.5586,-0.3415
8480035,2023,D,74,23.3049,3.4602,-1.6951
8480036,2023,D,90,73.4428,13.5315,9.482
8480039,2023,C,88,54.5131,25.0976,3.7148
8480043,2023,D,61,29.4497,2.9151,0.5378
8480049,2023,D,83,20.4369,2.8961,-1.696
8480058,2023,D,52,12.4631,1.3643,-1.1479
8480064,2023,C,50,24.7788,12.8187,2.3113
8480068,2023,C,77,31.7217,12.2095,-0.8868
8480069,2023,D,88,107.0569,17.2458,1.2948
8480070,2023,D,13,2.1436,0.4214,-0.0831
8480073,2023,D,76,22.0179,5.7386,-2.108
8480074,2023,L,78,25.2711,12.3129,-6.5215
8480075,2023,D,1,-0.0088,0.0,0.0089
8480078,2023,C,16,5.1195,1.9673,-0.0372
8480084,2023,D,34,7.8889,1.2088,0.0522
8480113,2023,L,87,24.6262,13.7158,-0.7057
8480144,2023,C,85,28.9549,8.5253,-6.0833
8480145,2023,D,87,38.0463,6.4264,-3.825
8480157,2023,D,6,0.9959,0.1617,-0.4421
8480172,2023,D,69,19.9662,4.4724,-10.2448
8480184,2023,D,46,12.3754,1.8984,-2.7115
8480185,2023,C,106,28.1641,16.0654,0.3878
8480188,2023,L,82,32.8516,22.7255,-2.961
8480192,2023,D,62,15.2332,2.7247,-4.681
8480196,2023,D,36,10.3444,0.5892,-1.0207
8480205,2023,C,56,12.0949,7.2844,0.1973
8480208,2023,R,82,56.3497,22.5247,4.5181
8480216,2023,C,6,0.1641,0.3317,-1.1809
8480220,2023,L,59,18.1275,8.079,1.2975
8480222,2023,D,58,13.0291,1.8105,0.8658
8480226,2023,R,2,-0.2211,0.2052,-0.0048
8480245,2023,R,18,4.3637,3.6354,0.332
8480246,2023,D,79,29.7235,2.825,-0.7012
8480252,2023,C,27,6.3313,4.8005,-1.0561
8480267,2023,C,4,-0.107,0.2101,-0.4131
8480274,2023,D,1,0.0,0.0,0.0077
8480281,2023,R,82,15.3522,13.427,-4.1628
8480289,2023,C,80,15.074,9.492,-1.3664
8480292,2023,R,14,1.3658,0.974,-0.713
8480306,2023,D,2,0.0645,0.0,0.1691
8480336,2023,D,92,30.6431,8.8383,0.197
8480355,2023,C,63,6.8833,5.6857,-1.0826
8480434,2023,D,76,41.0931,9.8304,3.2034
8480441,2023,R,11,2.2993,1.2651,-0.3594
8480448,2023,C,80,15.7666,8.0662,-4.4592
8480459,2023,C,80,28.2743,16.9943,0.655
8480468,2023,L,31,2.1183,2.3945,0.4549
8480727,2023,D,67,19.9478,2.4934,-1.5732
8480748,2023,L,74,22.2708,9.5946,-0.0452
8480762,2023,L,47,5.3221,7.5718,-1.0333
8480776,2023,R,9,2.2022,1.6644,0.0725
8480789,2023,R,32,6.0068,4.8807,-0.5573
8480796,2023,D,70,23.2123,4.0292,-3.4474
8480797,2023,L,82,43.5729,18.5664,3.2749
8480798,2023,C,75,46.0126,14.4863,0.6612
8480800,2023,D,95,98.8858,12.3437,7.4795
8480801,2023,L,81,58.4888,40.4138,7.7933
8480802,2023,C,105,27.0965,14.7564,2.7964
8480803,2023,D,106,117.2505,18.2451,16.3643
8480806,2023,C,46,11.7841,6.0484,-1.6929
8480807,2023,D,41,9.4342,1.7703,-2.9961
8480813,2023,C,80,23.1954,10.6986,-2.3173
8480817,2023,D,96,36.6726,5.6661,-2.0607
8480821,2023,R,72,17.7351,12.1817,-3.1431
8480823,2023,D,43,6.4354,0.7955,0.1471
8480829,2023,C,90,22.7395,16.0037,3.5892
8480830,2023,R,70,52.9943,21.5087,5.5926
8480834,2023,D,30,11.4591,1.0055,-1.8344
8480835,2023,C,85,28.6868,14.0278,2.4269
8480836,2023,L,13,1.0748,0.9581,-0.4762
8480839,2023,D,81,61.4522,14.0496,5.5479
8480844,2023,L,6,-0.602,0.5573,-0.0454
8480845,2023,C,28,0.4609,2.4744,-0.5892
8480848,2023,C,48,10.4889,5.7687,-1.5476
8480849,2023,C,33,6.9477,10.279,1.2913
8480851,2023,C,7,4.0903,0.5151,0.2947
8480853,2023,C,13,2.8637,0.8675,-0.3897
8480855,2023,C,67,23.6757,6.8993,-1.9136
8480860,2023,D,82,13.0214,2.5229,-4.5822
8480865,2023,D,84,75.6545,7.8841,1.0611
8480870,2023,C,45,1.5444,3.0745,-3.1465
8480871,2023,D,35,10.4845,2.6348,0.0306
8480873,2023,D,69,23.533,4.0957,-0.4816
8480874,2023,D,9,1.9224,0.1369,-0.1849
8480878,2023,D,71,20.5903,2.9395,1.3652
8480879,2023,D,72,19.4046,1.4981,-4.6428
8480880,2023,C,65,7.3758,5.2228,-0.9447
8480884,2023,D,72,17.6924,5.5881,-1.4016
8480887,2023,D,56,15.851,1.5996,-4.1318
8480890,2023,C,5,0.9064,0.0157,0.1073
8480891,2023,D,65,22.3328,3.4583,-1.2212
8480893,2023,R,78,38.1807,19.8912,1.4503
8480950,2023,D,81,15.7297,2.9875,-8.4732
8480980,2023,C,80,17.0638,9.6073,-4.2696
8480990,2023,D,31,9.5909,1.6841,1.4457
8480995,2023,R,61,13.9983,6.1555,-1.8183
8481006,2023,D,26,3.6482,0.6192,-1.0982
8481013,2023,R,12,5.5594,1.0097,0.1175
8481014,2023,D,86,28.4118,4.4929,-6.1535
8481016,2023,C,2,0.7365,0.2454,-0.0867
8481019,2023,C,43,6.9368,3.0274,0.3161
8481024,2023,C,6,0.1336,0.586,-0.1837
8481028,2023,C,63,15.9722,10.9769,0.0899
8481030,2023,D,14,1.5979,0.2958,-0.4187
8481032,2023,L,76,17.4262,9.7468,0.5664
8481042,2023,R,2,-0.1647,0.0356,0.2913
8481043,2023,L,9,1.4962,1.0924,0.0763
8481056,2023,D,23,5.5274,0.9597,-0.1259
8481058,2023,R,59,8.1738,5.7609,-3.0384
8481059,2023,D,54,17.4555,1.7634,-0.2867
8481065,2023,C,13,2.5205,1.3612,-0.0949
8481068,2023,C,82,55.3064,20.5116,2.5392
8481070,2023,L,5,0.3006,0.8414,0.192
8481077,2023,L,6,0.9371,0.2838,-0.0591
8481093,2023,L,45,8.1736,3.6794,-3.752
8481122,2023,D,71,8.5883,2.7801,-2.2887
8481147,2023,C,42,4.8581,4.3733,-1.971
8481161,2023,D,12,2.8059,0.2364,-0.6396
8481167,2023,D,50,9.3205,2.3084,-1.7273
8481178,2023,D,66,22.5868,2.1087,0.9398
8481186,2023,R,57,22.7199,10.5983,-1.4928
8481206,2023,D,33,7.1301,1.453,-0.2264
8481237,2023,C,37,7.9072,3.2569,0.0101
8481239,2023,L,8,0.6884,1.0246,0.2019
8481422,2023,C,40,3.5327,1.8246,-1.5466
8481441,2023,C,3,-0.1208,0.0,-0.0588
8481462,2023,L,9,3.6044,1.0696,0.1159
8481477,2023,C,63,10.869,6.2525,-6.1674
8481481,2023,C,67,13.2882,8.1268,-2.4242
8481517,2023,R,68,18.662,8.2059,-5.087
8481518,2023,L,4,0.9482,0.4521,-0.403
8481521,2023,D,12,1.9731,0.8739,-0.3711
8481522,2023,C,80,14.575,5.7646,-1.1051
8481523,2023,C,2,1.9585,0.5516,-0.0371
8481524,2023,D,73,32.1543,6.0144,-0.534
8481527,2023,D,26,9.7044,1.2115,1.1874
8481528,2023,C,79,45.0017,22.3486,-0.4
8481532,2023,C,20,3.1442,1.1547,-0.2339
8481533,2023,C,31,11.8781,7.0843,1.0575
8481534,2023,C,7,-0.8218,0.3374,-0.1236
8481535,2023,L,91,32.0573,15.285,0.5116
8481537,2023,D,52,10.3608,2.731,-3.7146
8481540,2023,R,82,58.8604,34.5714,4.7709
8481541,2023,D,34,6.0711,0.984,-0.7005
8481542,2023,D,82,47.862,7.0728,-5.1157
8481543,2023,C,23,0.9205,1.1375,-1.1311
8481546,2023,D,82,32.7822,9.6514,2.0143
8481550,2023,L,11,1.4701,0.7339,-0.1094
8481553,2023,R,57,20.4608,9.3889,-0.1076
8481554,2023,R,76,16.0728,9.8889,0.268
8481556,2023,C,64,13.5434,6.9671,-2.5087
8481557,2023,L,75,64.6566,24.8004,10.2198
8481559,2023,C,62,66.6559,26.8563,6.4264
8481560,2023,R,51,11.4783,9.6836,2.0675
8481564,2023,D,41,7.2255,1.4393,-0.0226
8481567,2023,D,51,12.4068,2.433,-5.9539
8481568,2023,D,76,18.8019,4.1046,-4.9942
8481577,2023,R,41,16.4427,6.4849,0.6864
8481578,2023,R,3,-0.5464,0.2249,-0.1614
8481580,2023,L,84,28.2181,19.3099,-2.2091
8481581,2023,D,98,56.0887,10.7952,4.2251
8481582,2023,L,62,23.5276,9.0627,0.1714
8481585,2023,L,2,-0.1377,0.2763,-0.2022
8481591,2023,R,3,-0.2855,0.0669,0.0554
8481592,2023,L,13,2.079,1.0956,-0.1814
8481593,2023,D,56,12.6201,1.7314,-2.2496
8481596,2023,C,41,23.538,15.0071,2.8124
8481598,2023,D,22,6.0638,0.3904,-1.3324
8481599,2023,D,3,0.1701,0.056,-0.2431
8481600,2023,D,4,0.4559,0.0211,-0.3201
8481601,2023,R,78,22.8349,9.9719,-5.4939
8481604,2023,R,48,21.6867,11.1998,1.2073
8481605,2023,D,71,19.2264,3.5105,-5.7846
8481606,2023,D,76,26.6247,4.2112,3.3758
8481609,2023,D,5,4.3092,0.1404,0.197
8481617,2023,R,21,0.343,2.3485,0.3118
8481618,2023,C,55,28.3496,11.4847,0.3842
8481624,2023,R,89,25.6008,16.4508,0.735
8481641,2023,L,64,9.2589,6.3851,-0.88
8481655,2023,R,4,-0.2608,0.1363,-0.0904
8481656,2023,L,82,29.0799,11.9507,-0.6625
8481679,2023,D,7,0.1661,0.3198,-0.5117
8481690,2023,C,2,0.0312,0.0,-0.2491
8481699,2023,R,1,1.1606,0.0,0.0375
8481701,2023,D,12,2.1246,0.6061,-0.8107
8481703,2023,R,52,17.2994,8.5895,2.178
8481704,2023,C,45,9.6764,8.4507,0.8307
8481708,2023,D,31,9.3442,2.3897,-0.5233
8481711,2023,L,82,51.2009,16.8004,2.1853
8481716,2023,L,75,26.0848,19.6588,2.4269
8481719,2023,D,16,3.2174,0.4508,0.1251
8481726,2023,C,11,1.6044,0.8134,-0.4176
8481743,2023,D,9,3.2047,0.3679,-0.8206
8481751,2023,R,15,1.7737,0.4435,0.0116
8481754,2023,C,3,0.7425,0.9249,0.1171
8481789,2023,L,77,13.529,10.7526,-1.2564
8481806,2023,D,24,4.426,0.3952,-3.321
8481812,2023,D,10,0.9554,0.1862,-1.495
8482055,2023,L,79,27.1597,20.3184,-0.6003
8482061,2023,L,5,1.8644,1.25,-0.2239
8482062,2023,R,85,17.7762,14.6299,-3.4031
8482067,2023,D,1,0.0204,0.0201,-0.1603
8482070,2023,R,35,5.3667,3.755,-0.4788
8482073,2023,D,98,27.0598,4.9947,-2.2082
8482074,2023,C,63,30.9549,10.0068,1.1984
8482077,2023,L,63,10.9664,8.8265,0.4983
8482078,2023,L,82,68.9859,24.1602,1.6989
8482079,2023,C,82,34.6199,19.0658,3.1616
8482087,2023,D,70,26.2849,4.9257,-5.8898
8482088,2023,C,3,-0.0365,0.1501,-0.0767
8482089,2023,L,77,36.0763,21.8202,1.2243
8482092,2023,C,72,20.1002,11.4627,-1.5991
8482093,2023,R,92,71.646,34.2103,3.8749
8482094,2023,D,12,1.2313,0.292,-0.2134
8482095,2023,D,9,1.7722,0.463,-0.3485
8482097,2023,R,27,15.2239,6.3055,0.1541
8482101,2023,L,4,1.6476,0.3072,-0.4633
8482102,2023,C,2,1.9186,0.0807,0.0853
8482105,2023,D,79,42.8954,10.109,1.1359
8482109,2023,L,98,61.8948,31.2604,3.1909
8482110,2023,C,82,29.0009,18.9826,-1.0926
8482111,2023,D,48,13.5209,4.6493,-1.1264
8482113,2023,C,102,41.9563,22.0075,4.164
8482116,2023,C,75,64.0752,24.9312,4.0902
8482117,2023,L,65,10.7583,10.5191,-2.3562
8482118,2023,R,3,0.6204,0.8489,0.0717
8482122,2023,D,82,50.1842,7.452,-1.5395
8482124,2023,R,85,52.704,23.2684,4.6377
8482125,2023,R,82,22.8686,11.2916,-0.2216
8482126,2023,D,4,0.1891,0.0,-0.3116
8482133,2023,C,27,8.8293,5.3895,-0.4131
8482141,2023,D,2,1.0477,0.2322,0.2694
8482142,2023,D,34,11.9418,2.3508,0.5343
8482144,2023,D,3,0.2636,0.0894,-0.1938
8482145,2023,C,2,0.0822,0.2622,0.0508
8482146,2023,R,86,34.5324,19.1947,4.2551
8482147,2023,C,4,0.9596,0.2276,-0.1798
8482148,2023,C,55,23.3909,5.6051,-0.704
8482149,2023,C,72,33.3291,16.2694,3.0299
8482153,2023,C,15,7.2062,1.8115,0.0966
8482155,2023,R,86,16.43,13.8955,1.6505
8482157,2023,L,97,12.8126,15.4954,0.2647
8482159,2023,R,77,28.0773,19.2318,3.7315
8482162,2023,L,7,0.6584,0.7339,0.0377
8482165,2023,D,1,0.025,0.0453,0.1991
8482166,2023,D,3,0.9837,0.2718,-0.3655
8482172,2023,L,16,3.6329,1.6352,-1.2199
8482175,2023,R,82,42.5122,22.9915,2.5233
8482176,2023,D,32,7.3459,0.5915,-3.132
8482177,2023,C,16,2.7181,0.54,-0.0001
8482192,2023,D,33,7.1622,1.85,-3.2087
8482197,2023,R,5,-0.0017,0.0,0.1135
8482201,2023,C,2,-0.2875,0.0,0.0081
8482222,2023,L,46,8.9959,8.4362,-1.0865
8482241,2023,L,33,4.9256,5.3429,0.6359
8482245,2023,D,69,28.7721,3.0933,-2.1708
8482250,2023,C,1,-0.0494,0.0,-0.1692
8482259,2023,C,56,17.8519,11.9189,-0.1505
8482451,2023,L,17,1.7515,1.2789,-1.6861
8482460,2023,C,28,0.9532,2.0307,-0.0012
8482470,2023,D,10,3.3239,0.4144,-0.3873
8482475,2023,R,53,24.4453,9.3449,0.581
8482476,2023,L,4,-0.0219,0.0,0.0236
8482496,2023,C,48,6.2626,4.4642,-1.5487
8482511,2023,D,52,19.2128,3.2262,-0.5678
8482516,2023,D,39,9.6698,0.7976,-2.15
8482624,2023,D,24,7.0385,2.3272,1.0148
8482634,2023,C,1,0.0036,0.002,0.1368
8482652,2023,R,40,4.6736,2.7276,-0.9106
8482655,2023,D,80,28.7949,5.0785,-6.7046
8482659,2023,R,11,8.8473,3.4581,0.3905
8482660,2023,C,42,13.2243,5.6581,0.4683
8482665,2023,C,77,29.9805,15.3625,1.5546
8482666,2023,D,2,-0.024,0.1939,0.0716
8482667,2023,L,80,40.905,16.1901,-2.7897
8482671,2023,D,76,35.2348,8.3231,-2.8076
8482679,2023,R,34,7.428,6.1132,0.5092
8482684,2023,D,82,45.1753,7.809,6.6206
8482699,2023,R,45,31.6637,11.7805,0.5173
8482702,2023,C,43,18.0499,10.6164,2.7586
8482705,2023,C,77,29.2401,16.1714,-5.3715
8482712,2023,R,1,-0.1514,0.0687,-0.0917
8482713,2023,R,7,-0.3959,1.096,0.2115
8482720,2023,L,87,31.5348,15.5534,0.4449
8482730,2023,D,16,5.571,2.0416,0.474
8482733,2023,D,1,1.1844,0.1058,0.1847
8482737,2023,R,25,7.3856,2.8851,-0.9892
8482740,2023,C,101,72.4157,34.8413,4.128
8482744,2023,L,11,3.3539,1.0473,-0.4378
8482745,2023,C,64,31.1043,15.2025,0.1358
8482747,2023,L,3,-0.3883,0.3747,-0.0951
8482749,2023,R,23,7.7005,4.2453,-0.176
8482751,2023,C,9,-0.4609,0.5916,0.235
8482762,2023,D,16,2.6459,0.5869,-0.8143
8482765,2023,R,7,-0.2323,0.8252,-0.1261
8482784,2023,C,9,-0.5241,1.0703,-0.2407
8482787,2023,R,1,1.0561,0.2419,0.0867
8482803,2023,D,26,8.7538,1.5647,-0.9915
8482807,2023,D,2,0.1435,0.0,-0.0487
8482809,2023,R,1,-0.0349,0.3927,0.0866
8482858,2023,D,36,11.1176,1.7675,0.3442
8482859,2023,C,7,-0.2623,0.5413,-0.1202
8482861,2023,D,7,0.1267,0.1841,-0.1175
8482929,2023,D,42,8.256,1.3702,-1.8991
8482964,2023,D,44,10.0031,1.928,-2.0197
8483012,2023,C,4,0.1282,0.928,0.1447
8483045,2023,R,1,0.0,0.0,0.0145
8483395,2023,L,8,-0.4862,0.1767,-0.11
8483397,2023,C,1,1.0824,0.3054,-0.1436
8483398,2023,D,1,0.1261,0.0,0.2951
8483401,2023,R,1,0.0243,0.0,-0.2562
8483407,2023,D,1,-0.0789,0.0,-0.1465
8483431,2023,C,82,38.5244,15.6279,-0.1607
8483432,2023,C,1,1.1398,0.2061,0.0583
8483445,2023,L,1,0.8353,0.2812,-0.0545
8483457,2023,D,2,1.9326,0.3832,0.0648
8483460,2023,D,43,10.5208,1.5354,-2.061
8483466,2023,D,76,14.761,3.2789,-2.9902
8483468,2023,C,1,-0.0817,0.03,-0.0849
8483471,2023,C,1,0.9981,0.2863,0.0928
8483482,2023,D,7,3.094,0.5928,-0.6946
8483489,2023,C,4,-0.2961,0.2909,-0.2806
8483490,2023,D,63,29.2605,5.5238,-1.2066
8483491,2023,L,22,4.9526,3.637,-0.5579
8483493,2023,C,3,0.7077,0.1734,-0.4643
8483495,2023,D,60,20.143,4.4066,0.6219
8483499,2023,L,4,1.751,0.5845,-0.0569
8483505,2023,C,33,14.8895,4.585,1.7501
8483512,2023,C,1,-0.0338,0.0,0.0
8483515,2023,L,82,41.409,21.1064,2.9076
8483524,2023,C,8,4.2982,1.6413,0.4828
8483531,2023,L,2,-0.1131,0.1077,-0.1808
8483546,2023,D,2,0.0515,0.0109,-0.0542
8483549,2023,L,3,0.318,0.1349,0.006
8483565,2023,D,12,1.9443,0.3359,-0.374
8483567,2023,C,4,0.1573,0.3928,-0.0739
8483570,2023,C,23,2.7101,0.9703,-1.0898
8483597,2023,L,10,0.0922,0.6068,-0.2227
8483609,2023,R,6,0.5578,0.3163,-0.0921
8483619,2023,D,4,-0.0784,0.0277,-0.2278
8483630,2023,L,5,-0.4501,0.5296,0.0312
8483763,2023,D,1,-0.0643,0.0199,0.1514
8483808,2023,L,72,41.5728,15.78,5.4005
8483920,2023,R,3,-0.0308,0.2562,-0.0696
8484144,2023,C,68,51.7288,22.3125,0.9691
8484145,2023,L,71,25.2365,13.1242,0.3213
8484149,2023,C,1,-0.1094,0.0,0.0983
8484153,2023,C,55,29.8482,13.0917,0.0976
8484166,2023,C,49,24.94,10.9043,0.3248
8484203,2023,L,1,-0.1803,0.3382,0.1239
8484254,2023,D,3,-0.0771,0.0,0.0504
8484255,2023,R,7,0.6133,0.4255,0.2078
8484258,2023,D,23,10.8789,0.9078,0.2148
8484259,2023,C,2,-0.2186,0.5036,0.0464
8484287,2023,D,1,0.0929,0.3289,0.0498
8484304,2023,D,26,4.0401,1.3258,-0.4835
8484314,2023,L,20,1.3638,0.9779,-0.2404
8484321,2023,D,4,0.2872,0.0254,-0.043
8484325,2023,C,19,0.7441,1.9403,-0.9353
8484326,2023,D,1,0.0164,0.0173,-0.1416
8484911,2023,R,7,1.451,0.6385,-0.5058
8470600,2024,D,87,18.0904,3.4345,-3.7086
8470613,2024,D,97,32.4314,8.4559,1.152
8470621,2024,R,103,40.7827,21.8828,4.1012
8471214,2024,L,75,72.8558,29.1459,1.3878
8471215,2024,C,68,44.8995,17.2173,2.6131
8471675,2024,C,80,77.1656,30.3061,3.9915
8471677,2024,D,41,6.0476,0.9133,-2.7122
8471685,2024,C,87,71.039,13.159,0.1624
8471709,2024,D,27,3.414,0.6971,-1.0248
8471724,2024,D,74,27.5476,10.4094,-1.3077
8471817,2024,R,35,1.7518,1.3694,-0.9401
8473419,2024,L,94,65.5086,32.8401,4.218
8473422,2024,L,78,35.6185,14.8346,-3.5897
8473446,2024,D,38,4.443,2.2078,-0.6434
8473453,2024,C,62,10.6038,4.5414,-1.1347
8473507,2024,D,44,7.9641,1.3987,-2.169
8473512,2024,R,87,53.8656,14.5156,-0.8847
8473533,2024,C,90,55.4559,16.823,-1.2333
8473986,2024,L,82,33.6722,15.6372,-2.7987
8473994,2024,L,98,40.1532,23.0999,3.1666
8474013,2024,D,82,19.0288,3.7186,-4.4544
8474034,2024,L,68,14.7209,9.3095,-2.1096
8474037,2024,L,71,33.6885,12.5681,1.7513
8474090,2024,D,32,6.4564,2.1052,-0.8251
8474102,2024,L,49,17.1184,8.6612,1.571
8474141,2024,R,72,56.3326,16.4574,4.1738
8474145,2024,D,17,1.7821,0.3123,-0.1334
8474149,2024,L,96,41.7733,17.8573,2.4795
8474150,2024,C,76,44.6655,17.9124,-3.4236
8474151,2024,D,87,35.3517,4.7474,-0.7565
8474157,2024,L,48,18.0937,10.0323,0.7551
8474166,2024,D,44,12.8985,1.3686,-3.4525
8474189,2024,C,89,24.3401,12.0225,-0.4347
8474563,2024,D,36,18.8286,4.1675,-0.1601
8474564,2024,C,82,42.1912,20.3197,4.5473
8474565,2024,D,81,39.635,7.6086,0.1873
8474567,2024,D,87,16.8748,3.0885,-5.1047
8474568,2024,D,87,8.8292,4.1573,-0.6668
8474574,2024,D,71,22.6035,5.0266,-3.2821
8474578,2024,D,82,52.16,9.7629,1.5559
8474586,2024,R,42,25.8288,9.9354,1.4784
8474590,2024,D,89,54.2038,12.4696,1.535
8474600,2024,D,53,37.7351,11.1738,1.6715
8474612,2024,D,59,7.4801,2.8258,-3.3382
8474641,2024,C,103,41.6921,18.8875,-0.5599
8474673,2024,D,54,9.3148,1.221,-2.6072
8474679,2024,R,85,26.5446,12.9931,1.313
8474709,2024,L,32,0.2777,1.4259,-1.231
8474715,2024,R,39,8.6013,4.4168,-0.2285
8474716,2024,D,72,34.6798,5.8394,0.1911
8474870,2024,C,9,1.3429,0.3989,-0.2984
8475149,2024,L,77,35.1017,12.6992,1.1637
8475151,2024,C,82,45.6985,20.2863,0.1951
8475158,2024,C,79,43.9355,24.3488,3.0939
8475166,2024,C,88,61.3411,35.8037,4.7024
8475167,2024,D,84,67.0094,11.561,3.4287
8475168,2024,C,100,78.5042,21.2146,5.3767
8475169,2024,L,21,8.9532,5.4013,0.8261
8475170,2024,C,89,42.977,19.2126,1.1847
8475171,2024,D,90,31.5859,6.2386,1.5438
8475172,2024,C,82,57.7777,25.6537,1.7089
8475177,2024,D,47,8.5301,1.5385,-0.289
8475179,2024,D,93,19.8521,4.7279,-0.7216
8475181,2024,D,38,6.6373,0.9689,0.2262
8475184,2024,L,68,26.7002,22.2821,2.44
8475188,2024,D,93,27.6045,5.003,-1.0168
8475191,2024,R,90,41.2266,18.7677,-1.2594
8475193,2024,L,78,16.0995,8.215,1.9024
8475197,2024,D,13,3.0265,0.681,0.1465
8475200,2024,D,91,32.3374,8.5943,-2.1833
8475208,2024,D,85,23.8782,4.3369,-6.8799
8475218,2024,D,72,39.7255,10.105,1.4638
8475220,2024,L,83,30.4794,15.274,-1.0282
8475225,2024,C,59,14.6652,7.1557,-1.2488
8475231,2024,C,82,17.3846,9.8434,-0.9319
8475233,2024,D,80,19.7148,2.3749,-9.4418
8475235,2024,L,31,2.262,2.4825,-0.4798
8475279,2024,D,81,12.3791,4.4878,-4.7597
8475287,2024,L,74,21.7258,14.2772,-0.7842
8475314,2024,L,82,49.7955,34.3994,4.8299
8475324,2024,D,77,22.1387,3.6452,-3.7033
8475343,2024,C,92,44.3015,12.6945,-3.3001
8475413,2024,C,57,5.4729,3.5442,-0.547
8475455,2024,D,83,11.9959,1.8297,-5.2998
8475462,2024,D,81,15.6711,2.7589,-6.6014
8475690,2024,D,88,25.4109,2.1069,-2.1913
8475692,2024,R,75,59.5457,14.8249,3.7233
8475714,2024,C,31,8.6455,1.3209,-0.3999
8475718,2024,D,73,9.3754,1.6908,-1.9492
8475722,2024,L,73,45.4269,17.1626,2.0015
8475726,2024,C,78,53.4724,26.6602,3.8493
8475745,2024,C,90,43.2552,17.1517,0.7112
8475750,2024,D,72,6.8568,1.8827,-3.5511
8475753,2024,D,85,35.2456,7.5815,-0.5514
8475754,2024,C,87,53.3836,27.0226,1.3208
8475755,2024,D,22,2.0803,0.71,-0.4568
8475760,2024,C,66,16.1658,12.3972,0.8821
8475762,2024,D,54,13.2914,1.618,-3.247
8475763,2024,R,64,20.5662,11.525,0.5784
8475764,2024,D,75,50.6907,5.8051,-0.0805
8475765,2024,R,80,30.5143,14.7758,1.757
8475766,2024,L,13,2.6444,1.1708,-0.3825
8475768,2024,L,81,44.8971,23.0486,0.8668
8475780,2024,R,28,2.7267,2.1094,-0.9788
8475784,2024,L,77,28.1838,17.6321,2.1319
8475786,2024,L,88,49.9761,41.1236,9.8484
8475790,2024,D,16,4.1106,0.4096,-0.8411
8475791,2024,L,92,42.4773,17.7207,0.7565
8475794,2024,C,38,26.7263,9.8719,0.826
8475795,2024,D,17,1.8442,0.3624,-0.3759
8475798,2024,C,101,78.4593,23.2026,-2.6682
8475799,2024,R,95,36.7838,19.027,3.5737
8475810,2024,R,71,61.9641,24.9707,0.5676
8475825,2024,D,2,-0.0711,0.0586,-0.0397
8475842,2024,C,80,18.7929,8.5039,-2.54
8475848,2024,R,87,32.2039,23.7168,3.5419
8475857,2024,D,6,1.2164,0.1358,-0.1798
8475906,2024,D,30,8.9118,1.8156,-0.4198
8475913,2024,R,76,73.7366,18.4238,5.036
8475958,2024,C,3,2.2103,0.127,0.2255
8476278,2024,C,74,24.0768,8.6885,-2.9607
8476292,2024,L,82,28.6785,13.356,0.246
8476312,2024,D,55,18.1758,4.0104,-1.2143
8476329,2024,C,3,0.1113,0.0,-0.0539
8476331,2024,D,94,24.738,2.9111,-2.1397
8476372,2024,D,77,21.281,2.633,-2.2341
8476374,2024,C,82,18.7654,9.4744,-0.8388
8476389,2024,C,82,56.4734,26.9081,-1.0792
8476391,2024,C,9,1.0557,0.6467,-0.2739
8476392,2024,C,86,48.217,16.9255,-2.4967
8476393,2024,C,55,14.335,7.4112,0.3728
8476399,2024,L,82,34.7394,21.358,-2.0972
8476419,2024,C,79,41.3688,15.6012,-1.1768
8476422,2024,D,18,2.2416,1.3723,1.0012
8476425,2024,C,6,1.4627,0.2064,0.1522
8476429,2024,D,66,11.1961,2.5612,-2.9946
8476432,2024,C,26,17.1829,9.0856,-1.0574
8476438,2024,L,80,29.5513,17.3667,1.3707
8476441,2024,D,79,21.0279,3.4069,-3.2891
8476442,2024,L,32,3.2859,2.5862,-2.1693
8476448,2024,C,64,33.8792,14.5252,1.4585
8476453,2024,R,83,119.6391,27.6669,7.307
8476454,2024,C,100,66.5857,28.7762,6.2434
8476455,2024,L,5,3.5381,0.7805,0.8566
8476456,2024,L,81,57.7642,20.6072,1.9488
8476457,2024,D,82,28.4679,5.6287,-6.2862
8476458,2024,C,82,33.6678,15.9367,1.9993
8476459,2024,C,82,63.5515,19.9399,1.4236
8476460,2024,C,93,80.8003,28.1458,4.9527
8476461,2024,C,79,35.7325,22.1194,2.2929
8476462,2024,D,69,40.706,12.1393,6.8715
8476463,2024,D,56,21.0576,2.4213,-1.9248
8476467,2024,D,82,20.4905,3.3442,-6.0024
8476468,2024,C,72,62.5941,17.8419,0.5231
8476469,2024,R,86,29.8098,13.4923,-6.939
8476473,2024,D,68,19.4956,4.4886,-4.8435
8476474,2024,R,83,38.2852,27.448,6.0073
8476479,2024,C,86,55.9863,13.6855,-1.0873
8476480,2024,C,91,37.933,15.2087,1.8888
8476483,2024,R,81,70.0492,30.2399,3.3594
8476525,2024,D,64,17.9996,2.755,0.2916
8476539,2024,R,78,53.1041,24.3716,4.1877
8476624,2024,C,77,8.8891,8.8292,-6.027
8476822,2024,C,82,16.8154,6.643,-1.0287
8476826,2024,C,62,29.7673,9.6129,-0.0694
8476853,2024,D,95,48.5997,7.5249,2.3381
8476854,2024,D,17,7.4089,2.3861,-0.2557
8476856,2024,D,63,9.0821,2.8993,0.5765
8476858,2024,L,20,6.0141,2.6116,-0.4174
8476867,2024,C,12,0.762,1.045,-0.7218
8476869,2024,D,82,33.9971,9.3087,-1.5229
8476871,2024,L,86,27.4108,11.7663,0.5845
8476872,2024,C,93,33.4708,13.9685,-1.6167
8476873,2024,L,67,19.4845,8.651,0.7354
8476874,2024,D,77,22.4313,4.6559,-3.0754
8476875,2024,D,85,30.3391,10.9302,-7.3534
8476878,2024,C,87,5.338,8.2543,-0.1177
8476879,2024,D,103,28.7104,4.9552,-12.6707
8476880,2024,R,91,70.2181,29.729,3.4708
8476881,2024,C,84,53.0248,35.6466,8.2326
8476882,2024,C,82,57.8346,10.67,-2.0406
8476885,2024,D,77,14.5573,3.9627,-8.2741
8476887,2024,L,82,74.2221,26.1417,3.7211
8476889,2024,C,77,23.2204,6.6622,-1.2073
8476891,2024,D,82,39.817,3.3732,-0.5247
8476892,2024,D,71,43.9049,10.0226,-2.52
8476897,2024,C,74,25.0529,8.9571,0.2079
8476902,2024,D,98,31.0934,8.3788,-8.4118
8476905,2024,C,78,54.03,9.3201,-3.2398
8476906,2024,D,85,55.2591,8.8681,10.349
8476913,2024,C,55,4.8901,3.6984,-2.0217
8476917,2024,D,60,22.0789,4.7384,-2.0386
8476918,2024,L,43,7.5338,3.8986,-0.7929
8476921,2024,L,94,39.2123,12.9482,-1.186
8476923,2024,D,70,23.9738,6.9374,-0.1785
8476925,2024,C,72,25.9667,9.9059,-2.1023
8476927,2024,C,82,35.2657,10.0899,-5.2511
8476931,2024,D,79,29.221,4.1045,-2.6639
8476934,2024,L,26,7.9915,4.1787,-1.203
8476952,2024,C,7,0.168,0.1535,0.2142
8476958,2024,D,95,32.3861,6.2949,-2.3939
8476960,2024,C,8,0.9123,1.2428,-0.1583
8476967,2024,D,104,33.5732,6.3943,-0.2325
8476979,2024,D,60,17.0235,3.5252,1.3811
8476981,2024,R,86,23.1419,18.0999,-2.8288
8476988,2024,D,7,-0.2057,0.2316,-0.0405
8476994,2024,C,39,9.4561,4.7922,0.8748
8477015,2024,R,102,35.3994,18.6249,0.314
8477018,2024,D,11,2.6029,0.3344,-0.0815
8477021,2024,C,81,29.5612,12.6694,-4.5331
8477034,2024,D,8,0.3255,0.1911,-0.3001
8477070,2024,C,28,-0.2863,4.5117,-0.0378
8477073,2024,L,23,-0.4472,0.8941,0.2667
8477149,2024,R,1,0.0254,0.0,-0.1627
8477220,2024,D,103,32.9086,4.7553,3.6309
8477244,2024,D,5,0.9028,0.0172,-0.3997
8477335,2024,D,33,2.7435,0.0992,0.0184
8477346,2024,D,81,48.0539,9.3717,0.8476
8477353,2024,C,55,8.1033,7.6919,-1.2121
8477365,2024,D,73,15.3849,3.4339,-5.0824
8477369,2024,D,75,14.3888,3.2059,-5.2842
8477380,2024,C,51,17.8777,6.9707,-1.4307
8477384,2024,D,11,0.7628,0.4656,-0.0922
8477392,2024,R,43,2.9755,5.2169,0.1542
8477401,2024,C,20,1.4064,2.371,0.4507
8477402,2024,L,83,58.7558,21.6352,0.5558
8477404,2024,C,85,76.18,36.4818,5.9716
8477406,2024,C,102,21.5147,8.5574,-1.9398
8477407,2024,L,44,10.4648,6.7617,0.7207
8477409,2024,C,104,69.0879,33.5393,8.4624
8477416,2024,R,79,43.9983,15.9365,1.926
8477425,2024,L,38,6.062,5.7704,-0.0431
8477426,2024,L,81,38.7619,20.7256,1.0403
8477429,2024,C,56,20.4766,10.0868,-1.0062
8477435,2024,D,61,6.0173,1.335,-4.1206
8477444,2024,L,79,36.2964,11.5895,1.0273
8477446,2024,C,74,20.2389,6.7833,-2.3885
8477447,2024,D,78,62.0967,10.2275,7.0566
8477450,2024,C,59,24.5597,4.956,-6.0702
8477451,2024,R,75,28.8804,17.167,0.8408
8477456,2024,L,76,35.4618,13.7717,-1.6376
8477462,2024,D,2,0.1587,0.0,0.0263
8477463,2024,D,1,0.0112,0.0271,0.0435
8477476,2024,L,76,47.5399,27.9397,3.8633
8477478,2024,L,58,9.5466,8.6317,3.0073
8477479,2024,L,82,44.2701,17.9012,-0.0869
8477488,2024,D,77,22.2887,5.3861,0.1822
8477492,2024,C,86,115.8982,37.5234,10.2913
8477493,2024,C,90,83.978,24.4033,4.5811
8477494,2024,L,50,36.4647,8.3529,2.7274
8477495,2024,D,86,45.3976,8.9609,-1.0323
8477496,2024,C,82,39.4419,20.148,1.4175
8477497,2024,C,54,51.8819,18.2047,1.5632
8477498,2024,D,98,40.0693,11.8439,1.9857
8477499,2024,D,63,19.6789,5.3722,-0.3941
8477500,2024,C,81,44.6489,30.6817,2.2875
8477501,2024,R,50,37.0251,18.7306,0.9067
8477503,2024,C,87,32.5607,10.8774,1.3133
8477504,2024,D,92,68.0786,10.7947,6.5795
8477505,2024,C,77,35.4389,9.7639,-0.5015
8477506,2024,D,74,26.1032,5.2064,-5.2077
8477507,2024,D,81,18.0979,5.5794,-3.0532
8477508,2024,C,48,7.1417,2.9977,-2.5991
8477511,2024,R,13,7.0363,2.2183,0.2707
8477527,2024,L,43,2.1096,0.8211,-1.205
8477541,2024,D,4,1.0426,0.2674,0.2159
8477573,2024,L,80,20.3625,8.0882,-1.2559
8477810,2024,D,53,8.6301,1.2447,-1.8597
8477839,2024,L,5,0.0047,0.5811,-0.0165
8477845,2024,D,92,24.2128,3.4377,-1.7584
8477851,2024,D,37,10.6937,1.7871,-0.3892
8477887,2024,C,15,1.4325,1.0654,-1.0924
8477903,2024,R,67,20.5707,8.7046,0.4155
8477919,2024,C,88,44.2623,11.897,-3.4561
8477931,2024,L,75,13.5014,6.6116,-0.1665
8477932,2024,D,75,44.5599,8.4186,0.718
8477933,2024,C,100,105.3268,36.8791,4.6341
8477934,2024,C,93,118.9094,37.3704,12.179
8477935,2024,C,99,69.5336,39.2902,7.0165
8477938,2024,D,47,9.5483,1.8301,-1.7224
8477939,2024,R,95,92.6437,34.5564,5.2947
8477940,2024,L,77,68.3376,23.8814,4.6372
8477942,2024,L,87,63.0395,27.6603,6.0754
8477944,2024,L,39,13.7562,4.2907,0.3129
8477946,2024,C,82,65.1723,34.1406,3.6243
8477947,2024,L,3,-0.0125,0.5219,-0.1865
8477948,2024,D,82,30.863,10.4505,-0.9113
8477949,2024,R,82,68.5862,27.3147,0.0582
8477950,2024,D,35,20.6585,4.3286,0.4603
8477951,2024,C,82,58.6938,27.017,3.2317
8477952,2024,C,44,15.0096,6.6552,-3.7603
8477953,2024,R,79,19.3584,8.6453,-0.3363
8477955,2024,L,82,59.1683,19.7077,2.0573
8477956,2024,R,82,102.7575,31.4803,3.8974
8477960,2024,R,87,79.9534,30.8772,-1.2198
8477964,2024,L,81,49.8476,17.3458,1.4173
8477969,2024,D,78,31.4571,3.2421,-2.554
8477971,2024,D,35,3.418,0.5196,-0.4881
8477979,2024,R,22,1.8959,1.3843,-0.501
8477986,2024,D,81,39.6794,12.1443,1.3333
8477987,2024,C,80,54.6671,20.1119,-1.1904
8477989,2024,C,87,40.8159,13.74,-4.8932
8477993,2024,C,21,12.1887,1.9819,-1.0804
8477998,2024,L,88,45.3922,25.3185,1.2101
8478010,2024,C,82,74.567,31.8502,6.0735
8478013,2024,D,87,47.5464,11.5528,-0.812
8478017,2024,D,5,0.153,0.1101,-0.2293
8478020,2024,R,78,26.764,11.4745,-0.2918
8478021,2024,D,7,1.0312,0.1756,-0.8023
8478038,2024,D,83,49.6772,8.6479,-1.7675
8478042,2024,L,82,29.6435,18.3844,2.1619
8478043,2024,C,60,6.6109,4.0154,-1.377
8478046,2024,L,79,27.8871,9.152,-1.9063
8478047,2024,L,76,32.3663,19.9199,2.3143
8478055,2024,D,103,37.1711,11.1461,-4.353
8478056,2024,C,6,1.1451,0.3947,-0.052
8478057,2024,C,57,10.7791,7.9992,0.0496
8478099,2024,R,34,10.5806,2.3075,1.3771
8478109,2024,L,65,31.579,12.9168,2.9561
8478115,2024,L,62,12.9738,8.2992,-0.8004
8478133,2024,C,87,52.9978,13.8015,-6.7282
8478136,2024,D,73,23.3512,5.3815,-4.8299
8478146,2024,C,42,6.048,3.8329,-1.3474
8478147,2024,L,16,0.8764,0.4442,-0.4278
8478173,2024,R,2,0.0768,0.1093,0.0
8478178,2024,D,77,36.8748,5.5498,3.7894
8478211,2024,L,5,2.8592,0.5732,0.0896
8478233,2024,L,91,28.969,14.6394,0.5515
8478366,2024,R,81,41.1921,26.14,0.0305
8478396,2024,D,91,46.5349,8.651,3.3442
8478397,2024,D,81,31.9468,9.7257,-3.4145
8478398,2024,L,95,111.3146,37.5444,4.6349
8478399,2024,D,58,10.4701,2.5769,0.114
8478400,2024,C,3,-0.0409,0.1852,-0.0252
8478401,2024,C,82,44.3735,19.4034,-0.1322
8478402,2024,C,89,129.2212,36.4336,11.7432
8478403,2024,C,88,107.5739,27.9572,5.1473
8478407,2024,D,62,41.1796,7.2838,1.4684
8478408,2024,D,19,0.2411,0.2474,-0.3931
8478409,2024,C,15,5.8807,1.5895,0.4646
8478413,2024,L,34,7.697,3.3981,-2.0744
8478414,2024,R,85,52.3819,28.1797,5.0638
8478416,2024,D,81,19.528,4.5428,-1.7318
8478420,2024,R,100,98.1052,36.3354,7.2319
8478421,2024,L,97,17.161,10.4407,0.9331
8478424,2024,C,62,8.3417,5.6454,-2.4817
8478427,2024,C,94,73.1285,32.0067,7.1001
8478430,2024,D,19,4.6331,0.3903,-0.3473
8478432,2024,R,46,6.8898,3.1788,-2.441
8478434,2024,R,93,26.6774,10.8852,1.6985
8478438,2024,C,54,19.3304,10.4057,1.8503
8478439,2024,R,82,74.9075,22.2428,2.9441
8478440,2024,C,92,71.1819,21.6044,2.6934
8478443,2024,D,96,13.6187,2.9502,-4.6578
8478444,2024,R,75,46.225,17.3957,2.857
8478445,2024,C,30,18.346,8.1032,2.3007
8478449,2024,C,93,72.1551,33.7445,4.1023
8478450,2024,D,55,8.3285,1.4468,-3.5195
8478452,2024,D,6,0.0835,0.0917,-0.0667
8478454,2024,D,35,0.7394,1.227,-2.7075
8478458,2024,C,90,37.0216,17.6936,2.1257
8478460,2024,D,81,81.7203,21.5566,1.3024
8478462,2024,C,82,32.3954,17.0325,3.5702
8478463,2024,R,91,30.7056,20.5306,-0.1412
8478465,2024,D,3,-0.0777,0.0387,-0.2901
8478466,2024,R,31,5.8942,4.0043,0.1774
8478468,2024,D,28,0.7051,1.1528,-3.0149
8478469,2024,D,86,50.8375,10.1373,0.0554
8478472,2024,R,63,13.833,7.7418,0.337
8478474,2024,L,81,15.3017,14.5234,0.484
8478476,2024,D,1,-0.1891,0.0,-0.012
8478477,2024,C,28,4.2399,1.5011,-1.173
8478483,2024,R,94,113.2899,19.725,1.3699
8478493,2024,C,52,30.1078,19.3179,-0.8826
8478498,2024,L,82,45.0323,26.957,2.5579
8478500,2024,D,82,33.1383,5.9544,-3.6528
8478502,2024,D,29,6.2785,0.4379,-0.8283
8478507,2024,D,35,15.6735,1.7691,-0.011
8478508,2024,C,82,14.9164,8.4595,-1.9105
8478519,2024,C,85,63.9863,28.9417,1.6861
8478542,2024,C,103,40.8206,19.6658,3.3989
8478550,2024,L,80,84.0849,23.1112,4.2441
8478569,2024,C,79,20.0422,8.8569,-5.4995
8478585,2024,C,36,6.9079,2.1302,-1.1332
8478831,2024,C,82,36.215,12.6077,-5.2637
8478840,2024,D,84,15.6732,2.735,-3.4366
8478851,2024,D,84,28.2888,4.8617,-5.3366
8478854,2024,D,39,6.0398,0.584,-2.422
8478856,2024,R,81,48.0461,18.3187,3.927
8478859,2024,D,98,29.0281,7.5066,2.3426
8478864,2024,L,47,61.1893,20.5522,1.8223
8478873,2024,R,77,54.5019,23.1355,2.7664
8478874,2024,R,87,25.9312,10.1815,0.668
8478882,2024,D,88,30.841,6.3472,-3.4312
8478891,2024,C,84,26.4848,11.4591,0.3248
8478904,2024,C,93,21.0739,9.8801,-1.5183
8478911,2024,D,79,26.3666,4.2871,-2.1096
8478970,2024,D,88,18.171,4.9383,-1.1747
8478975,2024,L,80,46.576,22.0535,1.458
8479022,2024,C,22,4.8053,3.0029,-0.1768
8479026,2024,D,36,4.4346,1.7052,-1.8423
8479066,2024,L,80,11.2032,5.0895,-1.1364
8479249,2024,C,3,0.8779,0.3663,-0.0762
8479291,2024,C,70,15.2297,5.4314,-3.2124
8479293,2024,L,92,20.1567,11.6001,-4.0498
8479314,2024,L,75,74.368,21.6696,5.7899
8479315,2024,R,18,0.7785,1.6461,-1.9296
8479316,2024,C,75,19.0314,14.2422,-5.283
8479318,2024,C,80,93.2763,39.1197,2.0385
8479323,2024,D,74,57.8356,10.9479,2.354
8479324,2024,D,79,24.8417,3.7494,-5.4224
8479325,2024,D,50,23.5137,6.2502,1.6777
8479328,2024,R,1,-0.0534,0.0,-0.1251
8479335,2024,C,6,-0.1786,0.2244,0.236
8479336,2024,R,56,6.6309,7.466,-1.2429
8479337,2024,R,82,67.3924,30.1065,5.97
8479339,2024,L,54,31.727,12.6432,2.0589
8479341,2024,D,4,0.2539,0.3047,0.0104
8479343,2024,R,81,85.7288,26.3891,4.9407
8479344,2024,R,31,9.3188,4.6146,-0.3272
8479345,2024,D,84,51.1703,13.9196,3.6282
8479351,2024,C,97,34.6343,11.0871,-3.7715
8479353,2024,C,91,40.3884,17.7028,-0.7056
8479356,2024,L,19,3.393,3.1491,0.3533
8479359,2024,L,76,10.1791,5.9165,-1.5911
8479362,2024,L,6,-0.0735,0.0565,-0.0848
8479365,2024,C,80,14.3124,10.8251,0.712
8479368,2024,L,26,0.0463,1.894,-0.7091
8479369,2024,D,76,18.3847,3.9897,-3.5037
8479370,2024,C,39,7.7984,4.9311,0.5535
8479371,2024,D,68,27.716,3.6935,-2.847
8479372,2024,D,64,9.0553,1.9533,-1.5571
8479378,2024,D,68,13.86,1.7852,-1.5038
8479379,2024,R,13,-0.5719,0.6602,-0.1447
8479385,2024,R,89,71.6908,28.4193,3.9043
8479387,2024,D,41,2.4838,1.4755,0.3065
8479388,2024,D,5,-0.0444,0.0265,-0.0055
8479390,2024,R,87,26.0631,12.043,2.3349
8479393,2024,L,52,6.1088,4.8607,-2.7752
8479395,2024,D,41,10.4608,1.1497,-0.9678
8479398,2024,D,80,28.3546,4.5292,-0.2871
8479400,2024,C,92,68.2587,24.2471,2.8583
8479402,2024,D,64,7.2164,2.8483,-1.5667
8479407,2024,L,86,89.4562,26.1628,6.0534
8479410,2024,D,77,55.5582,8.0796,-1.3978
8479414,2024,R,64,8.414,6.8902,-1.7132
8479419,2024,L,3,-0.0101,0.0,-0.1402
8479420,2024,C,76,67.7696,23.7135,1.1871
8479421,2024,D,51,8.0864,1.1839,0.3052
8479423,2024,L,5,-0.3996,0.4055,-0.0279
8479425,2024,D,61,33.8731,3.6011,-1.4567
8479442,2024,D,74,7.8675,2.7918,-0.5043
8479465,2024,L,7,1.0801,0.6296,-0.0763
8479520,2024,L,92,24.1311,12.9898,-2.0688
8479523,2024,D,13,3.4242,0.8172,-0.9076
8479525,2024,C,62,26.7036,17.9228,2.6608
8479533,2024,L,11,2.0187,0.8108,-0.8089
8479542,2024,L,85,86.0042,33.4091,5.6005
8479543,2024,L,25,-0.8161,1.0814,0.011
8479550,2024,C,8,0.4379,0.5522,-0.0688
8479576,2024,D,51,3.0709,0.9029,-2.3838
8479591,2024,C,77,14.0865,11.8167,1.6991
8479594,2024,D,1,0.0084,0.0954,0.1522
8479619,2024,L,53,16.6133,8.0289,1.3867
8479638,2024,R,82,23.0345,11.7682,0.423
8479639,2024,D,6,0.1518,0.283,0.128
8479661,2024,L,67,12.0347,5.8385,0.7641
8479671,2024,R,82,29.4851,13.2423,-0.7634
8479675,2024,L,77,41.9719,17.6013,-0.8621
8479705,2024,L,5,-0.0558,0.8276,0.0518
8479718,2024,C,2,-0.0464,0.0,-0.0727
8479746,2024,L,5,0.1598,0.1911,0.0813
8479772,2024,R,21,2.7883,1.8782,-0.2807
8479941,2024,R,61,23.1397,11.7008,-2.9718
8479942,2024,R,9,0.9812,0.537,0.0445
8479944,2024,L,79,15.2401,11.0823,-1.6536
8479968,2024,C,26,3.9496,5.0343,-0.4059
8479976,2024,D,43,6.4456,2.6717,-2.1452
8479977,2024,R,12,2.6513,1.9019,0.0863
8479980,2024,D,79,16.864,4.3949,-1.633
8479981,2024,L,58,4.8193,6.2619,-0.1312
8479982,2024,D,68,16.4873,3.5335,-1.4669
8479983,2024,D,78,16.5433,4.3435,-7.3469
8479985,2024,D,14,1.3458,0.6215,0.0197
8479987,2024,C,77,50.9198,17.5783,0.8071
8479992,2024,C,77,17.2061,15.5754,-0.1715
8479994,2024,C,12,2.0224,0.9784,0.2986
8479996,2024,C,70,24.7838,10.2276,-1.2891
8479998,2024,D,83,26.4566,7.6485,-4.6853
8479999,2024,C,81,31.7773,12.4183,1.5862
8480001,2024,D,51,16.5079,1.5741,-3.0487
8480002,2024,C,80,71.3384,29.3725,5.1692
8480003,2024,C,91,26.6015,11.136,-0.6219
8480007,2024,R,13,0.1053,0.6726,0.6834
8480009,2024,R,81,31.5846,14.8261,-1.2771
8480011,2024,C,35,5.4679,3.0277,-0.8448
8480012,2024,C,64,40.2379,12.6934,2.1976
8480014,2024,C,80,59.755,23.0408,4.8176
8480015,2024,R,77,43.6518,17.4444,1.6929
8480018,2024,C,87,73.4382,25.5578,2.4675
8480023,2024,C,77,82.8497,17.7607,1.7919
8480027,2024,L,93,88.0862,30.6917,7.8385
8480028,2024,C,81,24.2077,17.7022,1.5331
8480032,2024,C,4,-0.0578,0.0704,-0.1443
8480035,2024,D,60,10.4098,2.1595,-3.4096
8480036,2024,D,58,31.2566,7.9695,6.5152
8480039,2024,C,86,86.5571,22.4658,6.9706
8480043,2024,D,68,16.242,4.943,-1.4113
8480049,2024,D,73,25.9531,3.6752,-0.2911
8480058,2024,D,47,3.7087,2.1181,-1.3733
8480064,2024,C,56,33.5868,14.3822,0.5217
8480068,2024,C,68,34.565,9.156,-1.4429
8480069,2024,D,87,96.747,23.1976,4.2229
8480070,2024,D,15,1.3964,0.3949,-1.0632
8480073,2024,D,28,9.266,1.5434,-0.3096
8480074,2024,L,34,11.7563,4.3899,-0.6797
8480075,2024,D,1,0.0,0.0,0.0
8480078,2024,C,56,21.4366,13.2496,1.0602
8480084,2024,D,20,6.2505,1.1754,-0.4964
8480113,2024,L,95,29.1214,15.5785,1.4371
8480144,2024,C,60,18.0078,4.9438,-2.1908
8480145,2024,D,82,48.0161,5.2831,-0.1752
8480172,2024,D,54,9.1103,2.2416,-4.6325
8480185,2024,C,103,39.1841,15.5273,-2.2825
8480188,2024,L,90,39.4618,21.0613,-0.3535
8480192,2024,D,84,17.5075,2.8617,-3.2878
8480196,2024,D,48,7.8795,0.9401,-2.9273
8480205,2024,C,14,0.688,1.1762,0.436
8480208,2024,R,88,67.3262,24.8143,6.3724
8480220,2024,L,78,43.3114,14.7867,-1.6929
8480245,2024,R,19,5.1352,1.2487,0.2425
8480246,2024,D,79,20.0833,3.9076,-0.4504
8480259,2024,C,26,-0.1378,1.5562,-0.4187
8480281,2024,R,87,20.8027,10.9902,-1.0981
8480289,2024,C,87,16.1717,11.3944,0.1082
8480291,2024,C,2,1.0909,0.0005,-0.7736
8480306,2024,D,13,2.5281,0.6573,-0.4981
8480336,2024,D,94,18.592,10.3232,4.88
8480355,2024,C,61,13.2913,6.6273,-1.1559
8480434,2024,D,30,11.534,2.7937,-0.2629
8480448,2024,C,87,27.5088,9.6446,-3.0718
8480459,2024,C,81,44.1249,18.0485,-2.0963
8480727,2024,D,85,18.5889,3.194,1.4108
8480748,2024,L,78,34.0268,12.3007,-2.3496
8480762,2024,L,97,33.0562,16.0295,1.2941
8480789,2024,R,43,4.2255,5.7999,-0.4742
8480796,2024,D,81,25.5415,3.4447,-4.5159
8480797,2024,L,81,21.5419,18.852,1.2258
8480798,2024,C,51,11.4211,6.6251,-2.5338
8480800,2024,D,68,77.1102,10.5591,4.7367
8480801,2024,L,78,47.0794,38.1529,7.8743
8480802,2024,C,79,56.2979,14.9533,-4.1159
8480803,2024,D,104,92.0108,20.347,12.7589
8480806,2024,C,79,29.1145,7.6332,-7.0663
8480807,2024,D,62,13.4548,2.5863,-5.2205
8480813,2024,C,74,17.3038,7.6158,-3.1237
8480817,2024,D,74,26.5915,5.5318,-2.3
8480823,2024,D,18,0.1073,0.6342,0.4533
8480825,2024,R,17,0.8083,1.7027,0.0006
8480828,2024,D,17,0.9355,0.2329,-0.752
8480829,2024,C,92,34.902,14.7195,4.3353
8480830,2024,R,87,57.5562,29.7449,5.7899
8480834,2024,D,85,13.9909,2.4803,-3.6193
8480835,2024,C,79,20.5221,11.3333,-0.0913
8480839,2024,D,73,68.567,13.0989,2.8607
8480840,2024,C,84,19.0591,5.8423,-2.5037
8480844,2024,L,1,-0.1822,0.0,0.0591
8480845,2024,C,59,11.32,6.0248,-1.0585
8480848,2024,C,68,7.9741,5.3925,-3.7232
8480849,2024,C,82,41.5657,24.7922,2.1614
8480851,2024,C,25,3.7619,1.9541,-0.1737
8480853,2024,C,2,-0.0139,0.1437,-0.1112
8480855,2024,C,82,23.7681,11.8014,-2.6322
8480860,2024,D,73,19.1337,3.7357,-5.0636
8480865,2024,D,71,41.8012,9.8913,3.51
8480871,2024,D,35,13.8975,2.4409,0.9364
8480873,2024,D,92,32.454,4.8093,-0.1594
8480874,2024,D,1,0.1493,0.0,-0.0931
8480878,2024,D,39,4.2434,2.0717,1.2649
8480879,2024,D,40,9.2952,1.0012,0.4824
8480880,2024,C,56,8.6859,4.3125,-2.5101
8480883,2024,D,8,1.1294,0.4868,0.6656
8480887,2024,D,33,5.2435,0.7116,-0.774
8480890,2024,C,2,-0.0323,0.0,-0.2858
8480891,2024,D,82,29.3595,7.8127,0.6684
8480893,2024,R,79,72.2617,23.0824,2.8931
8480950,2024,D,94,19.3806,2.5328,-3.5219
8480980,2024,C,48,10.1443,7.2435,-2.8015
8480990,2024,D,66,11.7653,2.5499,0.8026
8480995,2024,R,80,21.903,9.0234,-1.3133
8481006,2024,D,41,8.4935,1.2401,-1.2086
8481013,2024,R,75,23.2851,9.2114,-0.0261
8481014,2024,D,64,21.9525,4.323,-3.7225
8481019,2024,C,40,8.3007,2.9196,1.798
8481024,2024,C,23,5.3086,4.3403,-0.2203
8481028,2024,C,81,20.4123,8.6466,-0.1325
8481030,2024,D,19,0.6291,0.2592,-2.4807
8481032,2024,L,84,19.8189,11.4457,0.6217
8481042,2024,R,57,18.6786,5.1769,-0.8821
8481043,2024,L,73,16.8155,9.7951,-1.7447
8481056,2024,D,23,3.2514,0.6767,-0.1266
8481059,2024,D,35,10.0909,0.8608,0.5318
8481065,2024,C,8,1.2055,0.8573,0.4242
8481068,2024,C,73,28.0649,16.4735,0.7414
8481093,2024,L,1,0.0056,0.0,-0.0797
8481122,2024,D,91,13.2168,2.2139,-7.2088
8481133,2024,L,17,1.3878,1.4116,-0.2377
8481147,2024,C,3,-0.1211,0.1599,0.117
8481161,2024,D,68,8.7035,1.9447,-1.7099
8481167,2024,D,76,10.9849,2.5024,-3.6396
8481178,2024,D,63,16.0031,1.4663,0.1049
8481186,2024,R,87,28.407,12.2879,-0.6633
8481206,2024,D,8,1.621,0.4314,-0.6878
8481237,2024,C,81,11.641,5.9361,-2.1097
8481422,2024,C,3,-0.1509,0.0922,-0.2694
8481461,2024,D,4,0.419,0.1104,0.1175
8481462,2024,L,1,-0.048,0.0,-0.0352
8481477,2024,C,70,16.2366,6.2744,-4.8163
8481481,2024,C,59,19.7965,5.6178,-1.9836
8481486,2024,D,8,-0.0663,0.1051,-0.7307
8481491,2024,C,15,1.8643,1.6596,0.0868
8481517,2024,R,62,16.5912,8.2518,-3.4008
8481518,2024,L,7,0.7385,0.2039,-0.0813
8481522,2024,C,81,28.1695,8.1634,-1.6539
8481523,2024,C,57,20.8206,11.8305,0.3993
8481524,2024,D,82,38.9542,7.3153,-2.7006
8481525,2024,D,2,0.0102,0.1005,0.0736
8481527,2024,D,41,10.9463,1.2125,1.3009
8481528,2024,C,88,39.9425,22.6204,2.0532
8481532,2024,C,71,24.1071,9.2266,0.4552
8481533,2024,C,57,31.3131,10.2871,0.1851
8481534,2024,C,9,-0.4961,0.725,-0.0146
8481535,2024,L,72,22.8844,10.1788,0.6591
8481536,2024,D,1,-0.0803,0.0,-0.0272
8481540,2024,R,87,71.7984,32.8354,2.437
8481541,2024,D,1,-0.0061,0.0,0.0514
8481542,2024,D,82,45.6023,8.2337,2.9965
8481546,2024,D,66,17.8445,4.6581,-0.9105
8481553,2024,R,79,39.9675,13.7505,1.4854
8481554,2024,R,79,41.1428,12.6719,0.0752
8481556,2024,C,78,15.9923,4.8143,-2.8926
8481557,2024,L,88,74.6146,29.9331,3.694
8481558,2024,C,1,0.9903,0.1439,0.0
8481559,2024,C,62,65.6622,26.6171,8.5901
8481560,2024,R,14,3.3207,1.7101,0.0513
8481562,2024,D,2,-0.0541,0.246,-0.0889
8481563,2024,D,56,12.3859,2.3121,-3.8125
8481564,2024,D,3,-0.2299,0.6309,0.0289
8481567,2024,D,60,11.4127,1.7502,-4.95
8481568,2024,D,82,30.0765,4.8914,-7.6023
8481572,2024,D,18,1.3987,0.4632,0.4998
8481576,2024,C,2,-0.0943,0.0,-0.0172
8481577,2024,R,61,23.1083,10.7059,1.4191
8481580,2024,L,92,60.2809,27.9755,0.7033
8481581,2024,D,96,64.5482,12.8344,5.8165
8481582,2024,L,72,22.674,10.4778,0.4709
8481591,2024,R,7,0.8397,0.1026,-0.2773
8481592,2024,L,49,18.4944,6.0382,-1.3253
8481593,2024,D,58,11.7391,1.9672,0.0475
8481594,2024,R,3,0.0583,0.5116,-0.1629
8481596,2024,C,76,41.9872,22.0045,-1.2072
8481598,2024,D,75,34.0929,5.4159,-1.6743
8481600,2024,D,14,0.37,0.7752,-0.018
8481601,2024,R,75,44.5255,14.0702,-0.8518
8481604,2024,R,90,49.4954,30.4247,7.2781
8481605,2024,D,75,43.4022,10.0221,-0.9434
8481606,2024,D,84,28.1886,3.5449,0.7421
8481607,2024,D,61,9.8425,2.1101,-1.6925
8481609,2024,D,35,7.4473,0.9187,-0.4607
8481617,2024,R,104,32.4953,15.1063,0.9811
8481618,2024,C,87,18.3608,17.2941,1.4253
8481624,2024,R,80,33.1974,17.7289,-3.4302
8481641,2024,L,86,20.767,13.3822,-1.7299
8481655,2024,R,43,7.1528,3.3102,0.9315
8481656,2024,L,82,66.8568,20.6401,-1.0912
8481703,2024,R,13,2.8392,1.1921,-0.3806
8481704,2024,C,48,14.4938,3.1141,-1.165
8481708,2024,D,46,11.0274,2.9594,0.0657
8481711,2024,L,55,15.801,7.759,1.1396
8481712,2024,R,7,1.1469,1.4421,0.0453
8481716,2024,L,73,41.6965,23.013,2.2083
8481719,2024,D,5,-0.2295,0.3915,0.3138
8481725,2024,L,26,10.8667,4.468,0.7212
8481726,2024,C,51,7.9614,5.6925,-0.8993
8481732,2024,L,19,2.9311,1.9777,0.0972
8481737,2024,C,8,-0.1638,0.3167,0.0749
8481743,2024,D,46,8.1457,3.6529,-0.0056
8481754,2024,C,20,6.0695,2.187,-0.3772
8481789,2024,L,63,9.7919,5.0971,0.1517
8481806,2024,D,32,5.0495,1.1695,-2.1749
8481848,2024,C,4,-0.1972,0.2338,0.0421
8482055,2024,L,84,20.9153,15.5646,-2.6274
8482062,2024,R,71,11.3743,7.6546,-2.1973
8482067,2024,D,2,-0.1236,0.0144,-0.0908
8482070,2024,R,70,19.1112,10.1416,0.6438
8482072,2024,D,2,-0.2443,0.0804,0.0
8482073,2024,D,80,21.7125,4.7544,-4.0069
8482074,2024,C,54,22.8336,12.3343,1.475
8482077,2024,L,77,60.7584,19.0821,2.8967
8482078,2024,L,82,80.6258,24.7303,5.4582
8482079,2024,C,88,55.9044,20.1041,2.8974
8482087,2024,D,60,17.2081,3.3949,-2.6098
8482088,2024,C,1,1.0601,0.3175,0.127
8482089,2024,L,89,54.3727,20.8886,2.1922
8482090,2024,C,1,-0.0316,0.1326,0.0024
8482092,2024,C,84,34.5874,17.1755,-1.7626
8482093,2024,R,88,78.5099,39.2894,4.3059
8482094,2024,D,1,-0.0443,0.0827,0.0344
8482095,2024,D,85,12.8807,3.028,-1.462
8482097,2024,R,74,38.5063,12.8867,-0.2373
8482100,2024,D,4,1.0471,0.095,0.0986
8482101,2024,L,12,0.1699,2.3685,-0.0766
8482102,2024,C,7,-0.0427,0.4017,-0.2873
8482103,2024,C,5,0.9854,0.4399,0.1586
8482105,2024,D,86,60.643,10.2852,0.418
8482109,2024,L,82,39.0928,14.2478,0.0218
8482110,2024,C,87,34.6291,22.8238,-0.3039
8482111,2024,D,62,14.1379,4.5372,-1.1158
8482113,2024,C,102,66.0362,21.0827,1.2975
8482116,2024,C,88,83.925,24.4841,6.783
8482117,2024,L,70,19.2406,7.871,-3.0235
8482118,2024,R,32,10.7544,4.0309,-0.7087
8482122,2024,D,84,28.2509,6.0548,-2.4744
8482124,2024,R,87,57.9835,20.5647,1.2892
8482125,2024,R,53,9.519,6.9106,1.1107
8482126,2024,D,42,8.1544,2.3964,0.1697
8482131,2024,D,2,-0.0543,0.0,0.0245
8482132,2024,L,35,9.5122,4.8248,-0.9386
8482133,2024,C,1,-0.0679,0.0671,0.0
8482142,2024,D,70,21.6844,3.8097,0.5051
8482144,2024,D,31,9.7011,1.4787,-1.421
8482145,2024,C,76,25.3897,12.11,1.4215
8482146,2024,R,68,29.5848,12.8795,1.5215
8482148,2024,C,27,7.6975,2.0372,-0.4629
8482149,2024,C,95,53.1579,21.2925,3.8955
8482153,2024,C,9,-0.3601,0.4524,0.0008
8482155,2024,R,83,42.306,22.7865,3.2448
8482157,2024,L,82,41.1291,19.3627,-0.9794
8482159,2024,R,81,40.945,18.0484,0.607
8482166,2024,D,30,8.9909,1.4303,-1.182
8482169,2024,D,6,0.8421,0.323,0.2951
8482172,2024,L,33,4.2738,5.2537,-0.6813
8482175,2024,R,77,65.2757,18.2718,0.908
8482176,2024,D,57,11.2,3.0038,-3.5317
8482177,2024,C,75,13.4975,4.4603,-3.0262
8482178,2024,D,3,1.0279,0.1661,-0.2289
8482192,2024,D,3,1.0408,0.1029,-0.2812
8482201,2024,C,65,23.6899,7.5481,-0.0835
8482206,2024,R,6,1.1513,0.3391,-0.1611
8482209,2024,C,5,4.0776,0.4034,0.0256
8482213,2024,C,2,0.2886,0.3081,0.0
8482245,2024,D,62,15.7136,2.7197,-3.6003
8482250,2024,C,7,0.8229,1.4591,-0.209
8482259,2024,C,87,34.2836,18.0647,1.7897
8482408,2024,L,18,1.0145,1.1894,0.1898
8482451,2024,L,47,6.8422,2.9207,-2.7788
8482460,2024,C,42,6.5213,3.9191,-0.379
8482470,2024,D,5,1.2794,0.1099,-0.535
8482475,2024,R,30,15.5266,5.9177,1.146
8482476,2024,L,67,18.6161,7.3514,-1.1218
8482482,2024,D,23,4.6489,1.9758,0.4728
8482496,2024,C,19,5.8774,1.1675,-0.5963
8482507,2024,L,2,0.0187,0.0,-0.0625
8482511,2024,D,77,33.0319,6.2926,1.0197
8482516,2024,D,29,2.7155,0.6582,-0.6429
8482623,2024,C,2,0.0942,0.0439,-0.1878
8482624,2024,D,44,8.4865,2.6704,-1.353
8482634,2024,C,7,1.9379,0.631,0.3057
8482635,2024,L,2,0.8453,0.2254,0.081
8482641,2024,D,2,1.1628,0.0,-0.0372
8482652,2024,R,24,2.7093,1.452,0.2668
8482655,2024,D,59,15.8904,2.7231,-1.5342
8482659,2024,R,51,17.0659,11.4473,2.1542
8482660,2024,C,68,57.4385,13.9057,2.5104
8482663,2024,L,2,0.9824,0.171,0.102
8482665,2024,C,82,41.018,16.5522,0.6442
8482666,2024,D,19,5.5985,1.2885,0.0205
8482667,2024,L,77,57.4153,18.3642,-0.3538
8482671,2024,D,79,38.6042,8.9573,-1.306
8482679,2024,R,77,43.3241,19.8204,1.4533
8482684,2024,D,72,42.1176,9.7265,2.8722
8482691,2024,C,33,9.3328,3.5426,-0.4322
8482699,2024,R,70,56.9733,21.864,3.3676
8482700,2024,D,43,7.9744,0.7674,-3.9272
8482702,2024,C,93,43.0234,24.1972,4.7948
8482703,2024,C,25,6.4898,3.2979,-0.7484
8482705,2024,C,66,34.1624,14.4919,-0.8514
8482712,2024,R,2,-0.1687,0.1398,-0.0207
8482713,2024,R,76,28.5449,15.9579,4.2205
8482715,2024,D,1,0.0501,0.0,0.0
8482720,2024,L,91,62.4099,27.5492,3.0732
8482726,2024,C,56,8.3593,2.2167,-0.1723
8482730,2024,D,84,35.3915,7.4722,2.652
8482733,2024,D,7,3.6118,1.0975,-0.3921
8482737,2024,R,79,34.3117,14.6466,1.9616
8482740,2024,C,100,80.1328,39.4854,4.8158
8482742,2024,L,62,13.206,10.1574,-0.5702
8482744,2024,L,2,-0.1594,0.0,-0.0477
8482745,2024,C,76,43.7827,22.8868,-0.3625
8482747,2024,L,22,1.6214,1.556,0.0771
8482749,2024,R,12,1.8495,1.4445,0.0045
8482751,2024,C,12,0.567,1.0488,0.1058
8482758,2024,R,8,7.3599,1.9646,0.6431
8482762,2024,D,78,30.722,5.2729,-1.9685
8482763,2024,R,12,2.1202,2.1773,-0.6245
8482765,2024,R,8,0.9731,0.4232,-0.331
8482768,2024,C,52,14.6585,7.0153,0.2899
8482775,2024,C,21,3.6317,2.38,-1.6351
8482785,2024,C,2,1.9644,0.2447,-0.1384
8482787,2024,R,4,3.3711,0.9579,0.1068
8482802,2024,L,1,0.0,0.0,-0.0154
8482803,2024,D,62,20.6326,7.7635,-1.0157
8482807,2024,D,24,6.0079,1.2272,-0.944
8482809,2024,R,95,39.5498,27.7672,8.056
8482829,2024,L,1,-0.0088,0.0,-0.029
8482858,2024,D,73,27.566,2.7317,-2.0221
8482859,2024,C,56,4.5484,2.2349,-1.8323
8482866,2024,D,1,1.093,0.011,0.0027
8482874,2024,R,1,-0.0414,0.0,-0.1881
8482896,2024,C,21,5.5782,1.0036,-0.5678
8482929,2024,D,81,19.0147,2.3146,-0.5322
8482964,2024,D,73,4.385,2.8015,-5.4944
8483017,2024,D,1,-0.0148,0.1026,0.0
8483395,2024,L,13,0.8274,1.2971,-0.4988
8483397,2024,C,14,3.2829,1.1749,0.0015
8483398,2024,D,3,0.9108,0.1607,-0.0552
8483406,2024,R,1,0.9271,0.8455,0.0365
8483424,2024,C,12,1.4181,1.3947,0.1696
8483425,2024,D,56,9.1097,2.4555,-0.9623
8483429,2024,D,15,8.4271,0.7297,-0.1578
8483431,2024,C,75,57.8861,20.0977,0.5598
8483432,2024,C,15,6.9973,1.5223,0.4734
8483445,2024,L,82,39.1004,16.5244,-1.5491
8483447,2024,C,56,16.3873,6.9164,-0.9852
8483448,2024,D,33,5.6295,0.8213,-0.6106
8483450,2024,C,2,-0.0666,0.0689,-0.0175
8483457,2024,D,87,70.7817,5.1672,4.5373
8483460,2024,D,12,3.005,0.5918,-0.7256
8483461,2024,R,1,0.0003,0.0,-0.1146
8483464,2024,C,77,34.1204,19.9134,1.6743
8483465,2024,R,2,-0.1792,0.9152,0.2677
8483466,2024,D,16,1.3556,0.6081,-0.328
8483467,2024,D,2,0.0845,0.0416,-0.0753
8483468,2024,C,62,21.2325,13.4865,0.416
8483471,2024,C,5,0.6631,0.0399,-0.0196
8483472,2024,D,15,2.5611,0.7261,-0.7522
8483476,2024,R,24,6.3195,3.9644,0.39
8483481,2024,C,11,2.4716,0.9161,-0.238
8483482,2024,D,6,-0.2491,0.2652,-0.9862
8483485,2024,D,45,13.2724,2.6705,-1.1206
8483487,2024,R,8,3.4623,1.1419,0.445
8483489,2024,C,21,3.8469,2.7701,-0.205
8483490,2024,D,68,17.4202,3.8499,-3.5297
8483491,2024,L,18,3.9372,2.4362,0.0664
8483493,2024,C,53,25.898,11.552,-1.7392
8483495,2024,D,31,5.0222,1.284,-1.1633
8483497,2024,R,12,4.7987,2.6363,-0.1743
8483499,2024,L,24,4.6946,2.9439,-0.4829
8483500,2024,C,8,-0.0977,0.34,0.0636
8483503,2024,D,25,3.4072,0.4321,-0.7821
8483505,2024,C,33,11.3491,2.8688,-0.0829
8483506,2024,D,9,4.5445,1.3384,-0.2613
8483512,2024,C,4,0.8272,0.8903,-0.3127
8483515,2024,L,84,50.3295,19.7845,1.8448
8483516,2024,R,14,7.2214,2.6069,0.0414
8483524,2024,C,79,39.3652,13.1568,0.2693
8483531,2024,L,2,-0.2088,0.1011,-0.0771
8483538,2024,C,1,0.0237,0.0,-0.0694
8483549,2024,L,7,0.9764,0.5213,-0.5838
8483553,2024,C,39,7.3407,4.256,-1.1502
8483565,2024,D,60,16.6295,5.4101,-1.2005
8483567,2024,C,6,0.5905,0.5056,0.1586
8483569,2024,D,2,1.1464,0.1939,0.0
8483570,2024,C,8,-0.1855,0.5728,-0.1743
8483573,2024,R,24,6.6044,2.0738,0.8942
8483609,2024,R,31,9.4932,4.1597,-0.6158
8483678,2024,D,28,4.9275,1.2597,0.2045
8483733,2024,R,7,-0.1013,0.4489,-0.2347
8483768,2024,D,31,8.2736,1.058,-1.1421
8483808,2024,L,72,40.8921,13.3695,2.4984
8483930,2024,C,40,7.185,3.6452,0.3934
8484135,2024,C,3,0.7355,0.1977,0.1381
8484136,2024,C,29,6.5746,3.5007,-0.4406
8484144,2024,C,82,65.0368,19.8483,-0.5427
8484145,2024,L,75,26.9751,15.1984,0.343
8484150,2024,D,1,-0.0339,0.0377,0.1806
8484152,2024,D,6,1.6951,0.2908,-0.2836
8484153,2024,C,76,42.6944,14.3464,0.4973
8484164,2024,R,2,-0.0727,0.2196,-0.0152
8484166,2024,C,82,51.3454,23.6785,-1.4113
8484180,2024,L,5,-0.0851,1.2671,0.0562
8484186,2024,R,17,2.2396,3.2961,0.5476
8484197,2024,C,9,3.1573,0.4507,-0.1351
8484203,2024,L,2,0.7854,0.7875,0.0779
8484210,2024,R,5,-0.0307,0.417,-0.096
8484221,2024,C,7,0.7993,1.7986,0.3989
8484227,2024,C,74,41.4162,13.2683,0.4299
8484234,2024,L,1,0.0042,0.1782,0.016
8484241,2024,R,6,1.084,0.8035,-0.1087
8484255,2024,R,2,0.0946,0.1515,-0.0074
8484258,2024,D,81,16.4266,4.7017,-0.5154
8484304,2024,D,81,21.148,4.7711,-0.0329
8484321,2024,D,47,4.25,2.0593,0.4879
8484387,2024,R,80,60.9021,22.6536,2.7256
8484406,2024,C,2,0.0986,0.113,0.0
8484768,2024,D,1,0.9925,0.2573,-0.0518
8484779,2024,C,4,-0.271,0.5473,-0.1413
8484783,2024,D,18,6.2971,0.9974,-0.3603
8484798,2024,D,4,0.7266,0.036,0.0433
8484801,2024,C,70,57.476,24.0547,2.5999
8484821,2024,C,1,1.1515,0.2507,-0.0487
8484829,2024,C,5,1.1344,0.3887,-0.4466
8484901,2024,C,1,0.0,0.0,-0.157
8484911,2024,R,33,10.8039,4.8635,-1.6672
8484929,2024,L,18,3.5158,1.2703,1.0224
8484938,2024,R,5,1.0566,0.2616,-0.0369
8484958,2024,R,77,29.9655,12.9124,1.2855
8484976,2024,L,17,-0.4326,1.2056,0.0831
8484984,2024,R,7,3.9426,0.9151,0.2852
8485105,2024,C,10,-0.0569,0.2146,-0.1263
8485469,2024,R,1,0.1085,0.0,0.0289
8485483,2024,L,5,-0.1985,0.3264,-0.2188
8485511,2024,R,2,-0.0761,0.02,0.0244
8485512,2024,C,2,0.0243,0.0603,0.1103
8470613,2025,D,95,36.543,7.0776,-0.0577
8470621,2025,R,79,32.3997,16.0377,0.6931
8471214,2025,L,82,53.6669,29.7428,4.1501
8471215,2025,C,62,58.0256,18.7318,2.7641
8471675,2025,C,74,61.4339,22.1879,2.3169
8471685,2025,C,71,27.9083,15.0849,1.0979
8471724,2025,D,80,34.0602,6.3242,-1.6315
8471817,2025,R,50,1.5903,2.9385,-0.2059
8473419,2025,L,52,51.9368,18.3445,1.4246
8473422,2025,L,65,18.189,5.6341,-1.5656
8473507,2025,D,70,10.8769,2.4314,0.2237
8473512,2025,R,86,44.7594,13.6555,1.1513
8473533,2025,C,94,44.8082,18.1035,1.1824
8473604,2025,C,82,16.3389,14.3684,1.4889
8473986,2025,L,94,36.747,18.2328,-0.3841
8473994,2025,L,66,30.1841,11.6037,0.8097
8474013,2025,D,88,26.5552,4.2434,-2.686
8474037,2025,L,72,28.0177,16.725,1.5808
8474090,2025,D,15,1.9472,0.502,-0.4373
8474102,2025,L,65,24.0357,11.5477,2.2267
8474141,2025,R,67,52.0678,19.0836,4.7009
8474149,2025,L,24,0.8317,1.8731,-0.5233
8474150,2025,C,82,50.7885,18.0142,-2.0639
8474151,2025,D,55,23.5646,2.1331,-2.1638
8474189,2025,C,72,16.08,7.4748,0.16
8474563,2025,D,76,22.9072,5.3813,0.1477
8474564,2025,C,82,52.2821,28.8303,3.8327
8474567,2025,D,50,7.4919,0.9803,-1.8347
8474568,2025,D,52,7.7894,1.1305,-0.6241
8474574,2025,D,78,12.8017,5.3358,-2.753
8474578,2025,D,81,66.987,11.3608,2.6184
8474586,2025,R,80,45.1246,27.8095,2.5172
8474590,2025,D,83,66.2714,12.4507,1.0864
8474600,2025,D,68,54.2333,12.5031,0.9473
8474612,2025,D,26,3.4281,1.3903,-0.3673
8474641,2025,C,66,17.1262,10.9104,-0.5552
8474679,2025,R,51,10.5247,6.8246,1.4263
8474716,2025,D,90,25.757,5.9156,-0.9275
8475149,2025,L,86,49.7084,11.9534,1.2008
8475151,2025,C,25,17.254,11.794,0.4873
8475158,2025,C,81,64.5191,26.6891,0.5512
8475166,2025,C,82,50.4174,29.2222,1.1332
8475167,2025,D,33,17.7988,2.7216,-1.1839
8475168,2025,C,63,47.2847,15.6949,1.755
8475169,2025,L,71,23.2426,16.3262,-1.0711
8475170,2025,C,80,26.904,17.0548,1.4761
8475171,2025,D,78,40.3143,5.9311,0.2305
8475172,2025,C,90,51.4651,24.485,1.7661
8475179,2025,D,19,-0.5121,0.8287,-1.5448
8475181,2025,D,32,7.244,0.7781,-1.2056
8475184,2025,L,87,49.5375,21.8403,3.2128
8475188,2025,D,84,19.2443,5.2603,0.8043
8475191,2025,R,76,24.7722,11.6607,-0.1693
8475200,2025,D,82,36.7572,4.9532,0.7474
8475208,2025,D,86,17.9868,3.2526,0.0505
8475218,2025,D,88,45.6927,9.0437,0.2779
8475220,2025,L,67,10.506,7.2443,0.0539
8475231,2025,C,81,16.7423,12.1708,-3.0815
8475235,2025,L,32,-0.0073,1.535,-0.0438
8475253,2025,L,3,-0.2492,0.2893,0.0384
8475279,2025,D,82,17.3597,4.3349,-3.0961
8475287,2025,L,81,32.1348,16.2888,-1.1514
8475314,2025,L,82,35.2249,29.818,2.2387
8475324,2025,D,61,18.693,2.0802,0.32
8475343,2025,C,97,37.1394,7.8645,-2.6823
8475413,2025,C,2,-0.0939,0.1285,0.0
8475455,2025,D,82,16.4488,2.0846,-2.0301
8475461,2025,L,2,-0.0895,0.0,0.0402
8475462,2025,D,57,14.971,1.9379,-1.3397
8475690,2025,D,11,2.7766,0.289,-0.1615
8475692,2025,R,67,57.6603,13.9116,3.4785
8475714,2025,C,56,7.6507,4.0992,-2.2186
8475718,2025,D,9,1.8418,0.4139,0.2204
8475722,2025,L,75,41.4302,19.3328,1.7601
8475726,2025,C,79,44.0733,23.1233,2.4074
8475745,2025,C,82,63.6617,24.4318,-0.4342
8475752,2025,C,32,1.7247,2.5845,0.1712
8475753,2025,D,78,40.4778,10.2215,-1.5675
8475754,2025,C,94,67.4156,27.6337,3.8861
8475755,2025,D,55,10.6642,2.3174,1.0956
8475760,2025,C,61,7.1734,8.1022,0.8551
8475762,2025,D,2,0.1397,0.1192,-0.2277
8475763,2025,R,28,6.6491,5.3111,0.009
8475764,2025,D,82,29.5803,5.0268,-0.092
8475765,2025,R,86,46.1682,16.1674,2.4873
8475768,2025,L,50,20.5069,11.5498,-0.4055
8475784,2025,L,32,11.803,5.2126,0.2905
8475786,2025,L,64,45.8881,30.0749,4.1249
8475790,2025,D,37,4.9007,1.2187,-4.1659
8475791,2025,L,99,57.2332,19.9015,3.6326
8475794,2025,C,27,14.1451,4.4818,0.857
8475795,2025,D,13,0.5088,0.2568,0.2429
8475798,2025,C,70,43.0452,15.9027,1.8822
8475799,2025,R,61,16.5588,11.2048,0.6915
8475810,2025,R,78,59.7404,26.7562,1.2029
8475842,2025,C,74,16.5723,7.693,-1.2762
8475848,2025,R,80,18.7199,15.8285,1.6695
8475857,2025,D,1,0.0066,0.0279,0.0
8475906,2025,D,56,26.7913,4.412,0.6996
8475913,2025,R,77,79.7777,21.0768,4.7926
8476278,2025,C,76,17.7639,6.3256,-1.6828
8476292,2025,L,80,12.4844,10.5214,0.2554
8476312,2025,D,88,35.9267,7.0406,0.7245
8476331,2025,D,82,20.1104,2.6751,-3.7119
8476372,2025,D,90,13.6822,5.7753,-0.3245
8476374,2025,C,88,28.1987,10.9084,-2.4641
8476389,2025,C,67,48.004,16.9602,-1.3353
8476391,2025,C,1,-0.0041,0.1441,0.0
8476392,2025,C,70,22.412,8.9172,-2.105
8476393,2025,C,85,20.5984,9.1747,1.5179
8476399,2025,L,69,27.8926,22.4854,0.5111
8476419,2025,C,74,33.9957,11.6028,-5.9554
8476422,2025,D,44,10.7308,2.867,-0.3984
8476425,2025,C,1,-0.1691,0.3608,0.0
8476429,2025,D,80,16.0519,3.1659,-2.6192
8476432,2025,C,67,34.7453,14.8528,0.1449
8476438,2025,L,54,8.6822,9.8492,0.1084
8476441,2025,D,86,24.3684,5.0161,-4.2988
8476448,2025,C,29,11.1384,3.4184,0.3274
8476453,2025,R,83,124.0905,28.8886,4.3144
8476454,2025,C,78,55.7313,17.6562,3.2182
8476455,2025,L,73,32.5468,16.6029,2.8276
8476456,2025,L,50,23.5403,11.9344,-0.4294
8476457,2025,D,82,24.8766,4.8371,-4.5129
8476458,2025,C,52,16.7312,7.4353,-0.5669
8476459,2025,C,81,74.6052,24.3218,-0.1264
8476460,2025,C,82,91.5427,26.3444,2.0742
8476461,2025,C,88,42.3436,15.0679,1.2679
8476462,2025,D,77,37.2739,12.3337,1.3456
8476463,2025,D,67,21.5867,3.1981,-0.0288
8476467,2025,D,78,15.4556,4.0569,-2.9544
8476468,2025,C,68,44.6331,21.2968,-0.1184
8476469,2025,R,70,20.5261,11.8118,0.0125
8476473,2025,D,86,23.4987,3.1081,-3.6026
8476474,2025,R,38,5.618,7.157,1.5918
8476479,2025,C,94,29.9937,10.9954,-1.8832
8476480,2025,C,60,11.1461,10.6897,0.1497
8476483,2025,R,66,47.0901,27.3697,1.6351
8476525,2025,D,18,3.0563,0.8113,-0.7196
8476539,2025,R,62,26.5946,19.4656,0.9322
8476624,2025,C,82,9.7994,10.406,-2.7594
8476822,2025,C,80,14.4525,6.7798,-2.6762
8476826,2025,C,89,30.9016,12.8443,-0.7477
8476853,2025,D,78,36.3381,7.8484,-1.0931
8476854,2025,D,73,27.8319,5.5395,-2.2549
8476856,2025,D,11,2.7447,0.2427,0.0511
8476867,2025,C,25,5.2925,2.7939,-0.6989
8476869,2025,D,82,25.7116,5.9841,-3.3525
8476871,2025,L,56,12.8622,5.3959,-0.0654
8476872,2025,C,68,21.3555,10.6283,-0.926
8476873,2025,L,87,26.2457,10.8199,2.1608
8476874,2025,D,43,16.2436,1.4743,-2.1903
8476875,2025,D,97,43.7527,7.3339,-6.7516
8476878,2025,C,81,18.3094,12.2864,-1.0852
8476879,2025,D,86,11.8852,2.5545,-1.1823
8476880,2025,R,72,57.7036,26.2202,1.3492
8476881,2025,C,104,45.3873,34.9287,5.6036
8476882,2025,C,75,31.0519,10.8327,-2.411
8476885,2025,D,93,37.8796,9.1502,0.106
8476887,2025,L,82,68.3216,25.867,2.4479
8476889,2025,C,64,23.2056,5.5524,-1.209
8476891,2025,D,69,12.8367,2.4895,-2.7145
8476892,2025,D,77,19.925,5.701,-1.8546
8476897,2025,C,52,19.6074,4.1595,-1.3918
8476902,2025,D,88,36.2625,5.8906,-3.9163
8476905,2025,C,80,42.7638,11.2768,-2.3135
8476906,2025,D,74,52.3378,7.4323,3.8503
8476907,2025,L,8,3.5488,0.6661,0.1901
8476917,2025,D,82,18.1294,6.3026,-6.2217
8476921,2025,L,96,26.9028,14.1687,-0.5394
8476923,2025,D,71,31.5587,7.3548,1.4987
8476925,2025,C,88,20.9691,8.7585,-1.4541
8476927,2025,C,35,14.9385,6.0174,-0.8396
8476931,2025,D,80,28.1936,4.0047,-3.8329
8476952,2025,C,8,0.2093,0.7942,-0.2218
8476958,2025,D,58,10.6563,2.713,-0.1476
8476967,2025,D,96,15.4084,4.0494,-1.6657
8476979,2025,D,2,-0.0694,0.1042,0.0777
8476981,2025,R,91,22.5818,13.3206,-2.8624
8476988,2025,D,1,0.0275,0.0,0.0
8476994,2025,C,65,17.3948,6.739,-1.428
8477015,2025,R,75,38.8208,18.5638,0.5732
8477018,2025,D,62,17.8512,3.259,0.3484
8477021,2025,C,40,13.7814,3.39,-1.2753
8477034,2025,D,4,-0.0601,0.0488,0.0177
8477070,2025,C,41,2.5003,4.1245,0.7725
8477073,2025,L,19,0.3623,0.2115,0.0628
8477149,2025,R,28,3.7962,1.1706,-0.1075
8477220,2025,D,88,26.0977,4.7331,-0.9558
8477320,2025,L,4,0.9079,0.223,-0.072
8477346,2025,D,85,34.4178,6.7254,-0.1268
8477365,2025,D,53,7.0644,1.5285,-0.1616
8477369,2025,D,76,14.2979,3.3372,-3.1852
8477380,2025,C,55,12.4417,6.5939,-0.521
8477401,2025,C,3,-0.2248,0.2728,0.0
8477402,2025,L,81,45.1257,19.5513,-1.9388
8477404,2025,C,88,82.196,37.2672,4.4837
8477406,2025,C,43,6.1838,2.6404,-1.3183
8477407,2025,L,62,24.7617,8.0386,-0.1608
8477409,2025,C,77,48.7735,22.3337,3.7269
8477416,2025,R,84,28.2541,16.7537,2.6709
8477419,2025,L,5,-0.24,0.0031,-0.4278
8477425,2025,L,54,12.0749,8.4599,-0.9555
8477426,2025,L,57,12.372,8.808,0.1415
8477429,2025,C,79,40.9784,18.1486,1.1984
8477435,2025,D,22,1.7562,1.0542,-0.0024
8477444,2025,L,75,30.1686,12.147,-0.5458
8477446,2025,C,90,30.0323,11.3337,-3.0824
8477447,2025,D,92,50.7356,9.0565,3.0102
8477450,2025,C,68,24.5156,7.4541,-2.123
8477451,2025,R,87,41.6672,19.7163,2.425
8477454,2025,L,46,5.851,6.0904,0.0034
8477456,2025,L,82,28.1457,12.6183,-0.6763
8477463,2025,D,12,1.233,0.0948,-0.4425
8477476,2025,L,81,48.451,25.9002,1.7716
8477478,2025,L,89,17.2392,8.5621,0.8011
8477479,2025,L,79,51.9743,25.674,-0.7294
8477488,2025,D,37,9.9106,2.3147,-0.8362
8477492,2025,C,93,128.6596,43.0619,6.3492
8477494,2025,L,64,19.142,10.8897,0.9821
8477495,2025,D,52,33.3055,5.6777,1.4333
8477496,2025,C,75,37.5731,17.4421,-0.1336
8477497,2025,C,78,32.6681,20.5885,-0.2333
8477498,2025,D,88,25.228,7.4862,-0.5117
8477499,2025,D,54,20.1231,4.782,0.9202
8477500,2025,C,68,42.5374,31.0817,0.0901
8477501,2025,R,84,50.8649,23.6344,1.5151
8477503,2025,C,80,28.5909,11.9297,-0.0259
8477504,2025,D,77,54.166,8.2752,0.2614
8477505,2025,C,80,53.9409,14.148,-1.2208
8477506,2025,D,76,29.0828,4.35,-7.6095
8477507,2025,D,87,24.3871,5.7316,-3.2937
8477508,2025,C,50,7.3663,4.0866,-0.3505
8477511,2025,R,87,56.3659,21.4317,3.5671
8477527,2025,L,67,8.583,4.2233,-0.1898
8477541,2025,D,11,1.2096,0.1354,0.1508
8477573,2025,L,46,7.1598,3.6045,-0.6073
8477810,2025,D,68,8.7808,1.4178,-2.2993
8477839,2025,L,62,16.5063,8.7962,-1.1341
8477845,2025,D,68,14.5009,3.6499,-2.1158
8477851,2025,D,1,0.0614,0.0,-0.0757
8477903,2025,R,74,2.6875,3.165,-0.1811
8477919,2025,C,68,27.4466,9.5586,-2.73
8477931,2025,L,21,5.3454,1.0568,-2.2852
8477932,2025,D,72,25.4389,6.1774,-1.3349
8477933,2025,C,64,54.5189,29.7237,2.0581
8477934,2025,C,71,90.227,24.4262,4.7138
8477935,2025,C,76,46.4036,26.527,3.2087
8477938,2025,D,38,4.7007,1.831,-1.626
8477939,2025,R,65,76.2963,19.4627,0.2398
8477940,2025,L,100,72.1494,19.5691,4.1089
8477942,2025,L,56,36.5744,18.0142,2.0607
8477946,2025,C,74,53.9588,35.0652,3.0219
8477947,2025,L,31,7.8574,4.9486,0.4389
8477948,2025,D,91,43.4989,7.7397,0.4686
8477949,2025,R,92,63.9463,22.6547,-2.7916
8477950,2025,D,76,33.2904,7.1052,0.5057
8477951,2025,C,88,68.3707,31.5248,2.9863
8477952,2025,C,21,3.4227,3.7817,-0.1371
8477953,2025,R,47,20.2777,6.8076,-0.4516
8477955,2025,L,52,36.4683,13.3225,1.8746
8477956,2025,R,83,98.169,26.324,2.0884
8477960,2025,R,85,69.6339,28.5392,1.7726
8477964,2025,L,104,66.9459,17.1507,2.6873
8477969,2025,D,82,18.8655,3.5322,-5.0587
8477971,2025,D,3,-0.0493,0.0986,0.0521
8477979,2025,R,6,1.5596,0.4745,-0.0642
8477986,2025,D,64,30.9901,9.9862,0.439
8477987,2025,C,82,24.2182,15.1379,0.1526
8477989,2025,C,90,43.7809,22.3274,0.2472
8477993,2025,C,20,2.3737,1.8249,-0.2214
8477996,2025,C,24,0.8837,2.2926,-0.3229
8477998,2025,L,72,12.7669,12.4271,0.1332
8478010,2025,C,70,43.368,23.3461,2.0271
8478013,2025,D,59,23.4977,5.4331,-0.8341
8478020,2025,R,85,31.3899,11.9476,1.0769
8478038,2025,D,81,36.4001,6.7903,1.1347
8478042,2025,L,73,52.2445,21.1755,0.7032
8478043,2025,C,29,0.7353,0.7503,-0.893
8478046,2025,L,46,10.893,5.5978,0.5707
8478047,2025,L,1,30.277,12.7694,0.1081
8478055,2025,D,80,26.3521,5.1779,-2.5759
8478057,2025,C,55,14.6334,7.8277,-1.3703
8478062,2025,D,3,1.08,0.157,0.0781
8478104,2025,L,21,6.7451,2.84,-0.1125
8478109,2025,L,78,27.0261,17.0979,2.644
8478133,2025,C,87,43.4005,12.508,-3.5223
8478136,2025,D,86,19.267,3.8183,-2.8168
8478147,2025,L,2,-0.1883,0.2777,0.0546
8478173,2025,R,10,-0.4452,0.4094,0.0713
8478178,2025,D,80,69.5768,13.4388,5.5149
8478211,2025,L,3,0.022,0.5571,0.1594
8478233,2025,L,62,13.7909,7.3499,0.1762
8478366,2025,R,50,7.4114,7.7066,-0.7098
8478396,2025,D,93,34.7232,6.3961,0.3538
8478397,2025,D,103,50.172,13.4598,-1.8099
8478398,2025,L,82,84.027,33.3048,1.5784
8478399,2025,D,82,18.0378,3.3162,-1.4923
8478401,2025,C,84,60.797,18.9255,1.0569
8478402,2025,C,88,135.1779,46.6512,6.3662
8478403,2025,C,96,99.7597,25.885,5.0156
8478407,2025,D,81,42.9515,10.3235,0.8768
8478409,2025,C,1,0.0,0.0,-0.0404
8478413,2025,L,53,8.0498,2.0769,-1.0174
8478414,2025,R,77,34.8692,32.5366,2.3945
8478416,2025,D,68,13.7763,3.1941,-1.7111
8478420,2025,R,70,78.0661,19.2523,2.5126
8478421,2025,L,78,25.6429,14.7727,-1.27
8478424,2025,C,47,8.1041,4.2458,0.4604
8478427,2025,C,98,73.6404,26.0495,2.5135
8478434,2025,R,103,11.9196,6.3842,0.0514
8478438,2025,C,88,39.1669,16.1413,1.1321
8478439,2025,R,87,67.3731,23.7545,2.0887
8478440,2025,C,80,39.9349,20.148,1.83
8478443,2025,D,55,7.3161,3.4887,-2.7048
8478444,2025,R,75,42.4168,22.2131,-0.4623
8478445,2025,C,81,67.1538,22.9374,4.702
8478449,2025,C,53,32.8062,23.3809,2.2134
8478450,2025,D,86,33.4265,3.0932,-0.784
8478452,2025,D,7,1.1999,0.1734,-0.0932
8478454,2025,D,57,13.9298,1.2569,-0.7926
8478458,2025,C,75,31.3744,15.9165,1.3347
8478460,2025,D,75,79.457,17.175,2.3115
8478462,2025,C,87,29.9131,11.4363,-1.5657
8478463,2025,R,82,24.0689,20.2917,-1.8193
8478468,2025,D,80,15.8601,4.2083,-0.6495
8478469,2025,D,61,29.4646,6.1414,1.8659
8478472,2025,R,53,10.9631,4.9865,-0.6259
8478474,2025,L,87,42.4732,20.5231,-1.685
8478476,2025,D,33,5.2244,1.0046,0.0528
8478483,2025,R,103,97.9233,18.2522,5.652
8478493,2025,C,76,46.8125,24.4873,0.9262
8478498,2025,L,81,36.9097,35.6028,0.5961
8478500,2025,D,82,29.7955,8.7785,-2.3772
8478502,2025,D,11,1.431,0.1588,0.0986
8478507,2025,D,86,38.3656,4.3204,-1.8267
8478508,2025,C,91,17.7842,12.9888,-0.1178
8478519,2025,C,78,57.6076,21.1339,-0.5837
8478542,2025,C,69,28.8887,15.8425,0.6797
8478550,2025,L,82,81.2019,22.4504,3.91
8478569,2025,C,73,34.2945,11.9633,-1.8626
8478831,2025,C,86,31.8603,8.2747,-3.2945
8478840,2025,D,75,16.5356,2.8627,-3.9486
8478841,2025,D,23,4.9499,0.4877,-0.3492
8478851,2025,D,92,31.4529,3.75,-4.072
8478854,2025,D,86,38.047,3.8468,-1.6374
8478856,2025,R,71,29.9681,16.0156,0.5437
8478859,2025,D,68,13.4513,3.9891,-2.0435
8478864,2025,L,89,94.974,34.0907,4.4736
8478873,2025,R,73,66.2548,23.6908,3.3791
8478874,2025,R,66,20.7447,13.4603,-0.4214
8478882,2025,D,82,34.8818,7.0166,-2.9602
8478888,2025,C,3,0.9362,0.4647,-0.2611
8478891,2025,C,65,11.6615,5.4142,-1.553
8478904,2025,C,71,15.2954,9.4408,-1.9078
8478911,2025,D,79,23.1101,4.5009,-3.7682
8478967,2025,C,5,-0.1629,0.0,-0.069
8478970,2025,D,91,21.3047,5.3468,-0.9637
8478975,2025,L,68,39.3219,15.0943,2.9402
8479022,2025,C,42,8.8989,4.7275,-1.1992
8479026,2025,D,39,2.2691,1.7054,-2.0091
8479066,2025,L,57,7.3802,5.1432,0.0883
8479291,2025,C,1,0.9109,0.1426,0.0
8479293,2025,L,62,1.0515,4.3035,0.1587
8479314,2025,L,31,31.054,13.8763,2.3274
8479316,2025,C,62,10.83,6.5502,-2.3163
8479318,2025,C,60,48.5972,30.235,0.171
8479323,2025,D,55,50.4064,6.4388,2.2316
8479324,2025,D,76,10.6729,2.2577,-3.1466
8479325,2025,D,75,65.0502,8.6215,-1.2024
8479336,2025,R,50,10.6139,7.5912,-1.1332
8479337,2025,R,82,77.4503,36.82,5.9495
8479339,2025,L,5,0.8388,0.6043,0.0528
8479343,2025,R,88,85.9774,26.9992,4.7402
8479345,2025,D,80,56.986,17.0644,3.258
8479351,2025,C,79,32.5888,11.8267,-2.4155
8479353,2025,C,80,29.4809,8.6748,0.1099
8479359,2025,L,94,13.9993,7.8015,-1.2392
8479362,2025,L,4,0.7802,0.5254,0.0
8479365,2025,C,78,3.4394,8.7745,0.5731
8479368,2025,L,21,3.9422,2.5674,0.1809
8479369,2025,D,83,17.2015,4.3121,-1.982
8479370,2025,C,69,13.9663,10.2014,-1.8718
8479371,2025,D,74,14.5509,3.4591,-1.5794
8479372,2025,D,23,3.9173,1.0138,-1.1436
8479378,2025,D,84,27.4044,4.1138,-1.1847
8479383,2025,L,3,0.0776,0.0,0.1903
8479385,2025,R,72,41.4488,20.0482,1.6223
8479387,2025,D,3,0.9863,0.0,0.1148
8479388,2025,D,4,0.0622,0.0234,-0.3203
8479390,2025,R,68,16.8641,6.6511,-2.015
8479393,2025,L,37,7.2821,4.4204,-0.7686
8479395,2025,D,17,2.4656,0.659,-0.684
8479398,2025,D,66,20.0022,2.6685,1.6592
8479400,2025,C,29,15.5408,7.2555,0.6381
8479402,2025,D,16,1.9107,0.6592,0.7958
8479407,2025,L,82,70.512,22.3284,4.7172
8479410,2025,D,84,61.2418,10.9848,1.2753
8479414,2025,R,36,5.21,3.8318,-0.0095
8479420,2025,C,94,86.0493,34.0453,2.2081
8479421,2025,D,15,0.4235,0.1621,0.0769
8479425,2025,D,82,53.0452,8.6551,-2.9368
8479442,2025,D,64,15.5014,3.3662,-3.9471
8479520,2025,L,82,6.1252,8.6716,-1.149
8479525,2025,C,84,23.1319,17.0216,2.1951
8479533,2025,L,13,1.2359,0.4345,-0.3275
8479542,2025,L,78,74.5169,32.8103,1.6485
8479543,2025,L,9,-1.018,0.0206,-0.0181
8479550,2025,C,10,4.5971,1.1082,0.039
8479576,2025,D,53,8.3895,1.3193,-3.1969
8479591,2025,C,58,15.32,9.904,0.0299
8479619,2025,L,85,27.1097,17.3792,1.931
8479638,2025,R,65,30.1321,14.5685,1.1007
8479639,2025,D,16,2.6698,0.0916,0.0
8479644,2025,R,5,0.7533,0.4259,-0.3308
8479661,2025,L,83,19.061,10.734,-0.6028
8479671,2025,R,61,21.2277,12.2514,0.9995
8479675,2025,L,73,30.1122,18.5679,0.0708
8479705,2025,L,57,9.9274,7.6758,1.115
8479718,2025,C,2,0.971,0.0,-0.0277
8479772,2025,R,3,0.0189,0.5388,0.0774
8479941,2025,R,4,0.2466,0.0945,-0.651
8479942,2025,R,18,2.535,2.5961,-0.5942
8479944,2025,L,27,4.2192,1.9249,-0.5561
8479977,2025,R,65,26.6384,8.8163,0.4737
8479980,2025,D,62,16.2619,2.824,-2.9116
8479981,2025,L,10,2.6891,0.6163,-0.0983
8479982,2025,D,52,11.8769,1.4457,-3.0753
8479983,2025,D,82,23.8051,4.5114,-5.1978
8479985,2025,D,23,4.4765,0.9604,-0.137
8479987,2025,C,87,64.7279,24.3351,1.7965
8479992,2025,C,64,10.2053,9.6836,-1.0756
8479996,2025,C,70,25.5204,13.5675,-0.9525
8479998,2025,D,84,25.0011,3.2383,-3.3044
8479999,2025,C,77,39.2742,9.2377,0.4487
8480001,2025,D,34,6.9516,0.7858,-1.4105
8480002,2025,C,82,55.8094,34.8396,3.5483
8480003,2025,C,73,10.2912,7.1211,-1.3169
8480007,2025,R,4,0.6493,0.6794,0.0441
8480009,2025,R,78,30.1551,15.3976,-1.8036
8480012,2025,C,74,35.8508,15.8637,-0.3348
8480014,2025,C,82,63.6965,23.8469,1.9326
8480015,2025,R,87,45.5864,27.5532,2.8483
8480018,2025,C,101,96.4948,26.1067,3.0788
8480021,2025,C,19,-0.4867,0.9479,-0.485
8480023,2025,C,64,59.7521,15.4977,0.5054
8480027,2025,L,88,96.7084,40.9064,5.3545
8480028,2025,C,82,30.7978,19.8243,0.0833
8480035,2025,D,43,15.9185,1.6482,-0.316
8480036,2025,D,83,67.3887,10.3869,0.6552
8480039,2025,C,91,110.9659,27.7024,5.8014
8480043,2025,D,47,12.1514,2.3432,-1.6691
8480049,2025,D,66,15.2957,3.9532,-2.8472
8480058,2025,D,31,6.2645,1.1189,-0.4254
8480064,2025,C,54,30.8411,11.8117,2.905
8480068,2025,C,86,48.887,10.9513,-2.3045
8480069,2025,D,86,81.5838,15.9616,2.962
8480074,2025,L,70,27.6281,9.162,0.6446
8480075,2025,D,7,0.9657,0.1507,0.4011
8480078,2025,C,12,0.7903,3.4941,-0.0236
8480084,2025,D,40,8.4864,2.0291,0.8593
8480113,2025,L,79,24.7189,15.6401,-0.7226
8480144,2025,C,40,6.8875,4.2455,-1.641
8480145,2025,D,51,12.4331,3.3728,-1.0566
8480185,2025,C,73,29.7826,14.6665,0.1915
8480188,2025,L,86,28.466,14.8106,2.3737
8480192,2025,D,34,9.2667,1.2927,-0.6689
8480196,2025,D,50,8.0469,0.9801,-1.0136
8480208,2025,R,83,69.263,21.8664,4.739
8480220,2025,L,90,42.5857,21.6876,1.0754
8480245,2025,R,7,2.0832,0.7565,-0.1392
8480246,2025,D,79,16.2133,4.5209,-5.071
8480259,2025,C,28,2.6519,2.4164,-0.2506
8480281,2025,R,65,7.1555,7.3428,-2.0569
8480289,2025,C,65,29.6888,10.869,-2.7977
8480291,2025,C,4,-0.1711,0.1411,-0.0675
8480326,2025,C,5,0.1035,0.1951,-0.2568
8480336,2025,D,100,32.2053,9.8798,1.7164
8480355,2025,C,88,26.6419,12.5511,-2.2381
8480426,2025,D,73,29.0302,5.5642,1.1947
8480434,2025,D,66,29.0004,4.9245,1.9218
8480448,2025,C,95,36.7278,11.9701,-1.0584
8480459,2025,C,64,29.5634,13.3682,-0.0536
8480727,2025,D,78,18.9721,2.7787,-3.7923
8480748,2025,L,72,27.8898,20.2902,-1.0166
8480762,2025,L,86,19.1415,9.689,1.5074
8480796,2025,D,81,29.1061,4.6391,-5.1909
8480797,2025,L,82,34.4718,17.6893,-2.4141
8480798,2025,C,43,17.2776,6.8083,-0.2402
8480800,2025,D,85,91.6129,12.5898,4.8421
8480801,2025,L,64,46.5016,32.1279,6.3422
8480802,2025,C,94,67.5417,13.1299,-3.2701
8480803,2025,D,88,100.9543,17.9425,5.1036
8480806,2025,C,68,12.2955,5.3117,-2.0268
8480807,2025,D,91,52.7,7.7676,-5.7166
8480813,2025,C,70,3.1767,5.7998,-1.803
8480817,2025,D,91,42.4759,6.2527,2.3487
8480825,2025,R,3,1.02,0.064,-0.0471
8480828,2025,D,5,0.4959,0.1674,0.3454
8480829,2025,C,42,7.3886,4.6979,0.0842
8480830,2025,R,98,64.4774,26.0333,3.5668
8480831,2025,D,29,3.2371,0.8219,0.6352
8480834,2025,D,78,16.2728,1.8267,-1.0433
8480835,2025,C,95,37.6212,12.114,-0.3764
8480839,2025,D,90,87.4239,16.9567,3.0248
8480840,2025,C,78,12.9956,6.0624,-0.4669
8480842,2025,C,13,3.2237,2.9111,-0.2672
8480848,2025,C,46,14.4695,7.2974,-3.0929
8480849,2025,C,68,16.7695,19.3295,2.5201
8480853,2025,C,1,-0.014,0.0613,-0.0735
8480855,2025,C,77,22.1383,14.6925,-0.2055
8480860,2025,D,76,18.585,2.7157,-4.3194
8480865,2025,D,93,50.598,8.9397,-2.1639
8480870,2025,C,13,6.1129,1.9598,-2.255
8480871,2025,D,28,4.1591,0.8988,-0.1636
8480873,2025,D,73,30.5888,5.4578,-1.083
8480874,2025,D,5,-0.044,0.0356,-0.347
8480876,2025,C,43,2.218,3.1691,0.2008
8480878,2025,D,56,13.9159,2.4322,0.2887
8480879,2025,D,63,6.4907,1.4879,-2.314
8480887,2025,D,9,3.5509,0.5219,-0.1147
8480891,2025,D,35,1.7906,1.7658,-0.193
8480893,2025,R,76,64.385,25.4272,2.7164
8480950,2025,D,55,12.8902,1.4757,-1.1336
8480980,2025,C,84,29.7703,14.1276,-2.5407
8480990,2025,D,26,7.2588,0.8042,-0.5576
8480995,2025,R,70,20.4958,10.4004,0.7393
8481004,2025,L,2,-0.1233,0.0,0.1194
8481006,2025,D,69,19.3835,3.5116,-1.0887
8481013,2025,R,51,21.042,5.9532,0.5499
8481014,2025,D,15,2.2861,0.712,-1.292
8481024,2025,C,79,31.072,16.6415,0.2777
8481028,2025,C,22,1.9509,1.5571,-0.9269
8481030,2025,D,20,7.5376,1.2372,-0.6025
8481032,2025,L,79,13.0109,9.5805,-0.2855
8481043,2025,L,66,13.0059,8.9722,-2.4153
8481056,2025,D,66,11.4319,2.174,-2.1084
8481065,2025,C,8,0.828,0.6041,-0.8427
8481068,2025,C,78,24.3942,16.0665,-1.2162
8481070,2025,L,3,1.8063,0.414,-0.2529
8481077,2025,L,11,3.2208,1.0522,0.6004
8481093,2025,L,1,0.0989,0.4914,0.058
8481122,2025,D,73,8.6053,3.0156,-4.4601
8481133,2025,L,59,12.286,5.2855,-1.8791
8481161,2025,D,40,3.4274,0.9388,-0.1284
8481167,2025,D,39,7.0057,1.0692,-0.3095
8481178,2025,D,33,3.9468,0.5343,-0.8088
8481186,2025,R,26,3.1949,1.3304,0.024
8481219,2025,D,67,18.15,2.1809,-1.4453
8481237,2025,C,59,5.1589,4.5605,-0.1924
8481477,2025,C,57,17.2208,5.2674,-0.7627
8481481,2025,C,61,28.0537,6.2419,-1.1609
8481491,2025,C,17,3.5078,1.8628,-0.3794
8481517,2025,R,6,0.1073,0.3555,-0.2975
8481518,2025,L,12,0.7409,2.0587,-0.228
8481522,2025,C,95,40.2396,9.5324,-1.3744
8481523,2025,C,56,17.824,6.2488,0.2079
8481524,2025,D,95,49.4541,10.0752,-2.1661
8481525,2025,D,72,18.0242,3.4355,-2.7515
8481527,2025,D,91,20.4888,3.0948,0.1362
8481528,2025,C,86,52.4941,27.7286,5.2001
8481532,2025,C,63,11.3178,7.312,0.4018
8481533,2025,C,91,67.9644,23.847,3.9172
8481534,2025,C,1,-0.0729,0.0,-0.0078
8481535,2025,L,38,3.3107,3.2767,-0.923
8481540,2025,R,100,97.762,37.5933,3.4801
8481542,2025,D,82,61.0125,9.9385,6.5802
8481546,2025,D,84,30.4492,8.4367,0.7442
8481547,2025,D,1,0.2181,0.0105,0.0
8481553,2025,R,72,26.1185,15.4404,1.7107
8481554,2025,R,65,35.4643,10.3962,-0.0432
8481556,2025,C,35,8.3074,3.9493,-0.2574
8481557,2025,L,87,91.4514,33.4617,1.482
8481559,2025,C,61,70.8839,27.6069,2.6548
8481560,2025,R,2,0.8637,0.5766,0.0
8481562,2025,D,1,0.0007,0.0378,0.0
8481563,2025,D,68,17.4562,1.5065,-1.9736
8481564,2025,D,3,0.0325,0.0,-0.1773
8481567,2025,D,4,0.1635,0.0942,-0.3439
8481568,2025,D,81,21.7714,3.499,-6.7933
8481569,2025,D,8,3.0822,0.3343,-0.2814
8481572,2025,D,5,0.2146,0.2802,0.3982
8481575,2025,D,12,3.6161,0.5108,0.3307
8481577,2025,R,9,0.7713,1.029,-0.0581
8481580,2025,L,78,42.0531,20.4818,-1.5705
8481581,2025,D,76,36.7647,7.0088,0.6267
8481582,2025,L,78,28.6671,13.4596,-0.1888
8481591,2025,R,2,0.0262,0.0469,0.0
8481592,2025,L,5,0.0667,0.6613,-0.1735
8481593,2025,D,71,12.7657,1.6915,-0.4591
8481594,2025,R,1,0.0133,0.0,-0.1156
8481596,2025,C,76,47.4019,25.3042,1.1697
8481598,2025,D,81,35.8891,6.4769,-2.8241
8481599,2025,D,8,1.3336,0.2004,0.0107
8481600,2025,D,19,4.3954,1.1689,-0.3309
8481601,2025,R,79,38.8097,15.2674,-4.3279
8481604,2025,R,104,71.5073,32.2545,5.443
8481605,2025,D,94,70.5553,13.2648,4.7357
8481606,2025,D,77,30.9389,5.519,4.3854
8481607,2025,D,82,13.3138,3.714,-3.0007
8481609,2025,D,13,3.3436,0.5677,-0.259
8481617,2025,R,88,36.6049,17.4673,0.7755
8481618,2025,C,61,29.8539,7.6687,-1.3767
8481624,2025,R,77,31.478,16.7868,-4.4255
8481641,2025,L,56,8.077,5.5424,0.6908
8481655,2025,R,29,6.5085,3.1645,-0.6849
8481656,2025,L,76,47.478,20.9957,-1.3302
8481704,2025,C,20,2.4809,1.6125,-0.2836
8481711,2025,L,71,36.238,10.8987,0.7822
8481712,2025,R,4,-0.2351,0.6157,0.0
8481715,2025,D,1,-0.0093,0.0,-0.0338
8481716,2025,L,63,27.5469,15.213,1.4501
8481719,2025,D,37,9.8988,2.1838,-1.5862
8481721,2025,R,66,27.4517,12.5626,0.9864
8481725,2025,L,64,10.6391,8.5913,-0.6676
8481726,2025,C,35,4.643,3.9538,-0.41
8481732,2025,L,7,1.7888,0.4314,-0.137
8481754,2025,C,29,7.6386,3.0213,-0.1406
8481789,2025,L,64,18.8846,5.8737,-2.2104
8481806,2025,D,78,25.9503,5.3441,-4.5919
8481848,2025,C,4,-0.3298,0.3897,0.0207
8482055,2025,L,82,23.4701,18.1997,-1.9126
8482062,2025,R,85,12.4078,10.645,-1.0891
8482067,2025,D,3,-0.3679,0.158,-0.3014
8482070,2025,R,11,0.6313,1.1843,-0.1132
8482072,2025,D,14,2.1304,0.6927,0.6504
8482073,2025,D,82,20.3442,4.3865,-4.5934
8482074,2025,C,74,21.6314,14.1691,-0.3657
8482077,2025,L,59,45.7311,17.8178,1.3096
8482078,2025,L,80,73.172,22.0042,4.7638
8482079,2025,C,50,32.2091,8.5318,0.3303
8482087,2025,D,58,21.9813,2.2542,-1.3453
8482088,2025,C,78,32.9023,14.3569,1.6204
8482089,2025,L,69,32.0925,13.135,1.8265
8482090,2025,C,44,3.3715,2.8933,-1.0401
8482092,2025,C,81,35.0785,17.4248,-0.0879
8482093,2025,R,90,66.4742,37.502,3.1329
8482094,2025,D,37,8.0949,1.2252,-0.1544
8482095,2025,D,72,20.0435,3.8527,1.0731
8482097,2025,R,95,55.1374,23.4119,1.1138
8482100,2025,D,98,34.5305,8.0662,2.8375
8482103,2025,C,40,3.6942,3.1154,-0.6557
8482105,2025,D,70,59.6076,9.2708,1.9533
8482107,2025,D,18,5.6786,0.995,-0.2495
8482109,2025,L,82,52.3512,21.0358,1.9997
8482110,2025,C,82,35.9491,23.5067,0.9496
8482111,2025,D,52,9.5922,2.6757,-0.2325
8482113,2025,C,64,43.8876,17.997,0.5025
8482116,2025,C,84,79.1318,29.3768,4.2874
8482117,2025,L,30,6.0509,3.1071,-0.1752
8482118,2025,R,9,0.388,0.6297,-0.1414
8482122,2025,D,91,60.3205,8.6829,-0.6385
8482124,2025,R,83,52.2154,21.9162,-0.5379
8482125,2025,R,28,7.5623,3.8193,0.016
8482126,2025,D,65,16.3549,3.2059,0.5887
8482131,2025,D,42,8.0327,1.6249,-2.378
8482132,2025,L,13,-0.7832,1.2974,-0.0652
8482142,2025,D,88,37.4035,6.5508,1.8063
8482145,2025,C,88,36.7135,20.1812,2.4133
8482146,2025,R,81,51.3546,17.7945,3.0409
8482148,2025,C,74,14.485,7.7162,0.6522
8482149,2025,C,68,27.4398,17.0005,0.8983
8482153,2025,C,3,1.0509,0.3672,0.0
8482155,2025,R,86,42.9905,23.9127,-0.1195
8482157,2025,L,82,28.9655,21.2189,-0.6251
8482159,2025,R,39,17.8682,6.8911,0.689
8482162,2025,L,3,-0.0077,0.1989,0.082
8482165,2025,D,57,12.3037,2.724,-1.2456
8482166,2025,D,50,12.7065,2.0804,-1.081
8482167,2025,R,2,-0.0138,0.0027,0.0116
8482168,2025,D,2,0.8526,0.0204,-0.2097
8482172,2025,L,53,5.2353,6.6932,-2.4711
8482174,2025,D,3,0.0962,0.0514,-0.1296
8482175,2025,R,88,41.021,16.8078,2.072
8482176,2025,D,77,18.252,4.9675,-4.6938
8482177,2025,C,83,32.5847,11.574,-0.6748
8482178,2025,D,77,11.5785,4.3475,-0.4946
8482187,2025,D,1,-0.0078,0.0,-0.0109
8482192,2025,D,3,-0.0318,0.1054,0.2034
8482201,2025,C,81,34.991,11.2341,1.0441
8482206,2025,R,7,0.4552,0.4552,-0.3851
8482209,2025,C,4,-0.254,0.067,-0.1979
8482245,2025,D,82,30.0617,3.7204,-0.831
8482259,2025,C,78,38.1848,21.6411,-0.2191
8482408,2025,L,62,6.1726,6.7695,-0.458
8482451,2025,L,5,0.9361,0.6475,0.0639
8482460,2025,C,26,-0.0634,2.0495,-0.0761
8482470,2025,D,33,8.972,0.8045,-0.1824
8482475,2025,R,78,39.6102,15.6596,-0.0012
8482476,2025,L,82,28.8484,20.9342,-0.79
8482479,2025,C,1,-0.0087,0.0,-0.0588
8482482,2025,D,58,16.2269,3.7143,-0.3996
8482496,2025,C,2,-0.038,0.098,-0.0176
8482511,2025,D,76,25.4435,4.718,-0.3931
8482516,2025,D,29,3.1644,0.8314,-0.7788
8482525,2025,C,2,-0.1952,0.091,0.0208
8482623,2025,C,36,3.0218,2.8661,0.0409
8482624,2025,D,1,0.0089,0.0,-0.2721
8482634,2025,C,45,13.1995,6.194,0.5855
8482641,2025,D,6,0.972,0.1026,-0.5762
8482652,2025,R,3,-0.1765,0.2343,0.2694
8482655,2025,D,86,34.1781,6.5654,-0.9588
8482659,2025,R,95,57.7463,25.0773,2.619
8482660,2025,C,76,22.3655,14.7899,1.0327
8482663,2025,L,1,0.0423,0.0518,-0.1924
8482665,2025,C,82,48.4203,19.8805,1.5332
8482666,2025,D,29,5.8166,1.1359,-0.1196
8482667,2025,L,78,47.0162,23.4831,1.5837
8482671,2025,D,94,35.821,7.6207,-1.8322
8482673,2025,R,2,-0.0804,0.2631,0.0562
8482679,2025,R,80,37.7998,22.9999,-0.5471
8482684,2025,D,68,33.8311,10.6868,2.8424
8482691,2025,C,66,13.9601,6.5246,-2.5209
8482698,2025,C,1,0.0414,0.1272,0.0
8482699,2025,R,85,71.4515,26.6073,2.7706
8482702,2025,C,100,45.5202,24.747,3.7666
8482703,2025,C,66,10.3389,6.0548,-0.2179
8482705,2025,C,81,27.3373,15.6193,-0.1833
8482713,2025,R,77,26.4145,18.8438,1.5527
8482715,2025,D,18,9.6529,0.744,-0.271
8482720,2025,L,79,60.0571,24.2842,-1.252
8482726,2025,C,57,6.9771,3.8621,-0.4967
8482730,2025,D,86,42.3878,11.0118,3.0272
8482731,2025,D,15,1.7428,0.4079,-0.0034
8482733,2025,D,67,13.9913,4.2214,-1.6364
8482737,2025,R,97,31.1612,13.7447,1.4064
8482740,2025,C,88,84.5307,40.0465,2.6777
8482742,2025,L,25,3.472,5.1745,-0.3269
8482745,2025,C,85,38.9403,19.6906,1.9102
8482747,2025,L,19,2.4233,2.3945,-0.2641
8482749,2025,R,3,-0.2243,0.0996,-0.0335
8482751,2025,C,68,16.7515,9.0632,-1.531
8482758,2025,R,39,5.4461,5.4063,0.891
8482762,2025,D,72,27.3497,7.6431,0.1687
8482765,2025,R,37,8.8551,4.118,0.4598
8482766,2025,L,3,0.1928,0.3028,0.0
8482768,2025,C,70,16.4226,8.0817,-0.4797
8482775,2025,C,89,32.9423,19.5098,-2.5083
8482781,2025,D,1,0.0374,0.0729,0.1846
8482785,2025,C,2,1.1581,0.152,0.0
8482787,2025,R,11,-0.6137,0.9525,-0.4341
8482802,2025,L,8,0.1682,0.2481,-0.3949
8482803,2025,D,79,23.8974,7.9825,-0.5778
8482804,2025,D,3,0.0035,0.0279,-0.1374
8482807,2025,D,19,1.7265,0.7915,-1.3354
8482809,2025,R,100,60.5259,28.3273,3.9146
8482858,2025,D,67,16.6352,2.3359,-2.3475
8482859,2025,C,59,7.1051,5.7451,-0.7638
8482861,2025,D,27,3.5215,0.6141,-1.0158
8482873,2025,D,2,0.1137,0.0,-0.1996
8482874,2025,R,36,3.2054,2.8683,-0.5135
8482877,2025,R,28,6.4038,2.5532,0.4135
8482896,2025,C,52,7.4131,3.094,-0.5402
8482911,2025,D,38,9.7902,1.7414,1.0602
8482929,2025,D,57,13.7897,2.4982,-0.6868
8482941,2025,L,1,-0.0154,0.0,-0.0122
8482947,2025,C,60,9.871,3.1226,0.0812
8482953,2025,L,12,-0.7456,0.5696,-0.0345
8482964,2025,D,78,5.8974,1.811,-1.1856
8482993,2025,R,16,4.4756,2.4211,-0.8603
8483039,2025,C,4,0.7085,0.2369,-0.0152
8483395,2025,L,28,3.562,2.5409,-0.6637
8483397,2025,C,7,-0.1339,0.0,-0.6499
8483398,2025,D,44,4.0736,2.2388,-1.1249
8483406,2025,R,37,4.8548,2.9965,-0.3292
8483424,2025,C,15,0.7648,1.5796,0.223
8483425,2025,D,56,9.8133,1.1063,-0.2145
8483429,2025,D,2,0.101,0.1203,0.0
8483431,2025,C,60,37.399,13.6505,1.052
8483432,2025,C,14,0.7005,0.9951,-0.181
8483433,2025,R,6,-0.2405,0.4566,-0.2074
8483435,2025,D,2,-0.0062,0.0307,-0.0327
8483444,2025,C,3,0.2435,0.1028,-0.2184
8483445,2025,L,88,70.0351,29.6778,3.163
8483447,2025,C,16,1.9026,0.8073,-0.1924
8483448,2025,D,4,1.108,0.0708,-0.0688
8483450,2025,C,81,31.0422,16.8554,-3.1533
8483452,2025,C,9,1.2873,1.3992,0.0642
8483455,2025,L,29,3.8848,3.9272,-0.0329
8483457,2025,D,101,92.2769,12.8615,4.8599
8483460,2025,D,26,-0.701,0.6937,-0.0735
8483463,2025,C,5,0.0283,0.3623,-0.1745
8483464,2025,C,81,13.5646,15.1899,0.3101
8483465,2025,R,16,2.4118,1.2681,0.1754
8483466,2025,D,13,1.8187,0.2498,-0.4339
8483467,2025,D,3,1.9507,0.2512,-0.1964
8483468,2025,C,12,4.2327,2.8966,-0.4017
8483471,2025,C,25,5.1644,2.6572,-0.4492
8483472,2025,D,5,0.9666,0.2619,-0.0216
8483476,2025,R,13,2.3374,0.7746,-1.0104
8483482,2025,D,1,1.0439,0.2945,0.0
8483485,2025,D,75,31.7509,5.9542,-0.2365
8483487,2025,R,24,5.837,3.9787,0.0696
8483489,2025,C,88,28.6574,17.2685,-0.3612
8483490,2025,D,85,25.5494,6.6851,-1.1851
8483491,2025,L,13,2.7898,1.2398,-0.1916
8483493,2025,C,66,31.4777,19.8449,-1.8891
8483495,2025,D,68,25.4819,7.694,1.1539
8483497,2025,R,28,6.4541,3.6259,0.3354
8483499,2025,L,69,18.0543,8.9955,-2.4544
8483500,2025,C,63,26.9467,6.6978,1.3402
8483503,2025,D,4,-0.126,0.0202,0.0295
8483505,2025,C,3,1.1419,0.7639,-0.068
8483506,2025,D,54,12.9549,4.0625,-2.3851
8483510,2025,D,32,5.0821,2.0198,0.5444
8483512,2025,C,88,34.0461,19.3032,0.3522
8483513,2025,L,47,6.3479,4.4015,-1.0415
8483515,2025,L,101,75.5856,27.1034,3.8926
8483516,2025,R,70,44.4602,22.3528,1.078
8483524,2025,C,74,21.3549,11.837,1.3047
8483525,2025,R,82,27.8375,11.1903,0.5351
8483526,2025,C,6,0.8801,0.2613,-0.0682
8483531,2025,L,15,1.5728,0.6267,-0.4894
8483546,2025,D,1,0.0374,0.0159,-0.055
8483553,2025,C,49,4.7658,6.2144,0.2785
8483565,2025,D,66,27.0136,5.4147,0.005
8483567,2025,C,1,-0.0673,0.0,0.0
8483570,2025,C,52,15.7233,8.0769,-1.7593
8483573,2025,R,62,22.2667,13.913,0.0985
8483609,2025,R,79,11.7792,7.288,0.1696
8483630,2025,L,24,9.0859,6.7176,-0.1565
8483669,2025,L,11,3.5665,1.893,0.0122
8483675,2025,C,2,-0.111,0.2044,0.0934
8483676,2025,C,30,9.7822,4.1122,0.9437
8483678,2025,D,70,12.398,2.2156,-3.1396
8483686,2025,D,15,0.8509,0.6554,-0.3105
8483687,2025,D,4,3.2105,0.3283,-0.1614
8483690,2025,C,74,21.3977,10.1464,-2.5174
8483696,2025,R,1,0.9783,0.1013,0.0
8483699,2025,D,1,1.0186,0.1258,0.0
8483709,2025,D,4,-0.1222,0.0,-0.4431
8483712,2025,D,4,0.9991,0.1055,-0.0565
8483728,2025,C,10,0.6989,0.9966,0.0657
8483731,2025,L,23,10.0425,2.642,0.4986
8483733,2025,R,55,12.4132,3.587,-0.5893
8483752,2025,C,50,16.4174,6.2452,0.4812
8483756,2025,R,27,3.0123,3.8127,0.8977
8483760,2025,D,1,1.0798,0.0,0.0098
8483766,2025,D,2,0.0297,0.0,-0.0485
8483768,2025,D,24,3.9947,0.6461,-1.3999
8483771,2025,L,19,4.7807,1.4221,-0.2455
8483808,2025,L,53,20.5818,10.083,1.522
8483841,2025,C,5,-0.3479,0.1041,-0.3715
8483890,2025,R,55,23.4174,12.2451,1.7333
8483930,2025,C,9,1.0102,0.2141,0.0627
8484135,2025,C,15,1.2602,0.5691,-0.5081
8484136,2025,C,66,16.4482,8.0192,-1.6544
8484142,2025,C,53,16.686,6.7774,1.2845
8484144,2025,C,69,65.5746,29.1762,-1.1126
8484145,2025,L,78,47.6526,19.0918,0.7999
8484148,2025,D,2,1.9584,0.0477,0.0377
8484149,2025,C,56,10.9824,6.9652,0.9256
8484150,2025,D,34,7.8395,1.4327,-0.5601
8484152,2025,D,3,0.0113,0.3168,-0.0611
8484153,2025,C,82,75.1637,25.5002,4.5463
8484158,2025,R,66,25.0456,9.0972,-1.2655
8484160,2025,C,28,5.6589,3.6893,0.1192
8484164,2025,R,71,13.8712,9.6012,0.3041
8484166,2025,C,82,48.305,28.9313,2.5509
8484168,2025,C,13,1.4633,0.5559,-0.2307
8484169,2025,D,9,2.0451,0.1129,-0.1047
8484177,2025,R,33,7.5923,4.055,0.3028
8484180,2025,L,18,3.1969,2.755,-0.203
8484185,2025,L,41,14.5181,8.195,-1.0596
8484186,2025,R,75,39.6689,17.2725,0.704
8484188,2025,D,17,3.9157,1.4816,0.8761
8484197,2025,C,51,15.9998,7.2965,-0.6764
8484203,2025,L,12,2.5504,1.6415,-0.1573
8484210,2025,R,49,23.0479,10.5215,-0.1897
8484214,2025,C,3,-0.3462,0.4966,0.0
8484220,2025,D,2,1.0386,0.1422,0.0404
8484221,2025,C,65,26.018,12.1346,1.2879
8484223,2025,D,68,20.3473,2.8319,0.1642
8484227,2025,C,69,54.2362,19.9082,1.2537
8484230,2025,C,32,9.1021,3.3937,-0.355
8484234,2025,L,6,0.4662,1.1228,-0.1251
8484240,2025,D,70,21.984,2.8893,-2.3109
8484241,2025,R,71,25.2969,12.3648,-0.6886
8484242,2025,C,3,0.1463,0.2305,-0.2872
8484255,2025,R,4,-0.1508,0.0,0.0517
8484258,2025,D,93,43.0811,6.7844,1.6858
8484262,2025,D,9,1.3479,0.1607,-0.2981
8484287,2025,D,3,0.2194,0.0207,0.0
8484304,2025,D,54,15.6315,4.4952,-0.7943
8484305,2025,D,45,8.2483,1.3835,-0.0856
8484321,2025,D,54,6.3026,1.9011,-0.4513
8484380,2025,C,3,1.6148,0.2663,0.0915
8484386,2025,D,28,0.9861,1.0119,-0.5796
8484387,2025,R,89,45.7993,21.7939,4.0651
8484388,2025,L,29,4.9149,6.4737,1.0698
8484392,2025,R,1,0.972,0.0,-0.0341
8484403,2025,L,5,0.8537,0.2682,0.0
8484406,2025,C,6,0.9257,0.304,-0.3272
8484428,2025,D,12,1.9903,1.4737,-0.1754
8484471,2025,C,82,26.2978,18.4524,0.58
8484509,2025,C,29,5.7056,0.7892,0.4427
8484529,2025,C,5,0.7652,0.4958,0.0044
8484759,2025,D,5,3.7803,0.3051,-0.0237
8484762,2025,R,94,59.7339,27.2505,2.8622
8484768,2025,D,37,9.9333,3.2562,-0.1423
8484779,2025,C,5,-0.0297,0.1637,0.2132
8484783,2025,D,68,22.4672,5.5463,-2.0845
8484793,2025,C,7,1.1712,0.7208,-0.5883
8484794,2025,R,14,0.8138,1.6332,0.2095
8484797,2025,C,13,5.1134,0.9137,-0.02
8484798,2025,D,76,25.8787,4.5167,-0.1699
8484800,2025,C,66,14.136,9.9039,0.0229
8484801,2025,C,82,103.9618,34.9504,1.4962
8484806,2025,D,72,14.5631,3.9293,-0.9052
8484821,2025,C,3,-0.0055,0.3638,0.0
8484829,2025,C,87,27.7085,12.4637,0.237
8484839,2025,D,9,1.703,0.4003,0.2221
8484860,2025,R,37,18.4236,7.1373,-1.0822
8484873,2025,D,14,9.0378,2.9281,0.4006
8484901,2025,C,23,2.3394,0.9444,-1.7468
8484911,2025,R,81,41.0723,20.7201,-1.9922
8484933,2025,D,4,0.9626,0.7105,-0.4559
8484938,2025,R,24,6.1573,2.548,-0.775
8484958,2025,R,49,3.039,3.1696,0.6369
8484984,2025,R,101,65.9239,16.7688,3.368
8484994,2025,L,28,17.4124,6.7541,0.2704
8484999,2025,L,4,3.9904,0.839,0.2459
8485251,2025,C,3,0.1364,0.2267,0.0046
8485366,2025,D,82,60.6706,15.6407,2.1282
8485385,2025,C,3,0.1007,0.0,-0.3222
8485388,2025,R,1,0.8272,0.121,0.0664
8485391,2025,C,12,7.4726,3.437,0.3077
8485395,2025,C,5,0.7865,0.2299,0.1418
8485402,2025,C,45,18.558,8.9804,0.4186
8485405,2025,C,3,1.106,0.1409,-0.0561
8485406,2025,R,19,12.8936,4.283,0.436
8485414,2025,C,83,31.6884,19.3781,2.2923
8485467,2025,C,4,0.9773,0.2222,-0.4961
8485493,2025,R,22,3.2184,4.6439,1.4262
8485511,2025,R,4,0.9712,0.2052,-0.0576
8485512,2025,C,51,8.7646,3.7769,-1.0871
8485702,2025,R,44,17.2172,5.4094,-0.9227
8486056,2025,C,6,1.1786,1.0222,-0.1615
8486166,2025,D,2,-0.0086,0.0,-0.5605
8486169,2025,D,1,-0.1249,0.0,-0.2624
