pid,season,position,gp,war_indiv
8474628,2021,D,20,0.478
8482821,2021,G,3,0
8474636,2021,G,2,0
8474641,2021,C,58,1.517
8482834,2021,R,7,-0.03
8474651,2021,G,24,0
8474667,2021,G,6,0
8474673,2021,D,89,0.673
8474679,2021,R,82,1.834
8474682,2021,G,29,0
8474683,2021,C,71,1.16
8474688,2021,D,10,0.062
8470594,2021,G,61,0
8470600,2021,D,89,0.757
8474697,2021,D,59,-0.117
8470604,2021,C,83,2.133
8470606,2021,R,71,1.006
8470610,2021,L,82,1.124
8470612,2021,C,56,1.041
8470613,2021,D,82,1.974
8474709,2021,L,71,-0.487
8470619,2021,C,72,0.786
8474715,2021,R,73,2.158
8470621,2021,R,105,2.268
8474716,2021,D,71,1.709
8470626,2021,L,73,0.179
8474722,2021,D,1,-0.012
8470638,2021,C,80,3.394
8478831,2021,C,3,-0.014
8478838,2021,C,6,0.01
8478840,2021,D,36,0.191
8478841,2021,D,27,0.096
8478846,2021,D,9,0.055
8478851,2021,D,81,1.179
8478856,2021,R,77,2.162
8478859,2021,D,66,0.302
8478864,2021,L,87,5.718
8478866,2021,C,72,0.093
8478868,2021,D,11,-0.031
8478870,2021,L,61,0.529
8478872,2021,G,52,0
8478873,2021,R,75,2.994
8478874,2021,R,58,0.303
8478881,2021,L,2,0
8478882,2021,D,80,0.999
8478891,2021,C,68,0.234
8478902,2021,G,15,0
8478903,2021,G,1,0
8478904,2021,C,72,0.16
8478906,2021,D,1,0.049
8478911,2021,D,74,0.702
8474818,2021,D,39,0.185
8478915,2021,D,13,0.236
8478916,2021,G,5,0
8478933,2021,G,1,0
8474849,2021,L,53,-0.122
8470755,2021,R,44,0.037
8478949,2021,R,1,-0.01
8474870,2021,C,26,0.098
8470775,2021,C,33,-0.114
8478967,2021,C,29,-0.256
8478970,2021,D,16,0.08
8478971,2021,G,7,0
8478975,2021,L,58,2.258
8474884,2021,C,67,1.01
8474889,2021,G,35,0
8470794,2021,C,89,3.889
8478996,2021,C,25,-0.072
8479026,2021,D,27,0.062
8470860,2021,G,17,0
8479066,2021,L,60,0.414
8470880,2021,G,19,0
8470966,2021,D,82,1.357
8479193,2021,G,27,0
8475098,2021,C,62,0.106
8475149,2021,L,75,0.797
8475151,2021,C,69,1.242
8479249,2021,C,2,0.081
8475156,2021,G,48,0
8479252,2021,D,4,-0.022
8475158,2021,C,90,3.283
8475160,2021,L,26,0.016
8475163,2021,R,67,0.769
8475164,2021,R,53,0.434
8475166,2021,C,86,3.009
8475167,2021,D,105,4.734
8475168,2021,C,82,4.048
8475169,2021,L,58,2.558
8475170,2021,C,74,2.442
8475171,2021,D,79,0.879
8475172,2021,C,87,4.667
8475176,2021,D,4,0.23
8475177,2021,D,69,-0.011
8475178,2021,R,74,0.432
8475179,2021,D,82,0.777
8475181,2021,D,84,0.637
8477457,2021,G,4,0
8475184,2021,L,101,4.06
8475186,2021,D,7,0.007
8475188,2021,D,69,0.536
8475191,2021,R,56,1.636
8475193,2021,L,76,1.081
8479289,2021,D,4,0.037
8479291,2021,C,76,-0.089
8479292,2021,G,5,0
8479293,2021,L,30,0.494
8475197,2021,D,89,1.891
8475200,2021,D,82,1.253
8483397,2021,C,11,0.071
8475208,2021,D,77,0.423
8475209,2021,R,4,-0.003
8479304,2021,C,6,0.036
8475215,2021,G,44,0
8479312,2021,G,2,0
8479313,2021,G,7,0
8475218,2021,D,80,1.013
8479314,2021,L,94,5.615
8479316,2021,C,86,0
8475220,2021,L,80,1.151
8479318,2021,C,80,6.126
8479315,2021,R,5,0.001
8479320,2021,D,5,-0.011
8475225,2021,C,81,1.243
8479321,2021,D,1,0.045
8475227,2021,D,64,1.11
8479323,2021,D,98,4.403
8479324,2021,D,95,0.451
8479325,2021,D,84,2.588
8475231,2021,C,74,0.547
8479328,2021,R,49,0.171
8475233,2021,D,62,0.473
8475234,2021,G,6,0
8475235,2021,L,86,-0.276
8475236,2021,C,69,-0.105
8479333,2021,D,17,-0.053
8479335,2021,C,80,0.579
8479336,2021,R,60,0.515
8479337,2021,R,82,3.815
8479338,2021,D,20,0.029
8479339,2021,L,56,2.257
8479341,2021,D,34,0.223
8475246,2021,D,39,-0.055
8479343,2021,R,67,2.68
8479344,2021,R,81,1.531
8479345,2021,D,47,0.823
8479346,2021,C,91,0.994
8479347,2021,L,29,-0.198
8479348,2021,D,36,0.164
8479351,2021,C,68,0.237
8479353,2021,C,47,0.679
8479355,2021,D,18,-0.09
8479356,2021,L,45,0.547
8479359,2021,L,12,-0.093
8479361,2021,G,4,0
8479362,2021,L,10,-0.03
8479364,2021,L,8,-0.098
8479365,2021,C,64,0.389
8479366,2021,C,39,0.305
8479367,2021,R,13,-0.22
8479368,2021,L,2,-0.022
8479369,2021,D,82,0.087
8479370,2021,C,86,0.53
8479371,2021,D,70,0.85
8479372,2021,D,38,0.181
8479373,2021,C,61,0.748
8475279,2021,D,84,0.72
8479376,2021,D,37,0.176
8479378,2021,D,58,0.389
8479379,2021,R,46,-0.026
8479382,2021,C,15,-0.145
8475287,2021,L,85,1.356
8479383,2021,L,59,-0.166
8479385,2021,R,86,3.85
8479388,2021,D,52,0.374
8479390,2021,R,74,0.584
8479393,2021,L,63,0.6
8479394,2021,G,45,0
8479395,2021,D,11,0.065
8479398,2021,D,74,0.909
8479400,2021,C,81,2.507
8479402,2021,D,67,0.631
8479404,2021,C,52,-0.135
8479406,2021,G,18,0
8475311,2021,G,73,0
8471214,2021,L,83,4.641
8479407,2021,L,76,3.406
8471217,2021,L,51,-0.017
8479410,2021,D,101,1.682
8475314,2021,L,76,1.647
8479413,2021,D,2,-0.003
8471218,2021,R,65,2.661
8479414,2021,R,72,0.277
8479415,2021,C,77,0.754
8479419,2021,L,19,0.104
8475324,2021,D,82,0.697
8479420,2021,C,78,3.23
8471228,2021,R,74,0.433
8479421,2021,D,19,-0.074
8479425,2021,D,78,1.342
8471239,2021,G,1,0
8475343,2021,C,70,1.133
8479439,2021,D,8,0.026
8479442,2021,D,33,0.207
8479447,2021,R,1,0.021
8471260,2021,L,6,-0.049
8479458,2021,D,62,0.037
8479465,2021,L,18,-0.005
8471274,2021,D,76,0.933
8483565,2021,D,7,0.122
8483570,2021,C,5,0.046
8471284,2021,D,32,0.021
8479482,2021,D,15,-0.01
8471303,2021,D,48,0.712
8479496,2021,G,18,0
8471306,2021,G,31,0
8475413,2021,C,22,0.041
8479511,2021,C,57,0.247
8479512,2021,R,6,0.039
8479514,2021,C,66,1.222
8479516,2021,C,2,0.037
8479518,2021,C,3,0.043
8479520,2021,L,86,0.024
8479523,2021,D,40,0.317
8479525,2021,C,102,1.885
8479526,2021,L,8,0.053
8479534,2021,D,5,0.053
8479536,2021,L,23,-0.005
8479542,2021,L,100,1.837
8479543,2021,L,51,0.189
8479546,2021,C,20,0.099
8479550,2021,C,1,-0.007
8475455,2021,D,79,0.396
8479553,2021,C,44,0.43
8475461,2021,L,1,0
8475462,2021,D,87,0.431
8479573,2021,L,18,-0.105
8479578,2021,D,36,0.059
8479580,2021,C,63,-0.071
8479581,2021,G,2,0
8479587,2021,C,4,-0.036
8479591,2021,C,1,-0.004
8479597,2021,D,4,-0.024
8479602,2021,D,6,0.081
8471418,2021,G,9,0
8479619,2021,L,21,0.157
8481597,2021,G,1,0
8481598,2021,D,24,0.024
8479639,2021,D,59,0.426
8479644,2021,R,23,0.137
8479661,2021,L,85,1.066
8479671,2021,R,13,-0.127
8479675,2021,L,88,2.332
8479705,2021,L,34,-0.071
8475622,2021,G,3,0
8479718,2021,C,16,0.207
8475625,2021,D,17,0.169
8479729,2021,D,3,-0.004
8475660,2021,G,50,0
8479772,2021,R,75,-0.295
8475683,2021,G,64,0
8475690,2021,D,90,0.857
8475692,2021,R,76,3.412
8475714,2021,C,78,1.019
8475717,2021,G,3,0
8475718,2021,D,74,0.72
8475722,2021,L,46,0.607
8475726,2021,C,86,2.355
8475728,2021,L,49,0.672
8475735,2021,C,43,-0.195
8475744,2021,C,85,3.251
8475745,2021,C,89,1.546
8475747,2021,D,68,-0.095
8475750,2021,D,75,0.647
8475752,2021,C,39,-0.099
8475753,2021,D,88,2.253
8475754,2021,C,72,2.596
8475760,2021,C,57,0.402
8475762,2021,D,83,0.284
8475763,2021,R,48,1.127
8475764,2021,D,76,1.482
8471669,2021,C,71,1.842
8475765,2021,R,87,4.448
8475766,2021,L,67,0.037
8475768,2021,L,37,0.892
8471675,2021,C,75,3.61
8475772,2021,C,69,0.743
8471677,2021,D,87,-0.202
8471679,2021,G,5,0
8475780,2021,R,4,-0.012
8471685,2021,C,88,2.404
8471686,2021,D,71,0.328
8475784,2021,L,80,2.884
8475786,2021,L,92,3.483
8475789,2021,G,56,0
8475790,2021,D,90,0.489
8471695,2021,G,4,0
8475792,2021,R,9,-0.023
8475791,2021,L,88,2.677
8475793,2021,C,83,1.807
8471698,2021,R,50,0.914
8475794,2021,C,88,1.971
8475796,2021,D,68,0.047
8475797,2021,D,7,0.015
8475799,2021,R,89,1.956
8475798,2021,C,84,2.498
8471699,2021,C,90,0.076
8471707,2021,L,19,0.068
8471709,2021,D,75,0.239
8475809,2021,G,37,0
8475810,2021,R,67,3.378
8471724,2021,D,85,3.333
8475820,2021,R,75,0.309
8471729,2021,D,37,0.35
8475825,2021,D,87,0.199
8471734,2021,G,53,0
8471735,2021,D,77,0.526
8475831,2021,G,55,0
8479933,2021,C,40,0.24
8475839,2021,G,8,0
8475842,2021,C,64,0.49
8479941,2021,R,45,0.436
8475848,2021,R,56,0.975
8479944,2021,L,69,-0.095
8479945,2021,D,43,0.232
8475852,2021,G,20,0
8475855,2021,R,96,0.659
8471774,2021,G,1,0
8479968,2021,C,31,0.206
8479972,2021,C,3,-0.015
8479973,2021,G,13,0
8479974,2021,C,25,0.136
8479976,2021,D,9,0.064
8479977,2021,R,95,1.447
8479979,2021,G,55,0
8475883,2021,G,52,0
8479981,2021,L,43,-0.184
8479980,2021,D,52,0.611
8479983,2021,D,63,0.074
8479984,2021,D,69,0.348
8479985,2021,D,9,-0.044
8479986,2021,R,23,0.161
8479982,2021,D,6,-0.038
8479987,2021,C,73,0.341
8471794,2021,C,88,0.661
8479991,2021,C,41,-0.174
8479992,2021,C,80,0.667
8479994,2021,C,7,-0.102
8479996,2021,C,10,-0.052
8479998,2021,D,64,0.093
8479999,2021,C,40,0.433
8480001,2021,D,29,0.009
8480002,2021,C,70,2.15
8480003,2021,C,56,0.595
8475906,2021,D,81,1.85
8480005,2021,L,53,-0.268
8480007,2021,R,30,0.132
8480008,2021,C,28,0.315
8475913,2021,R,37,1.273
8471817,2021,R,87,-0.596
8480011,2021,C,40,0.083
8480009,2021,R,78,0.515
8480012,2021,C,80,2.804
8480014,2021,C,27,0.108
8480015,2021,R,63,0.663
8475920,2021,G,2,0
8480018,2021,C,82,1.766
8480019,2021,L,10,0.096
8480021,2021,C,15,0.017
8480022,2021,G,1,0
8480023,2021,C,84,2.916
8480025,2021,R,55,0.168
8480027,2021,L,81,4.072
8480028,2021,C,55,0.141
8480029,2021,L,79,1.085
8480031,2021,L,52,0.044
8480035,2021,D,60,0.429
8480036,2021,D,77,1.579
8480037,2021,C,6,-0.008
8480039,2021,C,92,1.011
8480041,2021,D,1,-0.002
8480043,2021,D,63,0.973
8480045,2021,G,9,0
8480049,2021,D,15,0.19
8480051,2021,G,12,0
8480053,2021,C,19,0.233
8480054,2021,D,1,0.064
8475958,2021,C,10,0.181
8480056,2021,D,9,0.01
8480058,2021,D,4,-0.012
8480060,2021,C,35,0.117
8480064,2021,C,66,2.626
8471873,2021,D,74,0.482
8475968,2021,R,11,-0.11
8480068,2021,C,57,0.448
8480069,2021,D,97,5.571
8480070,2021,D,8,0.007
8480071,2021,D,21,0.144
8480072,2021,C,20,0.094
8480073,2021,D,53,0.343
8480074,2021,L,36,0.768
8480078,2021,C,87,1.037
8471887,2021,R,75,1.481
8480083,2021,L,1,-0.009
8480087,2021,R,1,0.009
8480113,2021,L,86,1.684
8480144,2021,C,89,1.336
8480145,2021,D,77,1.341
8480157,2021,D,27,0.26
8480160,2021,D,36,-0.019
8480172,2021,D,93,0.501
8480184,2021,D,63,0.242
8480185,2021,C,88,0.812
8480188,2021,L,14,0.37
8480192,2021,D,4,-0.024
8480193,2021,G,4,0
8480196,2021,D,73,-0.156
8480205,2021,C,41,0.251
8480208,2021,R,46,1.761
8480216,2021,C,68,0.539
8480220,2021,L,16,0.343
8480222,2021,D,36,0.45
8480226,2021,R,37,-0.049
8480231,2021,D,6,-0.042
8467950,2021,G,31,0
8480259,2021,C,2,-0.022
8480280,2021,G,46,0
8480281,2021,R,40,-0.112
8480289,2021,C,27,0.053
8480292,2021,R,13,0.046
8480293,2021,D,5,-0.041
8480304,2021,L,3,0.023
8480306,2021,D,16,-0.035
8480313,2021,G,19,0
8480326,2021,C,11,0.083
8476234,2021,G,1,0
8480336,2021,D,6,0.083
8480355,2021,C,16,0.08
8480373,2021,G,2,0
8476278,2021,C,65,0.614
8476285,2021,C,5,-0.004
8480382,2021,G,35,0
8476288,2021,C,32,0.007
8480384,2021,C,8,-0.076
8476292,2021,L,100,2.778
8476312,2021,D,87,0.731
8476316,2021,G,24,0
8476323,2021,L,10,-0.112
8480420,2021,G,8,0
8476326,2021,R,21,-0.139
8476329,2021,C,74,0.825
8476331,2021,D,76,0.008
8480434,2021,D,71,1.206
8476341,2021,G,46,0
8476343,2021,G,2,0
8476345,2021,C,24,0.166
8476346,2021,L,94,6.518
8480441,2021,R,6,0.074
8480443,2021,C,13,0.009
8480448,2021,C,41,0.203
8480459,2021,C,82,1.238
8476368,2021,D,9,-0.05
8480466,2021,D,1,-0.005
8480467,2021,D,8,0.082
8476372,2021,D,43,-0.022
8479322,2021,R,1,-0.005
8476374,2021,C,77,1.208
8476389,2021,C,95,2.749
8476390,2021,C,1,0.039
8476391,2021,C,2,-0.021
8476392,2021,C,79,0.748
8476393,2021,C,71,0.558
8476396,2021,C,2,-0.016
8476399,2021,L,93,1.121
8476400,2021,R,17,0.118
8476404,2021,C,6,-0.013
8476410,2021,L,7,0.128
8476412,2021,G,43,0
8476415,2021,C,5,-0.073
8476419,2021,C,77,1.113
8476422,2021,D,75,0.421
8476428,2021,R,7,-0.052
8476429,2021,D,61,0.437
8476432,2021,C,59,1.583
8476433,2021,G,1,0
8476434,2021,G,56,0
8476436,2021,R,12,-0.142
8476437,2021,C,47,0.645
8476438,2021,L,90,2.23
8476439,2021,R,48,-0.168
8476441,2021,D,24,0.154
8476442,2021,L,70,-0.037
8476448,2021,C,67,1.256
8476449,2021,D,7,-0.007
8476453,2021,R,70,4.406
8476454,2021,C,79,2.851
8476455,2021,L,71,3.642
8476456,2021,L,90,5.544
8476457,2021,D,82,0.476
8476458,2021,C,93,2.116
8476459,2021,C,101,4.121
8476460,2021,C,67,2.423
8476461,2021,C,29,0.545
8476462,2021,D,62,1.442
8476463,2021,D,79,1.097
8476466,2021,L,1,-0.015
8476467,2021,D,72,0.494
8476468,2021,C,80,4.802
8476469,2021,R,60,0.095
8476470,2021,D,24,0.112
8476473,2021,D,57,0.025
8476474,2021,R,2,-0.039
8472382,2021,D,69,-0.006
8476479,2021,C,86,2.284
8476480,2021,C,82,0.901
8476483,2021,R,72,1.597
8476495,2021,C,1,-0.005
8480591,2021,G,1,0
8476505,2021,C,2,-0.031
8476509,2021,G,2,0
8480979,2021,C,10,0.109
8476525,2021,D,38,0.324
8476539,2021,R,76,2.993
8476545,2021,R,2,-0.016
8471215,2021,C,48,2.17
8476624,2021,C,88,1.115
8480727,2021,D,59,0.733
8480748,2021,L,11,0.045
8480762,2021,L,67,0.652
8480776,2021,R,1,-0.001
8480789,2021,R,73,0.877
8480796,2021,D,85,0.264
8480797,2021,L,63,1.019
8480798,2021,C,67,0.398
8480800,2021,D,76,2.751
8480801,2021,L,79,2.537
8480802,2021,C,87,0.331
8480803,2021,D,97,2.386
8480806,2021,C,80,0.832
8480807,2021,D,42,0.236
8480813,2021,C,66,-0.035
8480814,2021,D,2,0
8480817,2021,D,102,0.547
8480821,2021,R,74,0.608
8480822,2021,R,6,-0.08
8480823,2021,D,1,-0.009
8480829,2021,C,80,0.907
8480830,2021,R,92,3.551
8480831,2021,D,15,-0.024
8480835,2021,C,2,0.116
8480839,2021,D,80,2.007
8480842,2021,C,1,-0.007
8480843,2021,G,4,0
8480844,2021,L,1,-0.015
8480845,2021,C,62,-0.132
8480846,2021,L,10,-0.106
8480847,2021,D,39,-0.006
8480848,2021,C,2,-0.042
8480849,2021,C,60,0.715
8480853,2021,C,1,-0.011
8480855,2021,C,10,0.043
8480858,2021,C,1,-0.01
8480860,2021,D,17,0.034
8480863,2021,L,10,-0.023
8480865,2021,D,80,2.31
8480870,2021,C,18,0.059
8480871,2021,D,52,0.938
8480873,2021,D,51,0.565
8476779,2021,D,50,0.549
8480878,2021,D,25,0.082
8480879,2021,D,8,-0.004
8480883,2021,D,66,0.603
8480884,2021,D,15,0.125
8480887,2021,D,10,-0.004
8476792,2021,D,67,1.921
8480890,2021,C,13,0.055
8480901,2021,C,44,0.201
8476807,2021,D,8,0.079
8480913,2021,D,1,-0.021
8476822,2021,C,88,0.313
8476826,2021,C,74,1.442
8480925,2021,G,28,0
8480945,2021,D,5,0.009
8476850,2021,D,37,-0.01
8480947,2021,G,32,0
8476851,2021,C,60,0.475
8476853,2021,D,89,3.427
8480950,2021,D,84,0.251
8476854,2021,D,75,0.743
8476856,2021,D,63,0.962
8476867,2021,C,30,0.173
8476869,2021,D,96,1.609
8476870,2021,C,1,-0.005
8476871,2021,L,68,1.28
8476872,2021,C,67,0.835
8476873,2021,L,19,0.153
8476874,2021,D,73,-0.112
8476875,2021,D,81,1.594
8476876,2021,G,4,0
8476878,2021,C,56,0.411
8476879,2021,D,94,1.041
8476880,2021,R,79,1.78
8476881,2021,C,82,2.511
8476882,2021,C,91,3.099
8476883,2021,G,86,0
8480980,2021,C,36,0.106
8476885,2021,D,101,1.902
8476886,2021,D,19,0.066
8476887,2021,L,73,4.142
8480981,2021,G,2,0
8476889,2021,C,84,0.192
8476884,2021,D,11,0.11
8476891,2021,D,78,0.595
8476892,2021,D,92,1.63
8480988,2021,C,7,0.104
8480990,2021,D,2,-0.011
8476897,2021,C,59,0.612
8476899,2021,G,20,0
8476902,2021,D,83,0.702
8476903,2021,G,20,0
8476904,2021,G,27,0
8476905,2021,C,79,2.01
8476906,2021,D,82,2.098
8476907,2021,L,14,0
8481004,2021,L,15,-0.135
8481003,2021,D,2,-0.015
8476913,2021,C,49,0.315
8476914,2021,G,22,0
8476915,2021,L,27,-0.101
8476917,2021,D,78,0.826
8481014,2021,D,79,0.074
8476919,2021,C,70,0.069
8476918,2021,L,68,0.131
8476921,2021,L,65,0.194
8481019,2021,C,2,-0.013
8481020,2021,G,2,0
8476925,2021,C,83,0.986
8476923,2021,D,80,1.718
8476927,2021,C,72,1.098
8476924,2021,R,6,0.046
8476931,2021,D,75,0.703
8476932,2021,G,28,0
8476934,2021,L,71,0.552
8481031,2021,G,3,0
8481032,2021,L,7,0.053
8481033,2021,G,6,0
8476945,2021,G,66,0
8476952,2021,C,77,0.124
8476958,2021,D,93,1.965
8476960,2021,C,34,0.783
8481058,2021,R,14,0.088
8481059,2021,D,26,0.368
8481061,2021,C,50,0.034
8476966,2021,C,3,0.029
8476967,2021,D,90,0.721
8481068,2021,C,76,1.764
8476975,2021,C,24,-0.017
8476979,2021,D,59,0.568
8476981,2021,R,69,0.861
8481077,2021,L,14,0.004
8476983,2021,D,1,0.012
8476982,2021,C,5,0.007
8476988,2021,D,68,0.181
8476989,2021,D,9,0.048
8476994,2021,C,62,0.587
8481093,2021,L,4,0.041
8476999,2021,G,43,0
8477003,2021,R,4,-0.049
8481102,2021,L,8,-0.076
8477015,2021,R,64,1.278
8477018,2021,D,58,0.41
8477021,2021,C,89,1.986
8481122,2021,D,53,-0.007
8477034,2021,D,44,0.021
8481133,2021,L,1,-0.021
8481147,2021,C,37,-0.03
8481161,2021,D,8,0.015
8477070,2021,C,39,-0.256
8481167,2021,D,2,-0.011
8477073,2021,L,58,-0.152
8481178,2021,D,10,-0.094
8481186,2021,R,98,0.497
8477126,2021,C,20,0.052
8481239,2021,L,4,-0.047
8477149,2021,R,7,0.021
8477180,2021,G,12,0
8477202,2021,G,11,0
8477205,2021,D,38,0.041
8477210,2021,R,32,0.06
8477215,2021,D,59,-0.031
8477220,2021,D,77,0.992
8477240,2021,C,26,0.106
8477244,2021,D,85,0.215
8477290,2021,L,83,-0.01
8477293,2021,G,41,0
8465009,2021,D,72,0.1
8477320,2021,L,32,0.078
8477330,2021,L,78,0.986
8477335,2021,D,42,0.117
8481433,2021,L,15,0.046
8477341,2021,L,71,1.306
8477343,2021,D,2,-0.023
8481441,2021,C,12,0.312
8477346,2021,D,90,2.031
8477353,2021,C,73,0.041
8477355,2021,D,37,0.124
8477359,2021,D,40,-0.052
8477361,2021,G,38,0
8477365,2021,D,67,0.425
8481461,2021,D,24,0.157
8477369,2021,D,64,0.688
8477380,2021,C,23,-0.106
8481477,2021,C,87,0.69
8477384,2021,D,53,0.083
8481481,2021,C,77,0.729
8477392,2021,R,11,-0.119
8481489,2021,D,1,-0.013
8477401,2021,C,55,-0.354
8477402,2021,L,85,3.741
8477404,2021,C,83,5.074
8477406,2021,C,67,0.602
8477407,2021,L,82,2.977
8477409,2021,C,88,2.75
8477416,2021,R,80,2.49
8477419,2021,L,25,-0.203
8481517,2021,R,37,0.091
8481518,2021,L,7,0.177
8481519,2021,G,32,0
8477424,2021,G,67,0
8477425,2021,L,3,-0.077
8481521,2021,D,15,0.152
8481522,2021,C,57,0.293
8481523,2021,C,70,0.258
8481524,2021,D,50,1.093
8477426,2021,L,103,1.696
8481527,2021,D,1,-0.011
8477429,2021,C,92,2.735
8481528,2021,C,79,1.1
8477433,2021,D,19,-0.067
8477435,2021,D,75,1.066
8481532,2021,C,8,-0.09
8481533,2021,C,75,2.56
8481530,2021,L,1,-0.001
8481535,2021,L,60,0.653
8481537,2021,D,5,0.079
8481540,2021,R,67,1.997
8477444,2021,L,92,2.324
8481542,2021,D,82,2.243
8477447,2021,D,78,2.481
8477446,2021,C,53,0.364
8481544,2021,G,2,0
8481546,2021,D,30,0.274
8477450,2021,C,62,-0.169
8477451,2021,R,88,2.708
8477454,2021,L,79,0.194
8481550,2021,L,3,0.021
8477456,2021,L,90,1.221
8481552,2021,D,1,-0.004
8481554,2021,R,62,0.579
8481555,2021,D,6,0.007
8477460,2021,C,38,0.205
8481557,2021,L,53,1.594
8477462,2021,D,64,0.084
8477463,2021,D,1,-0.002
8477464,2021,C,18,-0.052
8481559,2021,C,49,2.723
8481560,2021,R,87,0.934
8477465,2021,G,59,0
8477461,2021,L,1,-0.013
8477471,2021,D,9,-0.044
8477472,2021,D,3,0.092
8481568,2021,D,15,0.011
8477473,2021,R,14,-0.095
8477474,2021,D,2,-0.018
8477476,2021,L,94,1.964
8481572,2021,D,12,0.197
8477478,2021,L,63,0.624
8477479,2021,L,68,2.868
8477480,2021,G,19,0
8481577,2021,R,79,1.012
8477482,2021,L,80,0.093
8481575,2021,D,16,0.15
8481580,2021,L,72,0.666
8481581,2021,D,34,0.063
8477484,2021,G,6,0
8481582,2021,L,10,-0.054
8477488,2021,D,84,0.973
8477492,2021,C,85,5.873
8477493,2021,C,77,4.754
8477494,2021,L,34,0.635
8477495,2021,D,78,2.152
8477496,2021,C,94,4.164
8477497,2021,C,65,0.429
8477498,2021,D,86,1.661
8477499,2021,D,66,0.51
8477500,2021,C,70,2.035
8477501,2021,R,82,2.968
8481596,2021,C,5,-0.019
8477503,2021,C,86,1.567
8481599,2021,D,16,-0.082
8477505,2021,C,80,0.53
8477506,2021,D,56,0.934
8477504,2021,D,79,1.416
8481604,2021,R,2,-0.004
8481600,2021,D,70,-0.02
8477507,2021,D,86,0.704
8477511,2021,R,43,1.042
8477512,2021,C,8,-0.036
8477508,2021,C,77,0.381
8473415,2021,D,2,-0.006
8473419,2021,L,77,4.077
8481609,2021,D,32,-0.032
8481611,2021,G,7,0
8473422,2021,L,71,-0.067
8481606,2021,D,27,0.195
8481617,2021,R,79,0.543
8481618,2021,C,83,1.085
8477527,2021,L,32,-0.059
8481624,2021,R,60,1.699
8481626,2021,C,18,0.079
8477541,2021,D,2,-0.006
8473446,2021,D,97,1.137
8473449,2021,R,74,1.36
8481641,2021,L,63,-0.138
8473453,2021,C,92,0.077
8473463,2021,R,1,-0.027
8481656,2021,L,33,0.167
8481655,2021,R,3,-0.06
8481657,2021,C,1,0
8473473,2021,L,94,-0.049
8477573,2021,L,34,0.367
8473503,2021,G,48,0
8473504,2021,R,59,0.106
8473507,2021,D,68,0.851
8481701,2021,D,9,0.062
8481703,2021,R,1,0.052
8473512,2021,R,85,2.567
8481708,2021,D,12,0.062
8481711,2021,L,23,-0.052
8481720,2021,C,9,0.003
8473533,2021,C,92,1.853
8477631,2021,L,1,-0.015
8473541,2021,G,10,0
8473544,2021,C,47,0.486
8473548,2021,R,82,1.752
8481740,2021,R,2,-0.034
8469455,2021,C,76,0.759
8473563,2021,C,53,1.024
8473575,2021,G,31,0
8473604,2021,C,71,1.047
8473618,2021,C,25,0.27
8481815,2021,R,1,-0.004
8481827,2021,L,2,-0.057
8481849,2021,D,3,-0.036
8469608,2021,G,44,0
8477810,2021,D,51,0.078
8477831,2021,G,2,0
8477839,2021,L,77,1.62
8477845,2021,D,78,0.516
8477846,2021,C,67,0.093
8477851,2021,D,45,0.063
8477887,2021,C,44,0.214
8477903,2021,R,82,0.683
8477919,2021,C,82,1.712
8477930,2021,L,103,0.694
8477931,2021,L,82,0.404
8477932,2021,D,71,2.888
8477933,2021,C,88,4.122
8477934,2021,C,96,6.552
8477935,2021,C,81,2.087
8477936,2021,L,1,-0.011
8477938,2021,D,36,-0.012
8477939,2021,R,88,4.06
8477940,2021,L,62,2.686
8477941,2021,L,57,0.649
8477942,2021,L,88,4.246
8477943,2021,L,23,0.045
8477944,2021,L,26,0.761
8477946,2021,C,71,2.623
8477947,2021,L,66,1.016
8477948,2021,D,80,0.992
8477949,2021,R,50,1.714
8477950,2021,D,78,2.644
8477951,2021,C,63,2.267
8477952,2021,C,56,0.903
8477953,2021,R,86,0.81
8477955,2021,L,74,2.056
8477956,2021,R,79,4.163
8482055,2021,L,24,0.163
8477960,2021,R,85,3.079
8477962,2021,L,57,0.236
8477964,2021,L,93,2.097
8482061,2021,L,1,-0.017
8482062,2021,R,8,-0.081
8477967,2021,G,64,0
8477968,2021,G,59,0
8477969,2021,D,79,0.694
8477970,2021,G,44,0
8482067,2021,D,3,0.032
8477974,2021,C,1,-0.007
8482070,2021,R,2,-0.02
8482072,2021,D,6,0.031
8482073,2021,D,63,0.449
8477979,2021,R,88,0.328
8482076,2021,G,25,0
8482077,2021,L,1,-0.003
8482078,2021,L,82,2.309
8482079,2021,C,2,-0.025
8477986,2021,D,91,1.585
8477987,2021,C,74,1.271
8477989,2021,C,56,1.026
8477992,2021,G,11,0
8482089,2021,L,9,0.036
8477996,2021,C,75,0.147
8482093,2021,R,82,1.833
8477998,2021,L,95,0.634
8482097,2021,R,2,0.093
8478007,2021,G,59,0
8478009,2021,G,52,0
8478010,2021,C,75,2.841
8482109,2021,L,99,0.946
8482110,2021,C,82,1.393
8478013,2021,D,51,0.257
8482111,2021,D,7,0.081
8478017,2021,D,32,0.33
8482113,2021,C,74,2.106
8478020,2021,R,56,0.408
8478021,2021,D,33,0.115
8482116,2021,C,79,2.613
8482117,2021,L,11,-0.058
8478024,2021,G,47,0
8482124,2021,R,42,0.154
8482125,2021,R,9,0.028
8478029,2021,L,2,-0.023
8482133,2021,C,8,0.221
8478038,2021,D,86,3.015
8478039,2021,G,36,0
8478040,2021,R,16,-0.184
8478042,2021,L,66,2.376
8478043,2021,C,56,0.198
8478046,2021,L,83,1.25
8478047,2021,L,85,2.984
8482142,2021,D,81,1.124
8478048,2021,G,73,0
8478051,2021,C,41,-0.117
8482148,2021,C,6,0.024
8482149,2021,C,18,0.192
8482150,2021,R,1,-0.024
8478055,2021,D,81,1.803
8478056,2021,C,9,-0.017
8478057,2021,C,31,0.282
8478058,2021,L,3,-0.03
8478062,2021,D,67,0
8478067,2021,L,79,0.65
8478074,2021,C,4,-0.043
8478075,2021,L,58,-0.203
8482175,2021,R,2,-0.027
8473986,2021,L,105,2.209
8473994,2021,L,89,1.364
8482192,2021,D,4,-0.013
8478099,2021,R,21,0.032
8482197,2021,R,5,-0.056
8478104,2021,L,14,0.028
8474009,2021,C,80,0.471
8478106,2021,R,5,0.018
8478109,2021,L,72,1.924
8474013,2021,D,89,0.393
8478115,2021,L,85,1.138
8474027,2021,D,88,0.266
8482222,2021,L,70,1.182
8474031,2021,D,82,1.323
8474034,2021,L,104,0.723
8478131,2021,R,57,1.208
8478133,2021,C,72,1.254
8474037,2021,L,82,1.545
8474038,2021,L,27,0.151
8474040,2021,C,81,1.146
8478136,2021,D,72,0.42
8482241,2021,L,17,0.127
8478146,2021,C,46,0.119
8482243,2021,R,1,-0.005
8481553,2021,R,10,0.091
8482245,2021,D,81,0.348
8474053,2021,C,77,2.854
8478147,2021,L,4,0.035
8474056,2021,D,77,0.559
8474062,2021,C,57,-0.077
8474066,2021,D,2,-0.005
8474068,2021,C,23,0.1
8478173,2021,R,6,0.091
8478178,2021,D,4,-0.013
8474089,2021,C,10,0.02
8474090,2021,D,59,0.455
8474098,2021,C,35,-0.084
8474102,2021,L,79,2.977
8478211,2021,L,79,-0.052
8478233,2021,L,94,2.774
8474141,2021,R,78,4.044
8474145,2021,D,83,-0.127
8474149,2021,L,78,1.728
8474150,2021,C,94,1.861
8474151,2021,D,94,0.796
8478250,2021,L,4,0.017
8474157,2021,L,39,1.737
8474161,2021,R,79,2.313
8474162,2021,D,54,0.594
8474166,2021,D,26,0.208
8474176,2021,L,53,0.069
8474189,2021,C,78,1.197
8474190,2021,R,74,0.332
8474207,2021,D,76,0.461
8482408,2021,L,1,-0.007
8478366,2021,R,91,1.566
8482475,2021,R,62,0.225
8474291,2021,C,33,-0.222
8478396,2021,D,93,2.172
8478397,2021,D,94,2.192
8478398,2021,L,79,4.591
8478399,2021,D,70,0.305
8478400,2021,C,24,0.381
8478401,2021,C,70,1.183
8478402,2021,C,96,8.482
8478403,2021,C,34,1.021
8478406,2021,G,25,0
8478407,2021,D,73,1.282
8478408,2021,D,60,0.075
8478413,2021,L,68,0.84
8478414,2021,R,77,3.406
8478415,2021,D,10,0.128
8478416,2021,D,78,0.245
8478420,2021,R,95,5.358
8478421,2021,L,9,0.1
8478424,2021,C,77,0.076
8478425,2021,D,6,-0.058
8466138,2021,C,35,0.134
8478427,2021,C,93,3.804
8478430,2021,D,85,1.455
8478431,2021,L,72,0.297
8478432,2021,R,53,-0.03
8478433,2021,G,5,0
8478434,2021,R,77,0.42
8478435,2021,G,24,0
8478438,2021,C,27,0.009
8478439,2021,R,79,2.066
8478440,2021,C,69,1.139
8478442,2021,C,1,0.052
8478443,2021,D,86,0.507
8478444,2021,R,71,1.897
8478445,2021,C,73,2.264
8478446,2021,C,2,-0.024
8478447,2021,R,9,0.048
8478449,2021,C,86,3.206
8478451,2021,D,58,0.472
8478452,2021,D,51,0.554
8478454,2021,D,8,0.076
8478458,2021,C,81,1.292
8478460,2021,D,68,2.116
8478462,2021,C,78,1.742
8478463,2021,R,75,0.978
8478465,2021,D,1,0
8478466,2021,R,63,0.753
8478467,2021,D,50,-0.08
8478468,2021,D,69,-0.109
8478469,2021,D,59,1.658
8478470,2021,G,38,0
8478472,2021,R,69,0.839
8470281,2021,D,80,0.843
8478474,2021,L,65,0.931
8478476,2021,D,45,0.115
8478477,2021,C,27,0.029
8478480,2021,C,2,-0.027
8478483,2021,R,79,4.793
8478485,2021,R,2,-0.02
8478486,2021,C,3,-0.002
8478491,2021,D,6,-0.006
8478492,2021,G,49,0
8478493,2021,C,83,2.287
8478495,2021,R,78,0.933
8478498,2021,L,84,1.938
8478499,2021,G,25,0
8478500,2021,D,79,0.998
8478506,2021,D,38,0.263
8478507,2021,D,88,0.696
8478508,2021,C,84,0.454
8478512,2021,C,17,0.211
8478519,2021,C,99,1.444
8478528,2021,C,23,-0.082
8482624,2021,D,11,0.031
8482634,2021,C,3,0.051
8482635,2021,L,21,-0.144
8478542,2021,C,89,2.053
8482641,2021,D,10,0.092
8478550,2021,L,95,4.67
8482652,2021,R,1,-0.012
8482654,2021,C,11,-0.039
8482655,2021,D,43,0.481
8482660,2021,C,9,0.005
8478567,2021,D,41,0.31
8478569,2021,C,29,0.227
8482665,2021,C,10,0.361
8482667,2021,L,9,0.108
8482671,2021,D,8,0.095
8478585,2021,C,90,0.913
8482705,2021,C,79,0.967
8482745,2021,C,9,0.073
8474563,2021,D,39,1.463
8474564,2021,C,104,5.636
8474565,2021,D,80,1.798
8474567,2021,D,70,0.186
8474568,2021,D,66,0.525
8474573,2021,R,74,1.138
8474574,2021,D,82,0.223
8474578,2021,D,50,1.631
8474584,2021,D,26,0.415
8474586,2021,R,79,1.364
8474589,2021,R,57,0.675
8474590,2021,D,84,3.771
8474593,2021,G,75,0
8474596,2021,G,35,0
8474600,2021,D,84,4.88
8474602,2021,D,80,0.784
8474610,2021,C,1,-0.006
8474612,2021,D,43,0.254
8474613,2021,C,61,0.897
8474618,2021,D,74,0.206
8482815,2021,C,3,-0.048
8474628,2022,D,48,0.289
8482821,2022,G,15,0
8482824,2022,D,16,0.098
8474636,2022,G,16,0
8474641,2022,C,62,1.464
8482834,2022,R,15,0.068
8482861,2022,D,3,0.033
8474673,2022,D,69,0.293
8474679,2022,R,57,1.014
8474682,2022,G,4,0
8474683,2022,C,46,0.751
8470594,2022,G,48,0
8470595,2022,C,93,0.963
8470600,2022,D,101,0.596
8474697,2022,D,4,-0.025
8470604,2022,C,79,1.036
8470610,2022,L,88,1.289
8470613,2022,D,97,2.739
8474709,2022,L,87,0.032
8474716,2022,D,85,1.254
8470621,2022,R,87,0.93
8470638,2022,C,81,2.469
8478831,2022,C,59,0.436
8478840,2022,D,96,0.594
8478841,2022,D,46,0.002
8478843,2022,C,72,0.616
8478846,2022,D,16,0.04
8478851,2022,D,43,0.21
8478856,2022,R,81,1.493
8478859,2022,D,88,-0.331
8478864,2022,L,73,3.865
8482964,2022,D,51,0.339
8478870,2022,L,17,0.206
8478872,2022,G,50,0
8478873,2022,R,70,2.743
8478881,2022,L,7,-0.051
8478882,2022,D,78,0.329
8482982,2022,G,1,0
8478891,2022,C,46,0.256
8478902,2022,G,10,0
8478904,2022,C,80,0.529
8478911,2022,D,88,1.088
8474818,2022,D,12,0.088
8478916,2022,G,5,0
8474870,2022,C,56,1.069
8478967,2022,C,27,0.093
8478970,2022,D,93,0.502
8478971,2022,G,27,0
8478975,2022,L,86,0.985
8474884,2022,C,67,0.966
8474889,2022,G,49,0
8470794,2022,C,96,3.975
8479026,2022,D,11,0.121
8470860,2022,G,25,0
8483158,2022,G,1,0
8479066,2022,L,95,0.278
8470880,2022,G,22,0
8483183,2022,G,1,0
8470966,2022,D,89,0.631
8479193,2022,G,38,0
8475149,2022,L,86,1.573
8475151,2022,C,61,1.419
8479252,2022,D,1,0.003
8475158,2022,C,64,1.462
8475160,2022,L,2,0.029
8475163,2022,R,20,0.351
8475164,2022,R,81,0.227
8475166,2022,C,91,3.822
8475167,2022,D,81,2.019
8475168,2022,C,71,2.122
8475169,2022,L,53,1.178
8475170,2022,C,82,2.178
8475171,2022,D,54,0.54
8475172,2022,C,82,2.025
8475177,2022,D,53,0.352
8475178,2022,R,51,-0.384
8475179,2022,D,67,0.313
8475181,2022,D,78,0.398
8475184,2022,L,86,2.845
8475188,2022,D,103,0.352
8475191,2022,R,100,2.895
8475193,2022,L,94,2.017
8479291,2022,C,17,-0.082
8479292,2022,G,31,0
8479293,2022,L,96,1.197
8475197,2022,D,85,2.271
8475200,2022,D,73,1.769
8483397,2022,C,2,-0.028
8475208,2022,D,82,0.696
8479304,2022,C,1,0.061
8479312,2022,G,19,0
8475218,2022,D,90,1.246
8479314,2022,L,99,6.825
8479316,2022,C,31,0.238
8475220,2022,L,71,0.098
8479318,2022,C,85,4.928
8479315,2022,R,38,0.13
8479320,2022,D,3,-0.015
8475225,2022,C,64,0.288
8479322,2022,R,60,0.037
8479323,2022,D,89,3.33
8479324,2022,D,70,0.577
8475227,2022,D,46,-0.116
8479321,2022,D,2,-0.001
8475231,2022,C,87,0.741
8479328,2022,R,57,0.374
8475233,2022,D,62,0.415
8479325,2022,D,74,2.334
8475235,2022,L,80,-0.325
8483424,2022,C,1,-0.016
8479333,2022,D,16,-0.045
8479329,2022,D,3,-0.016
8479335,2022,C,46,0.013
8479336,2022,R,63,0.475
8479337,2022,R,82,2.83
8479338,2022,D,23,-0.034
8479339,2022,L,55,2.117
8479343,2022,R,82,3.501
8479344,2022,R,82,0.051
8479345,2022,D,48,1.501
8479346,2022,C,82,1.638
8479347,2022,L,2,-0.018
8479348,2022,D,33,-0.053
8479351,2022,C,70,0.727
8479353,2022,C,76,0.229
8479356,2022,L,28,-0.119
8479359,2022,L,9,-0.027
8479361,2022,G,11,0
8479362,2022,L,3,-0.03
8483460,2022,D,4,-0.036
8479365,2022,C,84,0.938
8479366,2022,C,30,-0.092
8479367,2022,R,13,-0.087
8483464,2022,C,1,-0.018
8479368,2022,L,69,0.274
8479369,2022,D,80,-0.044
8479370,2022,C,71,0.764
8479371,2022,D,79,0.058
8479372,2022,D,103,0.395
8475278,2022,C,9,0.071
8475279,2022,D,76,0.347
8479376,2022,D,11,0.029
8479375,2022,C,4,0.008
8479378,2022,D,20,-0.033
8479379,2022,R,37,-0.079
8479380,2022,G,1,0
8475287,2022,L,92,1.447
8479383,2022,L,58,0.12
8479385,2022,R,79,3.189
8479388,2022,D,50,0.014
8479390,2022,R,78,1.048
8479393,2022,L,57,0.338
8479394,2022,G,55,0
8479395,2022,D,2,-0.029
8479398,2022,D,83,1.332
8479400,2022,C,78,2.488
8479402,2022,D,14,0.205
8479404,2022,C,1,-0.008
8479406,2022,G,44,0
8471214,2022,L,73,3.307
8475311,2022,G,57,0
8471215,2022,C,82,3.558
8479410,2022,D,85,2.661
8479407,2022,L,94,3.264
8475314,2022,L,88,2.189
8471218,2022,R,77,2.141
8479414,2022,R,55,0.514
8479415,2022,C,92,1.186
8483515,2022,L,39,-0.036
8475324,2022,D,77,0.981
8479420,2022,C,78,4.783
8479421,2022,D,2,-0.007
8479423,2022,L,9,0.016
8479425,2022,D,64,1.399
8483524,2022,C,8,0.064
8483530,2022,G,6,0
8475343,2022,C,65,1.505
8479439,2022,D,58,0.163
8479442,2022,D,81,0.151
8483549,2022,L,1,0.077
8479458,2022,D,46,0.081
8479465,2022,L,4,-0.019
8471274,2022,D,46,-0.098
8471276,2022,C,74,2.002
8483565,2022,D,36,0.484
8483570,2022,C,45,-0.008
8483575,2022,G,3,0
8471303,2022,D,68,0.121
8479496,2022,G,21,0
8471306,2022,G,21,0
8483597,2022,L,14,-0.078
8479514,2022,C,46,0.207
8479518,2022,C,5,-0.052
8479520,2022,L,57,0.025
8483619,2022,D,17,0.059
8479523,2022,D,2,-0.008
8479525,2022,C,87,1.233
8479526,2022,L,8,0.057
8483620,2022,D,33,0.226
8479533,2022,L,5,0.002
8483630,2022,L,14,0.08
8479536,2022,L,51,0.239
8479542,2022,L,87,2.71
8479543,2022,L,63,0.167
8483641,2022,L,2,-0.021
8479546,2022,C,3,0.066
8479547,2022,R,2,-0.026
8479550,2022,C,32,-0.097
8475455,2022,D,87,0.431
8475461,2022,L,4,0.135
8475462,2022,D,93,0.65
8479573,2022,L,5,-0.03
8479576,2022,D,48,0.123
8479578,2022,D,29,0.004
8479580,2022,C,60,-0.147
8479591,2022,C,57,0.391
8481591,2022,R,3,0.016
8479602,2022,D,1,-0.013
8481592,2022,L,24,0.221
8471418,2022,G,1,0
8479619,2022,L,9,0.091
8481598,2022,D,55,0.214
8479639,2022,D,17,0.07
8481600,2022,D,10,0.017
8479644,2022,R,19,0.047
8479661,2022,L,79,-0.011
8479671,2022,R,66,-0.002
8479675,2022,L,65,1.148
8479705,2022,L,4,-0.007
8483808,2022,L,81,3.401
8479718,2022,C,1,0.002
8475625,2022,D,61,0.022
8475660,2022,G,36,0
8479772,2022,R,57,-0.248
8475683,2022,G,69,0
8475690,2022,D,65,0.15
8475692,2022,R,84,3.005
8475714,2022,C,84,1.229
8475718,2022,D,88,0.432
8475722,2022,L,78,1.849
8475726,2022,C,82,3.434
8475744,2022,C,81,1.989
8475745,2022,C,89,1.685
8475747,2022,D,75,-0.371
8475750,2022,D,75,0.182
8475752,2022,C,61,0.275
8475753,2022,D,82,1.931
8475754,2022,C,88,3.331
8475760,2022,C,90,1.546
8475762,2022,D,61,0.234
8475763,2022,R,81,1.533
8475764,2022,D,82,1.612
8471669,2022,C,88,0.411
8475766,2022,L,75,-0.141
8475765,2022,R,76,2.303
8475768,2022,L,85,1.606
8471675,2022,C,82,3.044
8475772,2022,C,2,-0.035
8471677,2022,D,86,-0.306
8475780,2022,R,1,-0.019
8471685,2022,C,88,2.639
8471686,2022,D,103,-0.069
8475784,2022,L,79,3.678
8475786,2022,L,91,5.032
8475789,2022,G,40,0
8475790,2022,D,70,0.135
8475791,2022,L,68,1.932
8475793,2022,C,55,0.502
8471698,2022,R,58,1.13
8471699,2022,C,83,0.13
8475794,2022,C,95,2.376
8475797,2022,D,44,0.107
8475798,2022,C,79,1.278
8475799,2022,R,83,1.699
8475795,2022,D,6,0.005
8471709,2022,D,78,0.299
8475809,2022,G,24,0
8475810,2022,R,81,1.693
8471724,2022,D,64,1.618
8475825,2022,D,97,0.394
8471734,2022,G,41,0
8475831,2022,G,53,0
8475842,2022,C,52,-0.1
8479941,2022,R,6,0.107
8475848,2022,R,37,0.41
8479944,2022,L,83,-0.04
8479945,2022,D,51,0.416
8475852,2022,G,39,0
8475855,2022,R,95,0.79
8475857,2022,D,23,-0.083
8471774,2022,G,27,0
8479968,2022,C,1,-0.01
8479972,2022,C,59,0.256
8479973,2022,G,62,0
8479976,2022,D,78,1.19
8479977,2022,R,70,0.79
8479979,2022,G,81,0
8479980,2022,D,103,0.594
8475883,2022,G,43,0
8479981,2022,L,35,0.027
8479983,2022,D,72,0.024
8479984,2022,D,50,0
8479985,2022,D,12,-0.021
8471794,2022,C,12,-0.083
8479982,2022,D,27,0.55
8479987,2022,C,82,1.176
8479991,2022,C,35,-0.35
8479992,2022,C,56,0.994
8479994,2022,C,50,0.171
8479996,2022,C,72,1.141
8479998,2022,D,83,0.379
8479999,2022,C,82,1.875
8480001,2022,D,23,-0.071
8480002,2022,C,93,4.07
8475906,2022,D,71,1.319
8480003,2022,C,76,0.378
8480007,2022,R,13,-0.042
8480008,2022,C,44,0.571
8480009,2022,R,75,1.065
8471817,2022,R,79,-0.009
8480011,2022,C,69,0.743
8475913,2022,R,65,3.127
8480012,2022,C,80,4.979
8480014,2022,C,68,2.025
8480015,2022,R,77,1.824
8480018,2022,C,82,2.286
8480021,2022,C,48,-0.046
8480023,2022,C,73,2.151
8480025,2022,R,66,-0.324
8480027,2022,L,101,6.241
8480028,2022,C,81,1.483
8484125,2022,C,12,-0.066
8480031,2022,L,64,0.073
8480032,2022,C,1,0.005
8480034,2022,L,2,0.025
8480035,2022,D,60,-0.058
8480036,2022,D,98,3.445
8480037,2022,C,10,0.091
8480039,2022,C,97,2.882
8480041,2022,D,2,-0.021
8480042,2022,G,1,0
8480043,2022,D,72,0.457
8480045,2022,G,33,0
8480049,2022,D,68,-0.093
8480051,2022,G,3,0
8480056,2022,D,11,0.031
8480058,2022,D,75,0.605
8475968,2022,R,31,0.441
8480064,2022,C,8,0.129
8471873,2022,D,8,-0.072
8480068,2022,C,53,0.755
8480069,2022,D,66,3.201
8480070,2022,D,35,0.133
8480071,2022,D,11,0.15
8480072,2022,C,1,-0.01
8480073,2022,D,74,0.457
8480078,2022,C,81,1.787
8471887,2022,R,22,0.141
8480084,2022,D,4,-0.021
8480113,2022,L,65,1.505
8480144,2022,C,93,1.442
8480145,2022,D,87,1.435
8480157,2022,D,49,0.59
8484254,2022,D,7,0.084
8480160,2022,D,44,-0.028
8484256,2022,D,5,-0.001
8480172,2022,D,56,-0.044
8480184,2022,D,36,0.09
8480185,2022,C,98,1.328
8480188,2022,L,67,0.617
8484287,2022,D,5,0.045
8480192,2022,D,77,0.291
8480193,2022,G,17,0
8480196,2022,D,59,0.074
8480199,2022,G,2,0
8480205,2022,C,55,0.716
8480208,2022,R,82,2.652
8480216,2022,C,12,0.272
8480220,2022,L,82,1.192
8480222,2022,D,77,0.69
8480226,2022,R,3,-0.002
8467950,2022,G,26,0
8480238,2022,G,2,0
8480242,2022,L,4,-0.016
8480245,2022,R,8,-0.051
8480246,2022,D,75,0.84
8480252,2022,C,14,0.141
8476166,2022,D,4,-0.008
8480263,2022,G,2,0
8480267,2022,C,9,0.077
8480275,2022,R,1,-0.013
8480280,2022,G,39,0
8480281,2022,R,69,0.326
8480289,2022,C,75,0.503
8480292,2022,R,14,-0.027
8480313,2022,G,37,0
8480326,2022,C,63,0.301
8480328,2022,R,4,-0.004
8476234,2022,G,2,0
8480336,2022,D,72,0.333
8480355,2022,C,65,0.533
8476278,2022,C,53,0.021
8480382,2022,G,69,0
8476292,2022,L,61,0.934
8476310,2022,C,30,0.271
8476312,2022,D,32,0.307
8476316,2022,G,19,0
8480420,2022,G,20,0
8476326,2022,R,62,0.168
8476329,2022,C,82,0.71
8476331,2022,D,80,0.886
8480434,2022,D,78,1.385
8476341,2022,G,28,0
8480439,2022,D,6,0.076
8480441,2022,R,9,-0.003
8476346,2022,L,80,3.072
8480443,2022,C,2,0.031
8480448,2022,C,55,-0.422
8480459,2022,C,79,0.525
8480467,2022,D,5,-0.042
8476372,2022,D,77,0.381
8480468,2022,L,10,-0.091
8476374,2022,C,71,0.852
8476389,2022,C,89,1.999
8476390,2022,C,4,0.015
8476392,2022,C,87,1.652
8476393,2022,C,100,0.839
8476396,2022,C,2,-0.021
8476399,2022,L,82,1.344
8476404,2022,C,3,0.012
8476410,2022,L,51,0.38
8476412,2022,G,61,0
8476419,2022,C,76,1.229
8476422,2022,D,10,-0.003
8476429,2022,D,88,0.551
8476432,2022,C,68,1.718
8476433,2022,G,18,0
8476434,2022,G,53,0
8476438,2022,L,71,1.193
8476439,2022,R,50,0.218
8476441,2022,D,61,0.166
8476442,2022,L,88,0.355
8476448,2022,C,104,2.633
8476449,2022,D,45,0.171
8476453,2022,R,88,5.204
8476454,2022,C,94,5.504
8476456,2022,L,79,2.134
8476457,2022,D,96,0.983
8476458,2022,C,82,0.893
8476459,2022,C,89,4.476
8476460,2022,C,85,2.488
8476462,2022,D,94,3.379
8476463,2022,D,66,0.058
8476467,2022,D,89,0.708
8476468,2022,C,81,3.346
8476469,2022,R,43,0.238
8476470,2022,D,52,-0.219
8476473,2022,D,80,0.057
8476474,2022,R,93,1.617
8476479,2022,C,88,1.939
8476480,2022,C,82,0.655
8476483,2022,R,82,2.695
8480979,2022,C,4,-0.045
8476525,2022,D,89,0.484
8476539,2022,R,98,3.548
8476624,2022,C,89,0.669
8480727,2022,D,81,0.511
8480748,2022,L,32,0.311
8480762,2022,L,72,0.468
8480776,2022,R,1,-0.013
8480789,2022,R,35,0.374
8480796,2022,D,67,0.596
8480797,2022,L,82,0.89
8480798,2022,C,70,0.35
8480800,2022,D,78,3.048
8480801,2022,L,82,3.478
8480802,2022,C,69,0.672
8480803,2022,D,94,2.376
8480806,2022,C,61,0.089
8480807,2022,D,55,0.036
8480813,2022,C,81,0.024
8480817,2022,D,86,1.42
8480820,2022,D,2,-0.013
8480821,2022,R,30,0.043
8480822,2022,R,36,0.047
8480823,2022,D,32,0.023
8480829,2022,C,97,1.395
8480830,2022,R,64,2.683
8480831,2022,D,4,-0.065
8480833,2022,R,44,0
8480835,2022,C,51,0.268
8480836,2022,L,3,-0.006
8480839,2022,D,78,3.274
8480842,2022,C,2,-0.014
8480843,2022,G,19,0
8480844,2022,L,19,-0.008
8480845,2022,C,72,0.069
8480846,2022,L,6,-0.04
8480848,2022,C,97,0.394
8480849,2022,C,82,1.421
8480853,2022,C,62,0.112
8480855,2022,C,82,0.696
8480860,2022,D,53,0.109
8480863,2022,L,1,-0.016
8480865,2022,D,84,2.127
8480867,2022,G,3,0
8480870,2022,C,2,0.008
8480871,2022,D,46,0.925
8480873,2022,D,71,1.285
8480874,2022,D,1,-0.012
8476779,2022,D,48,0.227
8480878,2022,D,60,0.487
8480879,2022,D,19,-0.072
8480880,2022,C,26,0.235
8480883,2022,D,9,0.17
8480884,2022,D,62,0.984
8480887,2022,D,65,0.442
8476792,2022,D,63,1.322
8480890,2022,C,2,-0.022
8480891,2022,D,9,0.074
8480893,2022,R,59,0.841
8480901,2022,C,1,0.585
8480913,2022,D,15,0.08
8476822,2022,C,87,-0.095
8476826,2022,C,95,1.778
8480925,2022,G,16,0
8480935,2022,D,17,0.082
8476850,2022,D,13,0.081
8480947,2022,G,19,0
8476851,2022,C,11,-0.099
8476853,2022,D,76,2.207
8476854,2022,D,87,2.062
8480950,2022,D,68,0.282
8476856,2022,D,85,-0.156
8476858,2022,L,30,0.288
8476867,2022,C,5,-0.017
8476869,2022,D,96,1.351
8476871,2022,L,14,0.026
8476872,2022,C,78,1.338
8476873,2022,L,50,0.313
8476874,2022,D,78,0.609
8476875,2022,D,48,1.367
8476878,2022,C,80,0.515
8476879,2022,D,92,0.09
8476880,2022,R,33,0.81
8476881,2022,C,79,1.942
8476882,2022,C,74,1.105
8476883,2022,G,66,0
8480980,2022,C,87,0.436
8476885,2022,D,89,1.063
8480977,2022,C,1,-0.017
8476887,2022,L,50,1.757
8476884,2022,D,8,0.017
8476889,2022,C,100,0.275
8480981,2022,G,6,0
8476891,2022,D,79,0.695
8476892,2022,D,79,0.7
8476897,2022,C,68,0.95
8480994,2022,C,1,0.028
8480995,2022,R,37,0.289
8476899,2022,G,26,0
8476902,2022,D,101,0.823
8476903,2022,G,3,0
8476905,2022,C,103,2.207
8476906,2022,D,90,1.673
8476907,2022,L,8,0.002
8481006,2022,D,26,0.035
8476913,2022,C,47,0.18
8476914,2022,G,45,0
8476915,2022,L,51,0.185
8481013,2022,R,67,0.673
8476917,2022,D,67,0.568
8476918,2022,L,88,0.764
8481014,2022,D,80,0.564
8476921,2022,L,97,1.247
8476919,2022,C,36,0.18
8476923,2022,D,93,0.988
8481019,2022,C,49,-0.186
8476925,2022,C,82,1.318
8481020,2022,G,2,0
8476927,2022,C,69,0.659
8476931,2022,D,87,0.786
8476932,2022,G,19,0
8476934,2022,L,75,0.159
8481031,2022,G,7,0
8481032,2022,L,55,0.419
8481033,2022,G,27,0
8481035,2022,G,12,0
8476941,2022,D,1,0.052
8476945,2022,G,69,0
8481043,2022,L,17,-0.085
8476948,2022,L,9,-0.041
8476952,2022,C,5,0.027
8476958,2022,D,91,1.009
8476960,2022,C,81,1.198
8481056,2022,D,8,0.03
8481058,2022,R,37,0.428
8476967,2022,D,94,0.485
8481068,2022,C,78,0.997
8481070,2022,L,1,0.005
8481072,2022,D,59,-0.326
8476979,2022,D,72,1.718
8476981,2022,R,69,1.052
8481077,2022,L,6,-0.026
8476988,2022,D,77,0.598
8476994,2022,C,26,0.291
8481093,2022,L,34,0.799
8476999,2022,G,55,0
8481102,2022,L,5,0.087
8477015,2022,R,4,-0.068
8477018,2022,D,33,0.339
8477021,2022,C,93,0.726
8481122,2022,D,78,-0.168
8477034,2022,D,54,0.265
8481147,2022,C,57,-0.256
8481161,2022,D,24,0.034
8477070,2022,C,56,-0.259
8481167,2022,D,11,0.037
8477073,2022,L,44,-0.035
8481178,2022,D,14,0.125
8481186,2022,R,89,0.234
8477126,2022,C,55,-0.051
8481239,2022,L,9,0.082
8477180,2022,G,4,0
8477210,2022,R,9,0.047
8477220,2022,D,76,0.54
8477244,2022,D,47,-0.089
8477293,2022,G,33,0
8477320,2022,L,14,-0.109
8481422,2022,C,11,-0.04
8477330,2022,L,81,1.668
8477335,2022,D,48,0.074
8481433,2022,L,3,-0.039
8477341,2022,L,13,0.039
8481441,2022,C,12,0.101
8477346,2022,D,81,1.08
8477353,2022,C,69,0.647
8477357,2022,R,69,-0.143
8477359,2022,D,3,0.031
8477361,2022,G,10,0
8481461,2022,D,7,0.029
8477365,2022,D,81,0.819
8477369,2022,D,92,0.361
8477380,2022,C,17,-0.063
8481477,2022,C,74,0.824
8477384,2022,D,68,-0.092
8481481,2022,C,84,1.03
8477392,2022,R,55,0.615
8477401,2022,C,7,0.085
8477402,2022,L,63,2.614
8477404,2022,C,78,3.58
8477406,2022,C,71,0.499
8477407,2022,L,40,0.72
8477409,2022,C,102,3.909
8477416,2022,R,95,1.88
8481517,2022,R,54,-0.154
8481518,2022,L,6,0.01
8481519,2022,G,21,0
8477424,2022,G,64,0
8481521,2022,D,2,0.008
8477425,2022,L,84,0.822
8477426,2022,L,86,0.686
8481524,2022,D,49,1.056
8481523,2022,C,58,1.285
8481522,2022,C,74,0.522
8477429,2022,C,82,1.13
8481528,2022,C,81,2.908
8477433,2022,D,42,0.095
8481527,2022,D,10,0.069
8477435,2022,D,88,0.785
8481532,2022,C,4,-0.033
8481533,2022,C,81,2.274
8481535,2022,L,25,0.164
8481537,2022,D,10,0.01
8481540,2022,R,46,1.671
8481541,2022,D,19,0.046
8477444,2022,L,49,1.383
8481543,2022,C,28,0.287
8481544,2022,G,19,0
8477446,2022,C,32,-0.054
8477447,2022,D,76,2.376
8481542,2022,D,82,1.482
8477450,2022,C,78,0.698
8477451,2022,R,64,1.593
8477454,2022,L,61,0.062
8481550,2022,L,9,-0.059
8477456,2022,L,89,2.167
8481546,2022,D,54,0.521
8481554,2022,R,89,1.324
8477460,2022,C,21,-0.084
8481557,2022,L,87,2.704
8477462,2022,D,38,0.178
8481559,2022,C,90,5.633
8481560,2022,R,58,1.163
8477465,2022,G,47,0
8477464,2022,C,10,0.08
8481563,2022,D,3,0.043
8477467,2022,D,3,-0.007
8477463,2022,D,4,0.042
8477471,2022,D,3,-0.018
8481568,2022,D,6,-0.004
8481567,2022,D,8,0.053
8481572,2022,D,10,-0.003
8477476,2022,L,71,1.973
8477478,2022,L,74,1.119
8481575,2022,D,2,-0.026
8477479,2022,L,57,1.54
8481577,2022,R,31,0.556
8477480,2022,G,19,0
8477482,2022,L,16,-0.011
8477484,2022,G,29,0
8481581,2022,D,25,0.486
8481580,2022,L,6,-0.053
8481582,2022,L,15,0.17
8477488,2022,D,97,0.98
8481585,2022,L,17,-0.093
8477492,2022,C,78,5.784
8477493,2022,C,89,3.639
8477494,2022,L,58,0.709
8477495,2022,D,72,1.495
8477496,2022,C,80,3.054
8477497,2022,C,25,0.653
8477498,2022,D,93,1.702
8477499,2022,D,74,0.521
8477500,2022,C,85,2.957
8477501,2022,R,55,2.2
8481596,2022,C,82,1.212
8477503,2022,C,99,2.12
8477504,2022,D,81,3.325
8477505,2022,C,96,1.131
8477506,2022,D,88,0.776
8477507,2022,D,82,0.559
8477508,2022,C,55,-0.083
8481601,2022,R,50,0.004
8481606,2022,D,6,0.06
8477511,2022,R,67,0.694
8481599,2022,D,30,0.147
8481609,2022,D,2,-0.03
8481604,2022,R,18,0.535
8473419,2022,L,80,3.15
8481611,2022,G,25,0
8481605,2022,D,2,-0.013
8473422,2022,L,66,0.696
8477520,2022,C,4,-0.052
8481617,2022,R,39,-0.101
8481618,2022,C,89,0.661
8477527,2022,L,16,-0.086
8481624,2022,R,46,1.088
8477541,2022,D,2,-0.021
8473446,2022,D,70,0.056
8473449,2022,R,75,0.847
8481641,2022,L,85,-0.151
8473453,2022,C,82,0.343
8481649,2022,L,7,-0.002
8481656,2022,L,58,0.329
8473473,2022,L,77,0.077
8481668,2022,G,5,0
8477573,2022,L,56,-0.008
8481679,2022,D,1,-0.006
8481683,2022,L,6,-0.037
8481690,2022,C,2,0.038
8481692,2022,G,1,0
8473503,2022,G,43,0
8473504,2022,R,55,-0.112
8473507,2022,D,61,1.062
8473512,2022,R,82,3.51
8481704,2022,C,45,0.635
8481708,2022,D,16,0.007
8481711,2022,L,64,1.532
8481712,2022,R,6,0.001
8481720,2022,C,2,0.099
8473533,2022,C,96,1.878
8481725,2022,L,21,0.276
8473544,2022,C,62,0.692
8473548,2022,R,86,1.172
8481740,2022,R,2,-0.023
8481751,2022,R,2,0.098
8481754,2022,C,9,-0.012
8473563,2022,C,39,0.673
8473575,2022,G,23,0
8481789,2022,L,10,0.108
8473604,2022,C,53,0.708
8481812,2022,D,12,-0.06
8477810,2022,D,39,-0.053
8477831,2022,G,38,0
8477839,2022,L,82,0.993
8477845,2022,D,75,0.638
8477846,2022,C,22,-0.01
8477851,2022,D,52,0.185
8477887,2022,C,61,-0.037
8477903,2022,R,91,0.361
8477919,2022,C,88,2.252
8477930,2022,L,79,0.268
8477931,2022,L,73,0.666
8477932,2022,D,91,1.827
8477933,2022,C,103,3.796
8477934,2022,C,92,6.299
8477935,2022,C,83,2.292
8477938,2022,D,30,-0.025
8477939,2022,R,93,4.793
8477940,2022,L,46,1.669
8477941,2022,L,74,0.688
8477942,2022,L,72,3.865
8477944,2022,L,25,0.692
8477946,2022,C,80,3.29
8477947,2022,L,64,0.937
8477948,2022,D,81,0.558
8477949,2022,R,74,3.553
8477950,2022,D,70,1.679
8477951,2022,C,63,2.292
8477952,2022,C,28,0.35
8477953,2022,R,66,1.067
8477955,2022,L,87,2.922
8477956,2022,R,89,6.08
8482055,2022,L,46,0.261
8477960,2022,R,88,3.58
8477962,2022,L,45,-0.048
8477964,2022,L,104,1.997
8482062,2022,R,69,0.102
8477967,2022,G,32,0
8477968,2022,G,15,0
8477969,2022,D,68,0.67
8477970,2022,G,59,0
8477971,2022,D,47,0.021
8482067,2022,D,30,0.208
8482073,2022,D,88,0.524
8477979,2022,R,53,0.019
8477981,2022,D,6,-0.064
8482077,2022,L,51,-0.009
8482079,2022,C,19,-0.206
8482078,2022,L,74,1.627
8482081,2022,C,6,-0.028
8477986,2022,D,101,3.866
8477987,2022,C,85,0.797
8477989,2022,C,64,0.84
8482087,2022,D,44,0.535
8477992,2022,G,3,0
8482089,2022,L,43,0.033
8477993,2022,C,7,-0.049
8482092,2022,C,20,0.193
8482093,2022,R,97,1.803
8477998,2022,L,79,1.152
8482095,2022,D,8,0.084
8482097,2022,R,75,1.515
8482101,2022,L,2,0.116
8478007,2022,G,30,0
8482105,2022,D,77,1.097
8478010,2022,C,88,4.785
8478009,2022,G,68,0
8482109,2022,L,88,0.935
8482110,2022,C,94,2.66
8478013,2022,D,63,0.602
8482111,2022,D,39,0.443
8478017,2022,D,23,0.18
8482113,2022,C,94,1.265
8478020,2022,R,83,1.288
8482116,2022,C,78,4.302
8482117,2022,L,23,0.527
8478024,2022,G,56,0
8482122,2022,D,8,-0.055
8482124,2022,R,59,0.675
8482125,2022,R,19,0.042
8478028,2022,L,30,-0.032
8482133,2022,C,8,-0.03
8478038,2022,D,87,2.32
8478039,2022,G,37,0
8482137,2022,G,1,0
8478042,2022,L,83,2.821
8478043,2022,C,79,0.752
8482142,2022,D,8,-0.078
8478047,2022,L,89,2.104
8478046,2022,L,65,0.778
8478048,2022,G,65,0
8482146,2022,R,24,0.561
8478051,2022,C,9,-0.097
8482147,2022,C,9,-0.097
8482149,2022,C,51,0.969
8478055,2022,D,103,1.461
8478057,2022,C,79,0.359
8478058,2022,L,1,-0.007
8482157,2022,L,4,-0.041
8478062,2022,D,15,-0.091
8482159,2022,R,8,0.286
8478067,2022,L,73,0.093
8478075,2022,L,14,0.213
8478078,2022,C,6,-0.01
8482175,2022,R,77,0.801
8482176,2022,D,9,0.1
8473986,2022,L,88,2.835
8482179,2022,C,2,0.021
8482181,2022,C,3,-0.034
8473994,2022,L,99,3.397
8482192,2022,D,16,0.152
8478099,2022,R,72,0.889
8482197,2022,R,3,-0.049
8478104,2022,L,71,0.514
8474009,2022,C,62,0.584
8478109,2022,L,75,1.534
8474013,2022,D,84,0.283
8482207,2022,R,1,-0.011
8478115,2022,L,82,0.803
8474027,2022,D,51,-0.331
8482221,2022,G,7,0
8482222,2022,L,68,1.692
8474031,2022,D,75,0.657
8474034,2022,L,86,-0.16
8478131,2022,R,1,-0.017
8478133,2022,C,54,0.659
8474037,2022,L,61,1.093
8478136,2022,D,85,0.332
8474040,2022,C,48,0.242
8482241,2022,L,10,-0.01
8478146,2022,C,2,-0.03
8478147,2022,L,5,-0.06
8474053,2022,C,82,3.19
8482245,2022,D,53,0.074
8482250,2022,C,2,-0.014
8482259,2022,C,10,-0.027
8478173,2022,R,1,-0.006
8478178,2022,D,23,0.083
8474089,2022,C,10,-0.082
8474090,2022,D,63,0.038
8474102,2022,L,82,2.204
8478211,2022,L,37,-0.223
8478224,2022,C,3,0.006
8478233,2022,L,82,1.718
8474141,2022,R,80,2.152
8474145,2022,D,43,0.009
8474149,2022,L,89,1.192
8474150,2022,C,82,2.464
8474151,2022,D,71,0.429
8474157,2022,L,5,0.171
8474161,2022,R,11,0.224
8474162,2022,D,4,0.032
8474166,2022,D,99,0.514
8474189,2022,C,91,0.358
8474190,2022,R,18,-0.057
8474207,2022,D,65,0.434
8482399,2022,D,9,-0.017
8474218,2022,D,1,-0.002
8482447,2022,G,2,0
8482448,2022,D,2,-0.024
8482451,2022,L,2,0.004
8482452,2022,L,4,-0.044
8478366,2022,R,81,1.353
8478367,2022,C,1,-0.022
8478373,2022,R,3,-0.005
8482475,2022,R,30,0.246
8478396,2022,D,81,1.247
8478397,2022,D,79,2.044
8478398,2022,L,87,3.656
8478399,2022,D,91,0.634
8482496,2022,C,68,0.183
8478401,2022,C,89,2.133
8478402,2022,C,94,9.729
8478403,2022,C,89,4.1
8478400,2022,C,89,0.172
8478406,2022,G,22,0
8478407,2022,D,95,2.831
8478408,2022,D,11,-0.03
8478409,2022,C,13,0.111
8478413,2022,L,62,-0.136
8478414,2022,R,89,3.158
8478415,2022,D,22,0.118
8478416,2022,D,71,0.365
8478420,2022,R,89,4.68
8478421,2022,L,61,0.195
8482516,2022,D,2,-0.009
8478424,2022,C,22,0.013
8478427,2022,C,90,3.468
8478431,2022,L,59,0.054
8478432,2022,R,80,0.465
8478433,2022,G,20,0
8478434,2022,R,96,-0.117
8478435,2022,G,27,0
8478438,2022,C,51,1.81
8478439,2022,R,60,2.616
8478440,2022,C,81,2.265
8478443,2022,D,82,0.582
8478444,2022,R,74,2.166
8478445,2022,C,64,1.922
8478446,2022,C,3,0
8478449,2022,C,92,4.681
8478450,2022,D,12,-0.033
8478451,2022,D,61,0.389
8478452,2022,D,73,0.168
8478454,2022,D,12,-0.063
8478455,2022,L,7,0.025
8478458,2022,C,77,1.127
8478460,2022,D,13,0.36
8478462,2022,C,87,1.616
8478463,2022,R,82,1.227
8478465,2022,D,17,0.019
8478466,2022,R,76,1.969
8478468,2022,D,67,0.171
8478469,2022,D,68,1.576
8478470,2022,G,40,0
8478472,2022,R,56,0.335
8478474,2022,L,77,1.359
8478476,2022,D,15,0.034
8478483,2022,R,91,4.537
8478491,2022,D,7,-0.043
8478492,2022,G,51,0
8478493,2022,C,79,2.681
8478495,2022,R,66,0.255
8478498,2022,L,71,3.007
8478499,2022,G,43,0
8478500,2022,D,82,0.473
8478502,2022,D,23,0.127
8478506,2022,D,6,0.072
8478507,2022,D,76,0.46
8478508,2022,C,77,0.347
8478512,2022,C,29,0.055
8478519,2022,C,64,1.584
8482623,2022,C,8,-0.101
8482624,2022,D,14,0.234
8482634,2022,C,3,-0.022
8482635,2022,L,8,-0.118
8478542,2022,C,76,1.691
8482641,2022,D,20,0.125
8478550,2022,L,89,3.653
8482652,2022,R,27,0.33
8482654,2022,C,5,-0.024
8482655,2022,D,82,0.82
8482660,2022,C,79,1.251
8482665,2022,C,94,2.287
8478569,2022,C,88,0.754
8482667,2022,L,8,0.054
8482671,2022,D,79,1.157
8482679,2022,R,1,-0.013
8478585,2022,C,91,0.714
8482684,2022,D,5,0.177
8482691,2022,C,15,0.001
8482699,2022,R,33,0.339
8482705,2022,C,64,-0.28
8482711,2022,D,2,0.025
8482712,2022,R,1,-0.01
8482720,2022,L,10,0.145
8482730,2022,D,9,0.073
8482740,2022,C,101,1.616
8482745,2022,C,80,1.843
8474563,2022,D,87,2.15
8474564,2022,C,87,3.698
8474565,2022,D,94,2.714
8474567,2022,D,51,0.039
8474568,2022,D,81,0.676
8482762,2022,D,9,0.021
8474573,2022,R,64,0.385
8474574,2022,D,78,0.126
8474578,2022,D,82,4.454
8474586,2022,R,96,2.535
8474590,2022,D,40,1.328
8474593,2022,G,59,0
8474596,2022,G,42,0
8474600,2022,D,67,2.792
8474602,2022,D,87,1.478
8474610,2022,C,27,0.098
8474612,2022,D,75,0.624
8474613,2022,C,84,0.235
8474618,2022,D,20,-0.089
8482821,2023,G,32,0
8474636,2023,G,1,0
8474641,2023,C,99,2.012
8482858,2023,D,36,0.189
8482859,2023,C,7,-0.07
8482861,2023,D,7,-0.027
8474673,2023,D,79,0.666
8474679,2023,R,87,3.236
8470594,2023,G,40,0
8470600,2023,D,101,0.144
8470604,2023,C,72,0.101
8470610,2023,L,41,0.393
8470613,2023,D,93,1.655
8474709,2023,L,60,-0.085
8474715,2023,R,70,0.864
8474716,2023,D,16,0.096
8470621,2023,R,73,0.757
8478831,2023,C,105,0.131
8482929,2023,D,42,0.018
8478840,2023,D,82,0.662
8478851,2023,D,79,0.606
8478854,2023,D,31,-0.156
8478856,2023,R,95,1.999
8478859,2023,D,106,0.285
8478864,2023,L,75,4.561
8482964,2023,D,44,0.13
8478872,2023,G,38,0
8478873,2023,R,76,1.851
8478874,2023,R,2,-0.032
8478881,2023,L,4,-0.063
8478882,2023,D,82,0.451
8482982,2023,G,9,0
8478891,2023,C,87,0.701
8478904,2023,C,54,-0.03
8478905,2023,G,3,0
8478911,2023,D,86,0.853
8478916,2023,G,50,0
8483012,2023,C,4,-0.004
8483045,2023,R,1,-0.001
8478956,2023,L,2,-0.016
8478965,2023,G,1,0
8474870,2023,C,67,0.824
8478970,2023,D,83,0.873
8478971,2023,G,50,0
8478975,2023,L,94,2.135
8474884,2023,C,66,0.411
8474889,2023,G,22,0
8470794,2023,C,101,2.882
8479026,2023,D,5,-0.046
8479066,2023,L,83,-0.42
8470966,2023,D,46,0.2
8479193,2023,G,31,0
8475149,2023,L,78,0.474
8475151,2023,C,87,2.626
8479249,2023,C,2,-0.022
8475158,2023,C,88,2.864
8475164,2023,R,81,0.094
8475166,2023,C,87,2.882
8475167,2023,D,83,3.587
8475168,2023,C,99,2.609
8475169,2023,L,97,1.732
8475170,2023,C,82,1.383
8475171,2023,D,104,1.244
8475172,2023,C,82,3.161
8475177,2023,D,60,0.104
8475179,2023,D,100,0.556
8475181,2023,D,82,0.558
8475184,2023,L,98,4.12
8475188,2023,D,89,0.972
8475191,2023,R,76,1.559
8475193,2023,L,70,0.545
8479291,2023,C,33,-0.138
8479292,2023,G,54,0
8475197,2023,D,42,0.462
8479293,2023,L,66,0.048
8475200,2023,D,93,1.041
8483395,2023,L,8,-0.125
8483397,2023,C,1,0.059
8483398,2023,D,1,-0.002
8475208,2023,D,80,0.209
8483401,2023,R,1,-0.007
8483407,2023,D,1,-0.012
8479312,2023,G,44,0
8479314,2023,L,104,5.234
8475218,2023,D,104,2.352
8475220,2023,L,55,0.379
8479316,2023,C,77,0
8479318,2023,C,86,5.794
8479315,2023,R,55,0.103
8479320,2023,D,7,0.035
8475225,2023,C,89,0.295
8479321,2023,D,8,0.02
8479323,2023,D,88,3.508
8479324,2023,D,92,0.307
8479325,2023,D,87,2.245
8475231,2023,C,75,0.54
8479328,2023,R,27,0.27
8475233,2023,D,60,0.747
8479330,2023,C,7,0.018
8475235,2023,L,60,-0.424
8483431,2023,C,82,1.399
8479336,2023,R,55,0.169
8479337,2023,R,82,2.772
8483432,2023,C,1,0.061
8479339,2023,L,18,0.299
8479343,2023,R,78,3.05
8479344,2023,R,22,0.03
8479345,2023,D,82,1.635
8479346,2023,C,43,-0.083
8479348,2023,D,3,0.022
8483445,2023,L,1,0.042
8479351,2023,C,96,0.436
8479353,2023,C,79,0.255
8479359,2023,L,85,-0.025
8479361,2023,G,28,0
8479362,2023,L,5,0.056
8483457,2023,D,2,0.091
8483460,2023,D,43,0.19
8479365,2023,C,95,1.423
8479367,2023,R,26,-0.188
8479368,2023,L,52,0.339
8479369,2023,D,44,0.262
8483466,2023,D,76,-0.114
8479371,2023,D,59,0.313
8479372,2023,D,30,0.313
8479370,2023,C,43,-0.116
8483468,2023,C,1,-0.02
8475279,2023,D,77,0.477
8479376,2023,D,1,-0.005
8475278,2023,C,16,-0.097
8479378,2023,D,28,0.029
8479379,2023,R,36,-0.09
8483471,2023,C,1,0.053
8479383,2023,L,59,0.19
8475287,2023,L,76,1.252
8479385,2023,R,82,2.779
8483482,2023,D,7,0.106
8479390,2023,R,73,-0.199
8479393,2023,L,65,0.117
8483489,2023,C,4,-0.053
8479394,2023,G,26,0
8483490,2023,D,63,0.998
8483491,2023,L,22,0.154
8479398,2023,D,68,0.463
8483495,2023,D,60,0.449
8479400,2023,C,87,1.353
8483493,2023,C,3,-0.009
8479402,2023,D,72,0.134
8483499,2023,L,4,0.058
8479406,2023,G,45,0
8471214,2023,L,83,2.392
8471215,2023,C,82,2.508
8479407,2023,L,82,3.673
8483505,2023,C,33,0.531
8479410,2023,D,36,0.745
8471218,2023,R,55,0.594
8475314,2023,L,86,1.548
8479414,2023,R,54,0.193
8479415,2023,C,45,0.783
8475311,2023,G,33,0
8483512,2023,C,1,-0.006
8483515,2023,L,82,1.645
8479420,2023,C,71,2.582
8475324,2023,D,79,0.112
8479419,2023,L,2,-0.03
8479423,2023,L,28,0.675
8479421,2023,D,24,-0.065
8479425,2023,D,94,1.816
8483524,2023,C,8,0.192
8483531,2023,L,2,-0.019
8475343,2023,C,68,0.711
8479439,2023,D,34,0.301
8479442,2023,D,54,-0.157
8483546,2023,D,2,-0.014
8483549,2023,L,3,-0.002
8479458,2023,D,38,0.087
8471274,2023,D,36,0.223
8483565,2023,D,12,-0.019
8483567,2023,C,4,-0.019
8483570,2023,C,23,-0.071
8477496,2023,C,88,1.652
8483575,2023,G,1,0
8477497,2023,C,88,2.235
8477500,2023,C,86,2.61
8479496,2023,G,26,0
8483597,2023,L,10,-0.051
8475413,2023,C,2,0.056
8477503,2023,C,87,1.79
8483609,2023,R,6,0
8479514,2023,C,9,-0.047
8479520,2023,L,91,-0.061
8479522,2023,D,6,0.005
8483619,2023,D,4,-0.045
8479525,2023,C,91,1.5
8479533,2023,L,4,-0.023
8483630,2023,L,5,-0.062
8479536,2023,L,27,0.06
8479542,2023,L,87,3.212
8479543,2023,L,61,0.013
8479546,2023,C,34,-0.26
8479547,2023,R,31,0.008
8475455,2023,D,80,0.462
8475462,2023,D,66,0.352
8479576,2023,D,94,0.079
8479587,2023,C,1,-0.009
8479591,2023,C,86,0.392
8481592,2023,L,13,0.031
8479619,2023,L,74,0.928
8479638,2023,R,28,0.286
8479639,2023,D,1,0.001
8479661,2023,L,59,0.171
8483763,2023,D,1,-0.015
8479671,2023,R,54,0.064
8479675,2023,L,87,2.499
8483808,2023,L,72,1.828
8479718,2023,C,36,0.209
8475660,2023,G,57,0
8479772,2023,R,30,-0.056
8475683,2023,G,82,0
8475690,2023,D,94,0.495
8475692,2023,R,69,2.561
8475714,2023,C,59,0.581
8475717,2023,G,26,0
8475718,2023,D,38,-0.006
8475722,2023,L,75,1.144
8475726,2023,C,84,2.519
8483920,2023,R,3,-0.02
8475744,2023,C,73,0.836
8475745,2023,C,95,2.742
8475750,2023,D,65,0.174
8475752,2023,C,34,-0.119
8475753,2023,D,60,1.034
8475754,2023,C,87,3.143
8475755,2023,D,8,-0.052
8475760,2023,C,76,1.999
8475762,2023,D,38,-0.039
8475763,2023,R,79,0.715
8475764,2023,D,81,1.023
8475765,2023,R,100,2.398
8475766,2023,L,33,-0.046
8475768,2023,L,62,0.825
8471675,2023,C,82,3.946
8471677,2023,D,91,0.22
8475780,2023,R,15,-0.015
8471685,2023,C,86,2.459
8471686,2023,D,35,0.04
8475784,2023,L,74,1.906
8475786,2023,L,105,5.611
8475789,2023,G,5,0
8475790,2023,D,78,0.658
8475791,2023,L,10,0.043
8475793,2023,C,63,0.502
8475794,2023,C,87,2.586
8471698,2023,R,56,0.912
8471699,2023,C,86,0.692
8475797,2023,D,52,0.094
8475798,2023,C,69,2.099
8475799,2023,R,82,1.172
8475795,2023,D,7,0.013
8471709,2023,D,57,0.225
8475809,2023,G,32,0
8475810,2023,R,62,2.532
8471724,2023,D,82,1.879
8475825,2023,D,64,0.202
8471734,2023,G,27,0
8475831,2023,G,36,0
8475839,2023,G,1,0
8475842,2023,C,87,0.454
8479941,2023,R,71,0.757
8475848,2023,R,77,1.016
8479944,2023,L,3,-0.008
8475852,2023,G,56,0
8475855,2023,R,73,0.376
8479968,2023,C,46,0.058
8479972,2023,C,20,-0.013
8479973,2023,G,82,0
8479976,2023,D,68,0.332
8479977,2023,R,59,0.542
8479979,2023,G,73,0
8479980,2023,D,74,0.116
8479981,2023,L,39,-0.052
8475883,2023,G,26,0
8479983,2023,D,78,0.227
8479984,2023,D,4,0.008
8479985,2023,D,1,0.005
8479986,2023,R,1,-0.016
8479987,2023,C,89,1.055
8479982,2023,D,25,0.409
8479991,2023,C,1,-0.003
8479992,2023,C,75,0.858
8479994,2023,C,31,-0.096
8479996,2023,C,41,0.506
8479998,2023,D,79,0.517
8479999,2023,C,91,2.121
8480001,2023,D,68,0.076
8475906,2023,D,14,0.101
8480003,2023,C,55,0.267
8480002,2023,C,71,2.8
8480007,2023,R,20,0.026
8480008,2023,C,42,0.082
8475913,2023,R,63,2.248
8480009,2023,R,81,1.213
8480011,2023,C,52,0.218
8480012,2023,C,95,3.856
8471817,2023,R,54,-0.174
8480014,2023,C,52,1.88
8480015,2023,R,78,2.099
8480018,2023,C,82,3.087
8480021,2023,C,22,-0.182
8480023,2023,C,82,3.421
8480025,2023,R,67,-0.072
8480027,2023,L,101,4.326
8480028,2023,C,71,1.383
8480031,2023,L,2,0.033
8480032,2023,C,8,-0.061
8480035,2023,D,74,0.413
8480036,2023,D,90,2.994
8480039,2023,C,88,2.49
8480043,2023,D,61,0.868
8480045,2023,G,54,0
8484144,2023,C,68,2.404
8480049,2023,D,83,0.308
8484145,2023,L,71,0.862
8480051,2023,G,23,0
8484149,2023,C,1,-0.02
8475958,2023,C,25,0.229
8484153,2023,C,55,1.146
8480058,2023,D,52,0.171
8480064,2023,C,50,0.992
8480068,2023,C,77,1.017
8480069,2023,D,88,5.038
8484166,2023,C,49,1.028
8480070,2023,D,13,-0.007
8480073,2023,D,76,0.57
8480074,2023,L,78,0.645
8480075,2023,D,1,-0.008
8480078,2023,C,16,0.106
8480084,2023,D,34,0.154
8484203,2023,L,1,-0.014
8480113,2023,L,87,0.541
8480144,2023,C,85,0.684
8480145,2023,D,87,1.06
8480157,2023,D,6,0.007
8484254,2023,D,3,-0.03
8484255,2023,R,7,-0.004
8484258,2023,D,23,0.392
8484259,2023,C,2,0.001
8480172,2023,D,69,0.321
8480184,2023,D,46,0.25
8480185,2023,C,106,0.436
8480188,2023,L,82,1.188
8484287,2023,D,1,0.016
8480192,2023,D,62,0.218
8480193,2023,G,24,0
8480191,2023,G,2,0
8480196,2023,D,36,0.202
8484293,2023,G,1,0
8480205,2023,C,56,0.317
8480208,2023,R,82,2.495
8484304,2023,D,26,0.021
8480216,2023,C,6,-0.065
8484312,2023,G,2,0
8484314,2023,L,20,-0.093
8480220,2023,L,59,0.463
8480222,2023,D,58,0.105
8484321,2023,D,4,-0.004
8480226,2023,R,2,-0.019
8484325,2023,C,19,-0.071
8484326,2023,D,1,-0.005
8480238,2023,G,6,0
8480245,2023,R,18,0.221
8480246,2023,D,79,0.761
8480252,2023,C,27,0.202
8480267,2023,C,4,-0.038
8480274,2023,D,1,-0.001
8480280,2023,G,56,0
8480281,2023,R,82,0.356
8480289,2023,C,80,0.346
8480292,2023,R,14,-0.022
8480306,2023,D,2,-0.009
8480313,2023,G,50,0
8480336,2023,D,92,0.838
8480355,2023,C,63,0.111
8476278,2023,C,44,0.232
8480382,2023,G,74,0
8476292,2023,L,71,0.802
8476312,2023,D,87,1.2
8476316,2023,G,24,0
8476323,2023,L,1,-0.006
8476329,2023,C,16,0.277
8476331,2023,D,87,0.937
8480434,2023,D,76,1.469
8476341,2023,G,30,0
8480441,2023,R,11,0.051
8476346,2023,L,81,2.212
8480448,2023,C,80,0.196
8480459,2023,C,80,1.008
8476372,2023,D,71,0.229
8480468,2023,L,31,-0.041
8476374,2023,C,62,0.356
8476389,2023,C,98,3.5
8476392,2023,C,86,1.229
8476393,2023,C,81,0.084
8476399,2023,L,78,2.254
8476412,2023,G,57,0
8476419,2023,C,86,0.706
8476422,2023,D,66,0.896
8476429,2023,D,41,-0.081
8476432,2023,C,58,1.03
8476433,2023,G,3,0
8476434,2023,G,46,0
8476438,2023,L,82,1.444
8476441,2023,D,60,-0.082
8476442,2023,L,22,-0.111
8476448,2023,C,77,2.418
8476453,2023,R,86,6.953
8476454,2023,C,105,3.663
8476456,2023,L,81,1.548
8476457,2023,D,81,0.215
8476458,2023,C,79,0.916
8476459,2023,C,97,3.69
8476460,2023,C,79,3.047
8476461,2023,C,74,1.371
8476462,2023,D,20,0.654
8476463,2023,D,62,0.888
8476467,2023,D,82,0.008
8476468,2023,C,94,4.469
8476469,2023,R,66,0.589
8476473,2023,D,46,0.074
8476474,2023,R,92,1.535
8476479,2023,C,83,1.561
8476480,2023,C,82,1.062
8476483,2023,R,70,1.297
8476525,2023,D,1,0.739
8476539,2023,R,89,3.458
8476624,2023,C,96,0.077
8480727,2023,D,67,0.356
8480748,2023,L,74,0.667
8480762,2023,L,47,0.076
8480776,2023,R,9,0.103
8480789,2023,R,32,0.174
8480796,2023,D,70,0.455
8480797,2023,L,82,1.79
8480798,2023,C,75,1.589
8480800,2023,D,95,4.242
8480801,2023,L,81,3.494
8480802,2023,C,105,0.543
8480803,2023,D,106,5.43
8480806,2023,C,46,0.193
8480807,2023,D,41,-0.009
8480813,2023,C,80,0.525
8484911,2023,R,7,-0.022
8480817,2023,D,96,0.769
8480821,2023,R,72,0.493
8480823,2023,D,43,-0.055
8480829,2023,C,90,0.75
8480830,2023,R,70,2.586
8480834,2023,D,30,0.263
8480835,2023,C,85,1.069
8480836,2023,L,13,-0.021
8480839,2023,D,81,2.54
8480843,2023,G,44,0
8480844,2023,L,6,-0.077
8480845,2023,C,28,-0.137
8480848,2023,C,48,0.182
8480849,2023,C,33,0.274
8480851,2023,C,7,0.175
8480853,2023,C,13,0.05
8480855,2023,C,67,0.659
8480860,2023,D,82,-0.201
8480865,2023,D,84,2.971
8480870,2023,C,45,-0.384
8480871,2023,D,35,0.238
8480873,2023,D,69,0.422
8480874,2023,D,9,0.018
8480878,2023,D,71,0.615
8480879,2023,D,72,0.299
8480880,2023,C,65,-0.057
8480884,2023,D,72,0.344
8480887,2023,D,56,0.224
8476792,2023,D,77,1.394
8480890,2023,C,5,0.001
8480891,2023,D,65,0.634
8480893,2023,R,78,1.627
8476822,2023,C,86,0.021
8476826,2023,C,80,0.957
8480947,2023,G,24,0
8476853,2023,D,79,2.623
8476854,2023,D,86,0.762
8480950,2023,D,81,0
8476856,2023,D,81,0.013
8476858,2023,L,62,-0.076
8476867,2023,C,24,-0.033
8476869,2023,D,91,2.13
8476871,2023,L,54,0.184
8476872,2023,C,82,1.331
8476873,2023,L,38,0.595
8476874,2023,D,72,0.431
8476875,2023,D,82,2.406
8476876,2023,G,1,0
8476878,2023,C,63,0.153
8476879,2023,D,103,0.798
8476880,2023,R,78,1.264
8476881,2023,C,61,1.147
8476882,2023,C,87,2.005
8476883,2023,G,57,0
8480980,2023,C,80,0.355
8476885,2023,D,85,1.028
8480981,2023,G,30,0
8476887,2023,L,88,4.786
8476884,2023,D,5,-0.034
8476889,2023,C,82,0.226
8476891,2023,D,66,-0.065
8476892,2023,D,82,0.651
8480990,2023,D,31,0.231
8480992,2023,G,9,0
8476897,2023,C,71,0.485
8480995,2023,R,61,0.263
8476902,2023,D,101,0.892
8476904,2023,G,2,0
8476905,2023,C,82,1.31
8476906,2023,D,81,2.412
8476907,2023,L,8,-0.025
8481006,2023,D,26,-0.006
8476913,2023,C,21,0.074
8476914,2023,G,55,0
8476915,2023,L,1,-0.008
8481013,2023,R,12,0.201
8476917,2023,D,63,0.341
8476919,2023,C,52,0.223
8476918,2023,L,92,0.769
8481016,2023,C,2,0.029
8481014,2023,D,86,0.455
8481019,2023,C,43,0.081
8476921,2023,L,93,0.946
8476923,2023,D,67,0.874
8481020,2023,G,14,0
8476925,2023,C,87,1.377
8476927,2023,C,81,0.883
8481024,2023,C,6,-0.031
8476931,2023,D,80,0.928
8476932,2023,G,28,0
8481028,2023,C,63,0.517
8481030,2023,D,14,-0.037
8476934,2023,L,24,-0.072
8481031,2023,G,11,0
8481032,2023,L,76,0.338
8481033,2023,G,19,0
8481035,2023,G,51,0
8476945,2023,G,65,0
8481042,2023,R,2,-0.023
8481043,2023,L,9,0.069
8476952,2023,C,15,0.129
8476958,2023,D,92,1.365
8476960,2023,C,28,0.277
8481056,2023,D,23,0.091
8481058,2023,R,59,0.05
8481059,2023,D,54,0.43
8476967,2023,D,107,0.527
8481065,2023,C,13,0.056
8481068,2023,C,82,2.413
8481070,2023,L,5,0.013
8476979,2023,D,92,0.996
8476981,2023,R,78,0.443
8481077,2023,L,6,0.018
8476988,2023,D,14,-0.012
8476994,2023,C,14,0.096
8481093,2023,L,45,-0.021
8476999,2023,G,42,0
8477015,2023,R,90,0.191
8477018,2023,D,42,0.299
8477021,2023,C,82,1.321
8481122,2023,D,71,-0.276
8477034,2023,D,44,-0.322
8477035,2023,G,6,0
8481147,2023,C,42,-0.035
8481161,2023,D,12,0.048
8477070,2023,C,75,-0.044
8481167,2023,D,50,0.09
8477073,2023,L,45,-0.13
8481178,2023,D,66,0.552
8481186,2023,R,57,0.798
8481206,2023,D,33,0.176
8477126,2023,C,1,-0.015
8481237,2023,C,37,0.156
8481239,2023,L,8,0.007
8477149,2023,R,3,-0.028
8477220,2023,D,66,0.23
8477244,2023,D,52,-0.133
8477293,2023,G,24,0
8477320,2023,L,1,0.005
8481422,2023,C,40,-0.155
8477330,2023,L,74,0.108
8477335,2023,D,73,-0.199
8481441,2023,C,3,-0.035
8477346,2023,D,82,2.246
8477353,2023,C,74,-0.33
8477361,2023,G,5,0
8477365,2023,D,79,0.516
8481462,2023,L,9,0.138
8477369,2023,D,52,0.271
8477380,2023,C,60,0.563
8481477,2023,C,63,-0.147
8477384,2023,D,51,0.172
8481481,2023,C,67,0.241
8477392,2023,R,49,0.25
8477401,2023,C,2,-0.014
8477402,2023,L,80,2.454
8477404,2023,C,78,4.404
8477406,2023,C,96,0.114
8477407,2023,L,78,1.64
8477409,2023,C,100,4.183
8477416,2023,R,82,2.222
8481517,2023,R,68,0.417
8481518,2023,L,4,0.028
8477424,2023,G,70,0
8481521,2023,D,12,0.019
8477425,2023,L,85,0.799
8477426,2023,L,87,1.554
8481523,2023,C,2,0.104
8481524,2023,D,73,0.964
8481522,2023,C,80,-0.064
8477429,2023,C,79,0.998
8481527,2023,D,26,0.272
8481528,2023,C,79,2.029
8477435,2023,D,70,0.259
8481532,2023,C,20,0.016
8481533,2023,C,31,0.403
8481534,2023,C,7,-0.084
8481535,2023,L,91,1.286
8481537,2023,D,52,0.101
8481540,2023,R,82,3.154
8477444,2023,L,49,0.293
8477446,2023,C,76,0.487
8481542,2023,D,82,1.606
8481543,2023,C,23,-0.115
8477447,2023,D,54,1.848
8481544,2023,G,6,0
8481541,2023,D,34,0.054
8477450,2023,C,82,1.217
8481546,2023,D,82,0.924
8477451,2023,R,74,1.659
8481550,2023,L,11,-0.001
8477454,2023,L,24,-0.136
8477456,2023,L,77,1.788
8481553,2023,R,57,0.689
8481554,2023,R,76,0.246
8481556,2023,C,64,0.312
8481557,2023,L,75,3.142
8477462,2023,D,5,-0.035
8481559,2023,C,62,3.494
8481560,2023,R,51,0.437
8477465,2023,G,51,0
8477464,2023,C,6,0.062
8477467,2023,D,1,-0.008
8481564,2023,D,41,0.052
8481567,2023,D,51,0.055
8481568,2023,D,76,0.043
8477473,2023,R,59,0.127
8477476,2023,L,56,2.124
8477478,2023,L,46,0.083
8477479,2023,L,87,1.731
8477480,2023,G,10,0
8481577,2023,R,41,0.631
8481578,2023,R,3,-0.056
8477482,2023,L,29,0.094
8481580,2023,L,84,0.992
8481581,2023,D,98,2.041
8477484,2023,G,19,0
8481582,2023,L,62,0.939
8477488,2023,D,72,0.141
8481585,2023,L,2,-0.022
8477492,2023,C,93,7.488
8477493,2023,C,97,4.094
8477494,2023,L,82,1.806
8477495,2023,D,67,0.889
8481591,2023,R,3,-0.038
8481593,2023,D,56,0.114
8477498,2023,D,106,1.153
8477499,2023,D,31,0.026
8481596,2023,C,41,1.203
8477501,2023,R,62,2.915
8481598,2023,D,22,0.13
8481599,2023,D,3,-0.021
8481600,2023,D,4,-0.014
8481601,2023,R,78,0.563
8477506,2023,D,63,0.536
8477504,2023,D,86,3.005
8477505,2023,C,95,0.513
8477507,2023,D,88,0.663
8477508,2023,C,71,0.747
8481604,2023,R,48,1.029
8477511,2023,R,77,1.562
8481609,2023,D,5,0.192
8481605,2023,D,71,0.219
8473419,2023,L,93,3.012
8481611,2023,G,43,0
8481606,2023,D,76,0.849
8473422,2023,L,74,0.995
8481617,2023,R,21,-0.112
8481618,2023,C,55,1.055
8477527,2023,L,68,-0.384
8481624,2023,R,89,0.812
8477541,2023,D,47,0.114
8473446,2023,D,67,-0.005
8473449,2023,R,84,0.598
8481641,2023,L,64,0.094
8473453,2023,C,87,0.345
8481655,2023,R,4,-0.038
8481656,2023,L,82,0.888
8473473,2023,L,4,0.042
8481668,2023,G,14,0
8477573,2023,L,45,0.236
8481679,2023,D,7,-0.044
8481690,2023,C,2,-0.017
8481692,2023,G,17,0
8473503,2023,G,25,0
8473504,2023,R,87,-0.033
8473507,2023,D,73,0.66
8481699,2023,R,1,0.048
8481701,2023,D,12,0.019
8481703,2023,R,52,0.679
8481704,2023,C,45,0.212
8473512,2023,R,82,2.572
8481708,2023,D,31,0.298
8481711,2023,L,82,2.098
8481716,2023,L,75,1.281
8481719,2023,D,16,0.043
8473533,2023,C,91,1.458
8481726,2023,C,11,0.023
8481743,2023,D,9,0.084
8481751,2023,R,15,-0.065
8481754,2023,C,3,0.049
8473563,2023,C,8,0.035
8473575,2023,G,33,0
8481789,2023,L,77,0.248
8481806,2023,D,24,-0.015
8481812,2023,D,10,-0.066
8477810,2023,D,42,-0.026
8477831,2023,G,8,0
8477839,2023,L,57,0.221
8477845,2023,D,73,0.075
8477846,2023,C,62,0.18
8477851,2023,D,22,0.011
8477887,2023,C,12,-0.059
8477903,2023,R,82,-0.127
8477919,2023,C,67,0.173
8477930,2023,L,40,0.251
8477931,2023,L,36,-0.011
8477932,2023,D,75,0.634
8477933,2023,C,106,5.567
8477934,2023,C,106,5.623
8477935,2023,C,88,2.534
8477938,2023,D,24,0.177
8477939,2023,R,86,4.582
8477940,2023,L,87,2.499
8477942,2023,L,87,3.128
8477944,2023,L,21,0.178
8477946,2023,C,68,2.767
8477947,2023,L,53,0.675
8477948,2023,D,81,1.706
8477949,2023,R,75,2.511
8477950,2023,D,40,0.326
8477951,2023,C,79,2.288
8477952,2023,C,68,1.044
8477953,2023,R,73,0.327
8477955,2023,L,80,2.602
8477956,2023,R,95,5.827
8482055,2023,L,79,1.104
8477960,2023,R,82,3.543
8477962,2023,L,32,-0.002
8477964,2023,L,89,1.439
8482061,2023,L,5,0.104
8482062,2023,R,85,0.394
8477967,2023,G,52,0
8477968,2023,G,38,0
8477969,2023,D,82,0.896
8477970,2023,G,32,0
8477971,2023,D,87,0.112
8482067,2023,D,1,-0.01
8482070,2023,R,35,0.029
8482073,2023,D,98,0.566
8482074,2023,C,63,1.08
8477979,2023,R,63,0.002
8482076,2023,G,21,0
8482077,2023,L,63,0.229
8482078,2023,L,82,3.296
8482079,2023,C,82,1.288
8477986,2023,D,90,1.689
8477987,2023,C,78,0.91
8477989,2023,C,30,0.08
8482087,2023,D,70,0.611
8477992,2023,G,26,0
8477993,2023,C,2,0
8482088,2023,C,3,-0.024
8482089,2023,L,77,1.699
8482092,2023,C,72,0.464
8482093,2023,R,92,3.642
8477998,2023,L,104,1.897
8482095,2023,D,9,0.037
8482094,2023,D,12,-0.018
8482097,2023,R,27,0.663
8482101,2023,L,4,0.037
8482102,2023,C,2,0.084
8478007,2023,G,41,0
8478009,2023,G,57,0
8482105,2023,D,79,1.503
8478011,2023,D,12,0.15
8478010,2023,C,86,4.656
8478013,2023,D,63,0.577
8482109,2023,L,98,3.036
8482110,2023,C,82,0.938
8482111,2023,D,48,0.324
8478017,2023,D,23,-0.004
8482113,2023,C,102,1.587
8478020,2023,R,77,0.831
8478021,2023,D,40,-0.045
8482116,2023,C,75,2.928
8482117,2023,L,65,0.081
8478024,2023,G,19,0
8482118,2023,R,3,0.035
8482122,2023,D,82,1.595
8478028,2023,L,57,0.253
8482124,2023,R,85,2.444
8482125,2023,R,82,0.726
8482126,2023,D,4,-0.027
8482133,2023,C,27,0.292
8478038,2023,D,92,1.97
8478039,2023,G,37,0
8482137,2023,G,2,0
8478042,2023,L,23,0.766
8478043,2023,C,90,0.316
8482141,2023,D,2,0.043
8482142,2023,D,34,0.281
8478047,2023,L,81,2.399
8478048,2023,G,71,0
8478046,2023,L,82,0.964
8482146,2023,R,86,1.491
8478051,2023,C,18,0.088
8482148,2023,C,55,0.816
8482149,2023,C,72,1.525
8482144,2023,D,3,-0.015
8478055,2023,D,103,1.879
8482147,2023,C,4,0.034
8478057,2023,C,76,1.202
8482153,2023,C,15,0.268
8482155,2023,R,86,0.312
8482157,2023,L,97,0.267
8482159,2023,R,77,0.996
8482162,2023,L,7,0.014
8478067,2023,L,1,-0.013
8482165,2023,D,1,-0.005
8482166,2023,D,3,0.021
8482172,2023,L,16,0.074
8478078,2023,C,37,-0.076
8482175,2023,R,82,1.95
8482176,2023,D,32,0.023
8482177,2023,C,16,-0.067
8473986,2023,L,63,1.131
8473994,2023,L,101,2.938
8482192,2023,D,33,0.074
8478099,2023,R,46,0.051
8482197,2023,R,5,-0.039
8478104,2023,L,53,-0.256
8474009,2023,C,45,-0.01
8482201,2023,C,2,-0.038
8474013,2023,D,91,-0.073
8478109,2023,L,51,0.361
8478115,2023,L,79,0.614
8482221,2023,G,23,0
8482222,2023,L,46,0.091
8474031,2023,D,67,0.984
8474034,2023,L,64,0.215
8478133,2023,C,82,0.954
8474037,2023,L,82,1.974
8478136,2023,D,80,0.755
8474040,2023,C,28,0.334
8482241,2023,L,33,0.178
8478146,2023,C,7,0.057
8478147,2023,L,6,-0.064
8482245,2023,D,69,0.652
8474053,2023,C,6,-0.034
8482250,2023,C,1,-0.011
8474062,2023,C,1,-0.014
8482259,2023,C,56,0.844
8478178,2023,D,85,1.008
8474090,2023,D,63,0.398
8474102,2023,L,76,1.535
8478211,2023,L,28,0.158
8478233,2023,L,75,1.298
8474141,2023,R,50,2.232
8474145,2023,D,32,-0.138
8474149,2023,L,70,0.913
8474150,2023,C,82,1.353
8474151,2023,D,80,0.804
8474157,2023,L,51,0.696
8474166,2023,D,61,0.399
8474189,2023,C,82,0.945
8482145,2023,C,2,-0.003
8482411,2023,G,4,0
8482445,2023,G,6,0
8482451,2023,L,17,-0.095
8482460,2023,C,28,-0.028
8478366,2023,R,82,2.5
8482470,2023,D,10,0.085
8482475,2023,R,53,0.879
8482476,2023,L,4,-0.047
8478396,2023,D,87,1.88
8478397,2023,D,78,1.414
8478398,2023,L,70,2.928
8478399,2023,D,57,0.017
8482496,2023,C,48,0.008
8478401,2023,C,91,2.178
8478402,2023,C,101,8.658
8478403,2023,C,70,3.735
8478400,2023,C,28,-0.281
8478406,2023,G,44,0
8478407,2023,D,59,1.816
8478408,2023,D,50,-0.069
8478409,2023,C,9,0.065
8478413,2023,L,67,0.447
8478414,2023,R,69,2.114
8482511,2023,D,52,0.558
8478416,2023,D,74,0.045
8478420,2023,R,91,4.441
8478421,2023,L,59,0.147
8482516,2023,D,39,0.085
8478424,2023,C,45,-0.091
8478427,2023,C,89,4.528
8478430,2023,D,33,0.16
8478432,2023,R,79,0.199
8478433,2023,G,5,0
8478434,2023,R,85,-0.058
8478435,2023,G,20,0
8478438,2023,C,77,1.674
8478439,2023,R,76,2.85
8478440,2023,C,86,2.563
8478443,2023,D,89,0.23
8478444,2023,R,93,3.989
8478445,2023,C,85,3.426
8478446,2023,C,1,-0.021
8478449,2023,C,95,3.036
8478450,2023,D,51,0.279
8478451,2023,D,24,0.037
8478452,2023,D,28,0.119
8478454,2023,D,56,0.056
8478458,2023,C,75,1.174
8478460,2023,D,70,2.402
8478462,2023,C,77,1.51
8478463,2023,R,66,0.33
8478466,2023,R,76,1.685
8478468,2023,D,85,0.304
8478469,2023,D,51,1.241
8478470,2023,G,41,0
8478472,2023,R,72,1.097
8478474,2023,L,81,1.513
8478477,2023,C,23,-0.086
8478483,2023,R,76,3.714
8478492,2023,G,45,0
8478493,2023,C,77,3.277
8478495,2023,R,18,-0.087
8478498,2023,L,93,1.84
8478499,2023,G,38,0
8478500,2023,D,82,0.727
8478502,2023,D,34,0.248
8478507,2023,D,75,0.57
8478508,2023,C,86,0.182
8478512,2023,C,34,-0.203
8478519,2023,C,84,1.473
8482624,2023,D,24,0.14
8482634,2023,C,1,-0.011
8478542,2023,C,104,1.801
8478550,2023,L,98,6.191
8482652,2023,R,40,0.022
8482655,2023,D,80,0.618
8482659,2023,R,11,0.501
8482660,2023,C,42,0.354
8482661,2023,G,3,0
8478569,2023,C,55,0.045
8482665,2023,C,77,0.83
8482667,2023,L,80,1.331
8482666,2023,D,2,-0.017
8482671,2023,D,76,1.066
8482679,2023,R,34,0.23
8478585,2023,C,89,0.477
8482684,2023,D,82,1.555
8482699,2023,R,45,1.476
8482702,2023,C,43,0.775
8482705,2023,C,77,0.997
8482712,2023,R,1,-0.018
8482713,2023,R,7,-0.059
8482720,2023,L,87,1.133
8482730,2023,D,16,0.248
8482733,2023,D,1,0.053
8482737,2023,R,25,0.203
8482740,2023,C,101,3.669
8482744,2023,L,11,0.106
8482745,2023,C,64,1.273
8482747,2023,L,3,-0.032
8482749,2023,R,23,0.316
8482751,2023,C,9,-0.09
8474563,2023,D,87,2.008
8474564,2023,C,84,3.953
8474565,2023,D,71,1.142
8474567,2023,D,65,0.113
8474568,2023,D,68,-0.049
8482762,2023,D,16,-0.038
8482765,2023,R,7,-0.037
8474574,2023,D,89,0.76
8474578,2023,D,82,2.207
8474586,2023,R,78,1.71
8474590,2023,D,86,2.047
8482784,2023,C,9,-0.08
8474593,2023,G,48,0
8482787,2023,R,1,0.057
8474596,2023,G,34,0
8474600,2023,D,88,3.942
8474602,2023,D,70,0.795
8482803,2023,D,26,0.188
8474612,2023,D,48,0.023
8482807,2023,D,2,-0.019
8482809,2023,R,1,0.002
8474618,2023,D,65,0.071
8482821,2024,G,36,0
8482829,2024,L,1,-0.009
8474641,2024,C,103,1.221
8482858,2024,D,73,0.798
8482859,2024,C,56,-0.341
8474673,2024,D,54,0.076
8482866,2024,D,1,0.051
8474679,2024,R,85,0.246
8474682,2024,G,6,0
8482874,2024,R,1,-0.015
8470594,2024,G,27,0
8470600,2024,D,87,0.181
8482896,2024,C,21,0.058
8470613,2024,D,97,0.994
8474709,2024,L,32,-0.273
8474715,2024,R,39,0.227
8474716,2024,D,72,1.306
8470621,2024,R,103,1.607
8478831,2024,C,82,1.037
8482929,2024,D,81,0.435
8478840,2024,D,84,0.156
8478848,2024,G,1,0
8478851,2024,D,84,0.773
8478854,2024,D,39,-0.022
8478856,2024,R,81,1.527
8478859,2024,D,98,0.81
8478864,2024,L,47,2.948
8482964,2024,D,73,-0.225
8478872,2024,G,58,0
8478873,2024,R,77,2.208
8478874,2024,R,87,0.728
8478882,2024,D,88,0.822
8482982,2024,G,11,0
8478891,2024,C,84,0.364
8478904,2024,C,93,0.317
8478905,2024,G,26,0
8478911,2024,D,79,0.708
8478916,2024,G,57,0
8483017,2024,D,1,-0.004
8474870,2024,C,9,-0.064
8478970,2024,D,88,0.269
8478971,2024,G,22,0
8478975,2024,L,80,2.028
8479022,2024,C,22,0.147
8479026,2024,D,36,-0.009
8479066,2024,L,80,-0.053
8479193,2024,G,29,0
8475149,2024,L,77,0.885
8475151,2024,C,82,1.497
8479249,2024,C,3,0.009
8475158,2024,C,79,1.644
8475166,2024,C,88,3.039
8475167,2024,D,84,3.071
8475168,2024,C,100,3.048
8475169,2024,L,21,0.305
8475170,2024,C,89,1.231
8475171,2024,D,90,0.941
8475172,2024,C,82,2.336
8475177,2024,D,47,0.132
8475179,2024,D,93,0.315
8475181,2024,D,38,0.016
8475184,2024,L,68,1.095
8475188,2024,D,93,0.656
8475191,2024,R,90,1.347
8475193,2024,L,78,0.14
8479291,2024,C,70,0.224
8479292,2024,G,40,0
8479293,2024,L,92,0.113
8475197,2024,D,13,0.08
8475200,2024,D,91,1.121
8483395,2024,L,13,-0.069
8483397,2024,C,14,0.066
8483398,2024,D,3,0.035
8475208,2024,D,85,0.521
8483406,2024,R,1,0.075
8479312,2024,G,30,0
8479314,2024,L,75,3.327
8479315,2024,R,18,-0.168
8475218,2024,D,72,1.741
8475220,2024,L,83,0.827
8479318,2024,C,80,4.877
8479316,2024,C,75,0.307
8475225,2024,C,59,0.273
8479323,2024,D,74,2.679
8479324,2024,D,79,0.634
8479325,2024,D,50,0.907
8475231,2024,C,82,0.028
8479328,2024,R,1,-0.013
8475233,2024,D,80,0.429
8483425,2024,D,56,0.169
8475235,2024,L,31,-0.062
8483424,2024,C,12,-0.01
8483429,2024,D,15,0.381
8483431,2024,C,75,2.375
8479336,2024,R,56,0.036
8479337,2024,R,82,3.248
8479335,2024,C,6,-0.061
8479339,2024,L,54,1.344
8483432,2024,C,15,0.18
8479341,2024,D,4,-0.01
8479343,2024,R,81,3.917
8479344,2024,R,31,0.257
8479345,2024,D,84,2.437
8483445,2024,L,82,1.421
8479351,2024,C,97,0.618
8483447,2024,C,56,0.323
8479353,2024,C,91,1.312
8483448,2024,D,33,0.047
8483450,2024,C,2,-0.035
8479356,2024,L,19,0.079
8479359,2024,L,76,-0.207
8483457,2024,D,87,2.907
8479362,2024,L,6,-0.074
8479361,2024,G,49,0
8483460,2024,D,12,0.108
8479365,2024,C,80,-0.053
8483461,2024,R,1,-0.016
8479368,2024,L,26,-0.221
8483465,2024,R,2,0.012
8483466,2024,D,16,-0.053
8483467,2024,D,2,-0.01
8479369,2024,D,76,0.38
8483464,2024,C,77,1.297
8479371,2024,D,68,0.858
8483468,2024,C,62,0.63
8479372,2024,D,64,0.081
8479370,2024,C,39,0.14
8475279,2024,D,81,-0.09
8483472,2024,D,15,0.036
8483471,2024,C,5,-0.04
8479378,2024,D,68,0.236
8479379,2024,R,13,-0.105
8483476,2024,R,24,0.149
8475287,2024,L,74,0.445
8479385,2024,R,89,3.266
8483482,2024,D,6,-0.056
8479387,2024,D,41,-0.06
8479388,2024,D,5,-0.022
8483485,2024,D,45,0.383
8479390,2024,R,87,0.611
8483487,2024,R,8,0.09
8483481,2024,C,11,0.012
8479393,2024,L,52,-0.184
8483490,2024,D,68,0.446
8479395,2024,D,41,0.316
8483489,2024,C,21,-0.011
8483491,2024,L,18,0.116
8479398,2024,D,80,0.807
8483495,2024,D,31,0.056
8479400,2024,C,92,2.817
8483497,2024,R,12,0.173
8479402,2024,D,64,-0.019
8483499,2024,L,24,0.052
8483500,2024,C,8,-0.099
8483493,2024,C,53,0.877
8471214,2024,L,75,3.679
8483503,2024,D,25,-0.008
8479407,2024,L,86,3.967
8471215,2024,C,68,1.702
8483506,2024,D,9,0.193
8483505,2024,C,33,0.183
8479410,2024,D,77,2.281
8475314,2024,L,82,2.627
8475311,2024,G,56,0
8479414,2024,R,64,-0.12
8483512,2024,C,4,0.025
8483515,2024,L,84,1.782
8479420,2024,C,76,2.981
8475324,2024,D,77,0.477
8479421,2024,D,51,0.157
8479423,2024,L,5,-0.066
8479419,2024,L,3,-0.032
8479425,2024,D,61,1.16
8483516,2024,R,14,0.221
8483524,2024,C,79,1.321
8483530,2024,G,6,0
8483531,2024,L,2,-0.043
8483532,2024,G,1,0
8475343,2024,C,92,1.181
8479442,2024,D,74,-0.024
8483538,2024,C,1,-0.016
8483549,2024,L,7,0.003
8483553,2024,C,39,0.11
8479465,2024,L,7,0.023
8483565,2024,D,60,0.501
8483567,2024,C,6,-0.051
8483569,2024,D,2,0.052
8483570,2024,C,8,-0.068
8483573,2024,R,24,0.117
8479496,2024,G,34,0
8475413,2024,C,57,-0.302
8483609,2024,R,31,0.33
8479520,2024,L,92,0.334
8479523,2024,D,13,0.081
8479525,2024,C,62,1.199
8479533,2024,L,11,-0.045
8479542,2024,L,85,4.033
8479543,2024,L,25,-0.183
8479550,2024,C,8,-0.039
8475455,2024,D,83,-0.144
8475462,2024,D,81,0.057
8483668,2024,G,1,0
8479576,2024,D,51,-0.255
8483678,2024,D,28,0.123
8479591,2024,C,77,0.293
8479594,2024,D,1,-0.001
8481591,2024,R,7,-0.044
8481592,2024,L,49,0.554
8481593,2024,D,58,0.235
8481594,2024,R,3,-0.012
8483710,2024,G,6,0
8479619,2024,L,53,0.507
8483733,2024,R,7,-0.063
8479638,2024,R,82,0.592
8479639,2024,D,6,-0.03
8481600,2024,D,14,-0.044
8479661,2024,L,67,-0.03
8481605,2024,D,75,1.887
8479671,2024,R,82,0.7
8483768,2024,D,31,0.225
8479675,2024,L,77,1.422
8479705,2024,L,5,-0.01
8483808,2024,L,72,1.374
8479718,2024,C,2,-0.03
8479746,2024,L,5,-0.018
8475660,2024,G,47,0
8479772,2024,R,21,0.032
8475683,2024,G,77,0
8475690,2024,D,88,0.469
8475692,2024,R,75,2.011
8475714,2024,C,31,-0.006
8475717,2024,G,46,0
8475718,2024,D,73,-0.031
8475722,2024,L,73,1.783
8475726,2024,C,78,2.515
8483930,2024,C,40,0.043
8475745,2024,C,90,1.224
8475750,2024,D,72,-0.116
8475753,2024,D,85,1.181
8475754,2024,C,87,2.116
8475755,2024,D,22,-0.017
8475760,2024,C,66,0.441
8475762,2024,D,54,0.264
8475763,2024,R,64,0.685
8475764,2024,D,75,2.077
8475765,2024,R,80,0.841
8475766,2024,L,13,0.068
8475768,2024,L,81,1.695
8471675,2024,C,80,3.561
8471677,2024,D,41,0.068
8475780,2024,R,28,-0.007
8471685,2024,C,87,2.274
8475784,2024,L,77,1.116
8475786,2024,L,88,2.67
8475790,2024,D,16,0.078
8475791,2024,L,92,1.358
8475794,2024,C,38,1.16
8475795,2024,D,17,0.004
8475798,2024,C,101,2.854
8475799,2024,R,95,1.087
8471709,2024,D,27,-0.008
8475809,2024,G,25,0
8475810,2024,R,71,2.769
8471724,2024,D,74,1.023
8475825,2024,D,2,-0.017
8471734,2024,G,24,0
8475831,2024,G,26,0
8475839,2024,G,1,0
8475842,2024,C,80,0.185
8479941,2024,R,61,0.69
8479942,2024,R,9,-0.023
8475848,2024,R,87,1.359
8479944,2024,L,79,-0.011
8475852,2024,G,38,0
8475857,2024,D,6,0.011
8479968,2024,C,26,0.011
8479973,2024,G,66,0
8479976,2024,D,43,0.077
8479977,2024,R,12,0.049
8479979,2024,G,76,0
8479980,2024,D,79,0.366
8475883,2024,G,35,0
8479981,2024,L,58,-0.044
8479982,2024,D,68,0.406
8479983,2024,D,78,0.154
8479985,2024,D,14,0.001
8479987,2024,C,77,1.918
8479992,2024,C,77,0.373
8479994,2024,C,12,0.012
8479996,2024,C,70,0.591
8479998,2024,D,83,0.726
8479999,2024,C,81,0.516
8480001,2024,D,51,0.483
8475906,2024,D,30,0.254
8480002,2024,C,80,3.174
8480003,2024,C,91,0.471
8480007,2024,R,13,-0.125
8480009,2024,R,81,0.931
8471817,2024,R,35,-0.197
8475913,2024,R,76,2.951
8480012,2024,C,64,1.233
8480011,2024,C,35,-0.045
8480014,2024,C,80,2.465
8480015,2024,R,77,1.619
8480018,2024,C,87,2.941
8480023,2024,C,77,3.31
8480027,2024,L,93,4.16
8480028,2024,C,81,0.536
8480032,2024,C,4,-0.043
8480035,2024,D,60,0.055
8480036,2024,D,58,1.268
8480039,2024,C,86,3.622
8484135,2024,C,3,0.018
8484136,2024,C,29,0.138
8480043,2024,D,68,0.379
8480045,2024,G,55,0
8484144,2024,C,82,2.312
8484145,2024,L,75,0.769
8480049,2024,D,73,0.671
8480051,2024,G,11,0
8475958,2024,C,3,0.087
8484150,2024,D,1,-0.01
8484152,2024,D,6,0.045
8484153,2024,C,76,1.398
8480058,2024,D,47,-0.102
8480064,2024,C,56,1.19
8480068,2024,C,68,1.075
8480069,2024,D,87,5.106
8484166,2024,C,82,2.093
8480070,2024,D,15,-0.039
8484164,2024,R,2,-0.017
8480073,2024,D,28,0.336
8480074,2024,L,34,0.297
8480075,2024,D,1,-0.003
8480078,2024,C,56,0.734
8484180,2024,L,5,-0.019
8480084,2024,D,20,0.217
8484186,2024,R,17,0.017
8484197,2024,C,9,0.03
8484203,2024,L,2,0.053
8480113,2024,L,95,0.654
8484210,2024,R,5,-0.076
8484221,2024,C,7,0.019
8484227,2024,C,74,1.354
8484234,2024,L,1,-0.01
8480144,2024,C,60,0.234
8480145,2024,D,82,1.784
8484241,2024,R,6,0.008
8484255,2024,R,2,-0.001
8484258,2024,D,81,0.389
8480172,2024,D,54,0.069
8484268,2024,G,2,0
8480185,2024,C,103,0.818
8480188,2024,L,90,1.292
8480191,2024,G,1,0
8480192,2024,D,84,0.139
8480193,2024,G,20,0
8480196,2024,D,48,0.073
8484293,2024,G,1,0
8480205,2024,C,14,-0.056
8484304,2024,D,81,0.697
8480208,2024,R,88,2.793
8484312,2024,G,8,0
8480220,2024,L,78,1.449
8484321,2024,D,47,-0.006
8480245,2024,R,19,0.04
8480246,2024,D,79,0.617
8480259,2024,C,26,-0.215
8480280,2024,G,58,0
8480281,2024,R,87,0.234
8480289,2024,C,87,0.24
8484387,2024,R,80,2.679
8480291,2024,C,2,0.014
8480306,2024,D,13,0.069
8484406,2024,C,2,-0.016
8480313,2024,G,53,0
8480336,2024,D,94,0.621
8480355,2024,C,61,0.19
8476278,2024,C,74,0.616
8480382,2024,G,49,0
8476292,2024,L,82,0.714
8476312,2024,D,55,0.609
8476329,2024,C,3,-0.025
8476331,2024,D,94,0.308
8480434,2024,D,30,0.408
8476341,2024,G,30,0
8480448,2024,C,87,0.506
8480459,2024,C,81,1.445
8476372,2024,D,77,0.51
8476374,2024,C,82,0.221
8476389,2024,C,82,2.143
8476391,2024,C,9,-0.003
8476392,2024,C,86,1.672
8476393,2024,C,55,0.305
8476399,2024,L,82,1.061
8476412,2024,G,63,0
8476419,2024,C,79,1.25
8476422,2024,D,18,0.036
8476425,2024,C,6,0.016
8476429,2024,D,66,0.088
8476432,2024,C,26,0.778
8476434,2024,G,29,0
8476438,2024,L,80,0.928
8476441,2024,D,79,0.358
8476442,2024,L,32,-0.209
8476448,2024,C,64,1.109
8476453,2024,R,83,5.502
8476454,2024,C,100,2.541
8476455,2024,L,5,0.116
8476456,2024,L,81,2.072
8476457,2024,D,82,0.819
8476458,2024,C,82,0.824
8476459,2024,C,82,2.404
8476460,2024,C,93,3.3
8476461,2024,C,79,1.266
8476462,2024,D,69,2.015
8476463,2024,D,56,0.506
8476467,2024,D,82,0.385
8476468,2024,C,72,2.545
8476469,2024,R,86,0.684
8476473,2024,D,68,0.473
8476474,2024,R,83,1.741
8476479,2024,C,86,1.668
8476480,2024,C,91,0.984
8476483,2024,R,81,3.267
8476525,2024,D,64,0.57
8476539,2024,R,78,2.265
8484768,2024,D,1,0.055
8484779,2024,C,4,-0.06
8484783,2024,D,18,0.179
8484798,2024,D,4,0.009
8484801,2024,C,70,2.504
8476624,2024,C,77,-0.468
8484821,2024,C,1,0.058
8480727,2024,D,85,0.306
8484829,2024,C,5,0.029
8480748,2024,L,78,0.924
8480762,2024,L,97,1.051
8480789,2024,R,43,-0.051
8480796,2024,D,81,0.66
8480797,2024,L,81,0.546
8480798,2024,C,51,0.031
8480800,2024,D,68,3.669
8480801,2024,L,78,2.651
8480802,2024,C,79,2.03
8480803,2024,D,104,4.554
8484901,2024,C,1,-0.007
8480806,2024,C,79,0.535
8480807,2024,D,62,0.167
8480813,2024,C,74,0.135
8484910,2024,G,1,0
8484911,2024,R,33,0.139
8480817,2024,D,74,0.779
8480819,2024,G,2,0
8480823,2024,D,18,-0.094
8480825,2024,R,17,-0.075
8480828,2024,D,17,-0.076
8480829,2024,C,92,0.935
8480830,2024,R,87,2.654
8484929,2024,L,18,0.041
8480834,2024,D,85,0.169
8480835,2024,C,79,0.34
8480839,2024,D,73,3.338
8480840,2024,C,84,0.029
8484938,2024,R,5,0.01
8480843,2024,G,54,0
8480844,2024,L,1,-0.021
8480845,2024,C,59,0.119
8480848,2024,C,68,-0.356
8480849,2024,C,82,1.781
8480851,2024,C,25,-0.025
8480853,2024,C,2,-0.013
8480855,2024,C,82,0.415
8480860,2024,D,73,0.321
8484958,2024,R,77,0.752
8480865,2024,D,71,1.806
8480871,2024,D,35,0.588
8480873,2024,D,92,0.959
8480874,2024,D,1,0.001
8480878,2024,D,39,0
8480879,2024,D,40,0.236
8480880,2024,C,56,-0.106
8484976,2024,L,17,-0.121
8480883,2024,D,8,0.023
8480885,2024,G,2,0
8480887,2024,D,33,0.101
8484984,2024,R,7,0.126
8480890,2024,C,2,-0.022
8480891,2024,D,82,1.148
8479406,2024,G,64,0
8480893,2024,R,79,3.13
8476822,2024,C,82,0.08
8476826,2024,C,62,0.786
8480947,2024,G,51,0
8476853,2024,D,95,1.822
8476854,2024,D,17,0.318
8480950,2024,D,94,0.231
8476856,2024,D,63,0.084
8476858,2024,L,20,0.152
8476867,2024,C,12,-0.059
8476869,2024,D,82,1.277
8476871,2024,L,86,0.771
8476872,2024,C,93,0.735
8476873,2024,L,67,0.388
8476874,2024,D,77,0.578
8476875,2024,D,85,0.975
8476878,2024,C,87,-0.622
8476879,2024,D,103,0.535
8476880,2024,R,91,3.044
8476881,2024,C,84,2.797
8476882,2024,C,82,1.79
8476883,2024,G,68,0
8480980,2024,C,48,0.189
8476885,2024,D,77,0.079
8480981,2024,G,31,0
8476887,2024,L,82,3.319
8476889,2024,C,77,0.239
8476891,2024,D,82,1.331
8476892,2024,D,71,1.905
8480990,2024,D,66,0.118
8476897,2024,C,74,0.493
8480995,2024,R,80,0.3
8476899,2024,G,3,0
8476902,2024,D,98,0.841
8476905,2024,C,78,1.352
8476906,2024,D,85,2.511
8481006,2024,D,41,0.176
8485105,2024,C,10,-0.076
8476914,2024,G,27,0
8476913,2024,C,55,-0.176
8481013,2024,R,75,0.437
8476917,2024,D,60,0.701
8481014,2024,D,64,0.58
8476918,2024,L,43,0
8476921,2024,L,94,0.846
8476923,2024,D,70,0.881
8481020,2024,G,34,0
8476925,2024,C,72,0.536
8481019,2024,C,40,0.129
8476927,2024,C,82,0.856
8481024,2024,C,23,0.18
8476931,2024,D,79,0.796
8481028,2024,C,81,0.06
8476932,2024,G,41,0
8481030,2024,D,19,-0.132
8476934,2024,L,26,0.244
8481032,2024,L,84,0.196
8481033,2024,G,6,0
8481035,2024,G,47,0
8476945,2024,G,76,0
8481042,2024,R,57,0.336
8481043,2024,L,73,0.326
8476952,2024,C,7,-0.061
8476958,2024,D,95,0.865
8476960,2024,C,8,0.008
8481056,2024,D,23,-0.005
8481059,2024,D,35,0.262
8476967,2024,D,104,0.867
8481065,2024,C,8,0.005
8481068,2024,C,73,0.756
8476979,2024,D,60,0.533
8476981,2024,R,86,0.562
8476988,2024,D,7,-0.051
8476994,2024,C,39,0.085
8481093,2024,L,1,-0.012
8476999,2024,G,50,0
8477015,2024,R,102,0.934
8477018,2024,D,11,0.073
8477021,2024,C,81,0.607
8481122,2024,D,91,-0.057
8477034,2024,D,8,-0.047
8481133,2024,L,17,-0.036
8481147,2024,C,3,-0.036
8481161,2024,D,68,0.077
8477070,2024,C,28,-0.121
8481167,2024,D,76,0.097
8477073,2024,L,23,-0.153
8481178,2024,D,63,0.333
8481186,2024,R,87,0.54
8481206,2024,D,8,0.05
8481237,2024,C,81,-0.137
8477149,2024,R,1,-0.013
8477220,2024,D,103,1.033
8477244,2024,D,5,0.008
8485469,2024,R,1,-0.009
8485483,2024,L,5,-0.066
8485511,2024,R,2,-0.039
8485512,2024,C,2,-0.016
8481422,2024,C,3,-0.049
8477335,2024,D,33,0.003
8477346,2024,D,81,1.937
8477353,2024,C,55,0.014
8477365,2024,D,73,0.33
8481461,2024,D,4,-0.004
8481462,2024,L,1,-0.013
8477369,2024,D,75,0.165
8477380,2024,C,51,0.532
8481477,2024,C,70,0.245
8477384,2024,D,11,-0.01
8481481,2024,C,59,0.356
8481486,2024,D,8,-0.061
8477392,2024,R,43,-0.198
8481491,2024,C,15,0.007
8477401,2024,C,20,-0.025
8477402,2024,L,83,2.17
8477404,2024,C,85,3.727
8477405,2024,G,15,0
8477406,2024,C,102,-0.173
8477407,2024,L,44,0.037
8477409,2024,C,104,2.967
8477416,2024,R,79,1.603
8481517,2024,R,62,0.253
8481518,2024,L,7,-0.041
8481519,2024,G,38,0
8477424,2024,G,58,0
8477425,2024,L,38,0.055
8481522,2024,C,81,0.435
8481523,2024,C,57,0.552
8481524,2024,D,82,1.397
8481525,2024,D,2,-0.014
8477429,2024,C,56,0.534
8477426,2024,L,81,1.398
8481527,2024,D,41,0.294
8481528,2024,C,88,1.341
8481529,2024,G,2,0
8477435,2024,D,61,-0.134
8481532,2024,C,71,0.692
8481533,2024,C,57,0.925
8481534,2024,C,9,-0.109
8481535,2024,L,72,0.6
8481536,2024,D,1,-0.011
8477444,2024,L,79,1.037
8481540,2024,R,87,3.476
8481542,2024,D,82,1.688
8477447,2024,D,78,2.864
8477446,2024,C,74,0.085
8481541,2024,D,1,-0.004
8477450,2024,C,59,0.341
8477451,2024,R,75,0.941
8481546,2024,D,66,0.411
8481544,2024,G,2,0
8477456,2024,L,76,0.937
8481553,2024,R,79,1.305
8481554,2024,R,79,1.227
8481556,2024,C,78,-0.062
8481557,2024,L,88,3.161
8481558,2024,C,1,0.046
8481559,2024,C,62,3.196
8477462,2024,D,2,-0.004
8477465,2024,G,36,0
8477463,2024,D,1,-0.005
8481563,2024,D,56,0.257
8481564,2024,D,3,-0.009
8481560,2024,R,14,0.059
8481562,2024,D,2,-0.012
8481567,2024,D,60,0.097
8481568,2024,D,82,0.768
8477476,2024,L,76,1.974
8481572,2024,D,18,-0.048
8477478,2024,L,58,0.065
8477479,2024,L,82,1.568
8477480,2024,G,23,0
8481577,2024,R,61,0.742
8481576,2024,C,2,-0.023
8481580,2024,L,92,2.646
8481581,2024,D,96,2.809
8481582,2024,L,72,0.625
8477484,2024,G,9,0
8477488,2024,D,77,0.516
8477492,2024,C,86,5.573
8477493,2024,C,90,3.345
8477494,2024,L,50,1.213
8477495,2024,D,86,1.669
8477496,2024,C,82,1.204
8477497,2024,C,54,2.371
8477498,2024,D,98,1.496
8477499,2024,D,63,0.592
8481596,2024,C,76,1.617
8477501,2024,R,50,1.661
8477500,2024,C,81,1.842
8481598,2024,D,75,1.216
8477503,2024,C,87,0.693
8477504,2024,D,92,2.938
8477506,2024,D,74,0.772
8477507,2024,D,81,0.302
8477508,2024,C,48,-0.135
8481604,2024,R,90,2.272
8481606,2024,D,84,0.908
8477511,2024,R,13,0.253
8481601,2024,R,75,1.441
8481609,2024,D,35,0.184
8477505,2024,C,77,0.477
8473419,2024,L,94,3.002
8481607,2024,D,61,0.063
8481611,2024,G,51,0
8473422,2024,L,78,1.037
8481617,2024,R,104,0.772
8481618,2024,C,87,0.146
8477527,2024,L,43,-0.341
8481624,2024,R,80,1.046
8477541,2024,D,4,0.035
8473446,2024,D,38,0.036
8481641,2024,L,86,0.41
8473453,2024,C,62,-0.02
8481655,2024,R,43,0.032
8481656,2024,L,82,2.86
8481668,2024,G,10,0
8477573,2024,L,80,0.204
8481692,2024,G,53,0
8473503,2024,G,24,0
8473507,2024,D,44,0.021
8481703,2024,R,13,0.044
8473512,2024,R,87,1.543
8481704,2024,C,48,0.266
8481707,2024,G,1,0
8481708,2024,D,46,0.289
8481711,2024,L,55,0.251
8481712,2024,R,7,0.059
8481716,2024,L,73,1.819
8481719,2024,D,5,-0.039
8473533,2024,C,90,1.975
8481726,2024,C,51,0.098
8481725,2024,L,26,0.355
8481732,2024,L,19,0.03
8481737,2024,C,8,-0.057
8481743,2024,D,46,0.186
8481754,2024,C,20,0.166
8473575,2024,G,10,0
8481789,2024,L,63,-0.018
8481806,2024,D,32,0.013
8481848,2024,C,4,-0.037
8477810,2024,D,53,-0.04
8477831,2024,G,1,0
8477839,2024,L,5,-0.044
8477845,2024,D,92,0.55
8477851,2024,D,37,0.301
8477887,2024,C,15,-0.078
8477903,2024,R,67,0.503
8477919,2024,C,88,1.169
8477931,2024,L,75,0.063
8477932,2024,D,75,1.806
8477933,2024,C,100,4.826
8477934,2024,C,93,5.633
8477935,2024,C,99,3.5
8477938,2024,D,47,0.179
8477939,2024,R,95,4.323
8477940,2024,L,77,3.283
8477942,2024,L,87,2.665
8477944,2024,L,39,0.425
8477946,2024,C,82,3.105
8477947,2024,L,3,-0.002
8477948,2024,D,82,1.048
8477949,2024,R,82,3.012
8477950,2024,D,35,0.863
8477951,2024,C,82,2.541
8477952,2024,C,44,0.206
8477953,2024,R,79,0.215
8477955,2024,L,82,2.327
8477956,2024,R,82,4.955
8482055,2024,L,84,0.328
8477960,2024,R,87,3.671
8477964,2024,L,81,1.761
8482062,2024,R,71,-0.272
8477967,2024,G,23,0
8477968,2024,G,38,0
8477969,2024,D,78,0.877
8477970,2024,G,25,0
8482067,2024,D,2,-0.024
8477971,2024,D,35,-0.057
8482070,2024,R,70,0.442
8482072,2024,D,2,-0.027
8482073,2024,D,80,0.589
8482074,2024,C,54,0.72
8477979,2024,R,22,-0.101
8482076,2024,G,6,0
8482077,2024,L,77,2.533
8482078,2024,L,82,3.568
8482079,2024,C,88,1.972
8477986,2024,D,81,1.693
8477987,2024,C,80,2.251
8477989,2024,C,87,1.136
8477990,2024,G,1,0
8482087,2024,D,60,0.366
8482088,2024,C,1,0.061
8477992,2024,G,19,0
8482089,2024,L,89,2.112
8477993,2024,C,21,0.484
8482092,2024,C,84,0.843
8482093,2024,R,88,4.004
8477998,2024,L,88,1.856
8482095,2024,D,85,0.137
8482094,2024,D,1,-0.003
8482097,2024,R,74,1.276
8482090,2024,C,1,-0.006
8482100,2024,D,4,0.024
8482101,2024,L,12,-0.061
8482102,2024,C,7,-0.074
8478007,2024,G,53,0
8482103,2024,C,5,0.002
8478009,2024,G,61,0
8482105,2024,D,86,2.567
8478010,2024,C,82,3.533
8482109,2024,L,82,0.988
8482110,2024,C,87,0.971
8482111,2024,D,62,0.374
8478013,2024,D,87,2.045
8482113,2024,C,102,2.393
8478017,2024,D,5,-0.026
8482116,2024,C,88,3.458
8478020,2024,R,78,0.556
8482117,2024,L,70,0.336
8482118,2024,R,32,0.256
8478024,2024,G,13,0
8478021,2024,D,7,0.006
8482122,2024,D,84,0.591
8482123,2024,G,2,0
8482124,2024,R,87,2.001
8482125,2024,R,53,0.059
8482126,2024,D,42,0.144
8482131,2024,D,2,-0.015
8482132,2024,L,35,0.265
8482133,2024,C,1,-0.014
8478038,2024,D,83,1.937
8478039,2024,G,1,0
8482137,2024,G,13,0
8478042,2024,L,82,0.992
8478043,2024,C,60,-0.222
8478046,2024,L,79,0.561
8478047,2024,L,76,1.217
8482142,2024,D,70,0.558
8478048,2024,G,61,0
8482146,2024,R,68,1.009
8482145,2024,C,76,0.725
8482148,2024,C,27,0.167
8482149,2024,C,95,2.03
8482144,2024,D,31,0.315
8478055,2024,D,103,1.213
8478056,2024,C,6,0.024
8482153,2024,C,9,-0.113
8478057,2024,C,57,0.018
8482155,2024,R,83,1.631
8482157,2024,L,82,1.58
8482159,2024,R,81,1.327
8482166,2024,D,30,0.244
8482169,2024,D,6,0.012
8482172,2024,L,33,-0.033
8482175,2024,R,77,2.591
8482176,2024,D,57,0.163
8482177,2024,C,75,-0.249
8473986,2024,L,82,0.743
8482178,2024,D,3,0.04
8473994,2024,L,98,1.429
8482192,2024,D,3,0.04
8478099,2024,R,34,0.212
8482201,2024,C,65,0.531
8474013,2024,D,82,0.256
8478109,2024,L,65,1.12
8482206,2024,R,6,-0.013
8482209,2024,C,5,0.158
8478115,2024,L,62,0.159
8482213,2024,C,2,-0.002
8482221,2024,G,9,0
8474034,2024,L,68,0.237
8478133,2024,C,87,1.761
8474037,2024,L,71,1.295
8478136,2024,D,73,0.613
8478146,2024,C,42,-0.095
8478147,2024,L,16,-0.05
8482245,2024,D,62,0.24
8482250,2024,C,7,0.021
8482259,2024,C,87,1.145
8478173,2024,R,2,-0.013
8478178,2024,D,77,1.504
8474090,2024,D,32,0.213
8474102,2024,L,49,0.464
8478211,2024,L,5,0.105
8478233,2024,L,91,0.771
8474141,2024,R,72,2.158
8474145,2024,D,17,0.005
8474149,2024,L,96,1.49
8474150,2024,C,76,1.441
8474151,2024,D,87,1.123
8474157,2024,L,48,0.647
8474166,2024,D,44,0.287
8474189,2024,C,89,0.394
8482408,2024,L,18,-0.086
8482411,2024,G,1,0
8482446,2024,G,15,0
8482447,2024,G,12,0
8482451,2024,L,47,-0.237
8482460,2024,C,42,0.081
8478366,2024,R,81,1.698
8482470,2024,D,5,0.029
8482475,2024,R,30,0.516
8482476,2024,L,67,0.384
8482482,2024,D,23,0.114
8482487,2024,G,19,0
8478396,2024,D,91,1.805
8478397,2024,D,81,1.105
8478398,2024,L,95,5.326
8478399,2024,D,58,0.03
8482496,2024,C,19,0.11
8478401,2024,C,82,1.32
8478402,2024,C,89,6.154
8478403,2024,C,88,4.784
8478400,2024,C,3,-0.021
8478406,2024,G,63,0
8478407,2024,D,62,1.797
8478408,2024,D,19,-0.108
8478409,2024,C,15,0.151
8482507,2024,L,2,-0.014
8478413,2024,L,34,-0.091
8478414,2024,R,85,2.249
8482511,2024,D,77,1.232
8478416,2024,D,81,0.434
8482516,2024,D,29,-0.039
8478421,2024,L,97,0.275
8478420,2024,R,100,4.352
8478424,2024,C,62,-0.156
8478427,2024,C,94,3.077
8478430,2024,D,19,0.134
8478432,2024,R,46,-0.144
8478434,2024,R,93,0.396
8478435,2024,G,30,0
8478438,2024,C,54,0.634
8478439,2024,R,82,2.931
8478440,2024,C,92,2.818
8478443,2024,D,96,-0.162
8478444,2024,R,75,1.579
8478445,2024,C,30,0.598
8478449,2024,C,93,3.538
8478450,2024,D,55,-0.049
8478452,2024,D,6,-0.034
8478454,2024,D,35,-0.223
8478458,2024,C,90,1.263
8478460,2024,D,81,4.262
8478462,2024,C,82,0.987
8478463,2024,R,91,1.17
8478465,2024,D,3,-0.029
8478466,2024,R,31,0.026
8478468,2024,D,28,-0.19
8478469,2024,D,86,2.106
8478470,2024,G,65,0
8478472,2024,R,63,0.145
8478474,2024,L,81,0.11
8478476,2024,D,1,-0.017
8478477,2024,C,28,-0.038
8478483,2024,R,94,4.411
8478492,2024,G,29,0
8478493,2024,C,52,1.249
8478498,2024,L,82,2.021
8478499,2024,G,61,0
8478500,2024,D,82,0.983
8478502,2024,D,29,0.183
8478507,2024,D,35,0.504
8478508,2024,C,82,-0.096
8478519,2024,C,85,2.857
8482623,2024,C,2,-0.012
8482624,2024,D,44,0.148
8482634,2024,C,7,0.045
8482635,2024,L,2,0.033
8478542,2024,C,103,1.111
8482641,2024,D,2,0.047
8478550,2024,L,80,3.62
8482652,2024,R,24,-0.059
8482655,2024,D,59,0.363
8482657,2024,G,1,0
8482659,2024,R,51,0.603
8482660,2024,C,68,2.239
8482661,2024,G,2,0
8482663,2024,L,2,0.041
8482665,2024,C,82,1.03
8478569,2024,C,79,0.094
8482667,2024,L,77,2.037
8482666,2024,D,19,0.21
8482668,2024,G,1,0
8482671,2024,D,79,1.568
8482679,2024,R,77,1.565
8478585,2024,C,36,0.033
8482684,2024,D,72,1.888
8482691,2024,C,33,0.218
8482699,2024,R,70,2.62
8482700,2024,D,43,0.092
8482702,2024,C,93,1.707
8482703,2024,C,25,0.118
8482705,2024,C,66,1.108
8482712,2024,R,2,-0.02
8482713,2024,R,76,1.036
8482715,2024,D,1,-0.006
8482720,2024,L,91,2.532
8482726,2024,C,56,-0.044
8482730,2024,D,84,1.511
8482733,2024,D,7,0.186
8482737,2024,R,79,1.259
8482740,2024,C,100,3.849
8482742,2024,L,62,0.252
8482744,2024,L,2,-0.037
8482745,2024,C,76,1.848
8482747,2024,L,22,-0.123
8482749,2024,R,12,0
8482751,2024,C,12,-0.087
8474563,2024,D,36,0.716
8474564,2024,C,82,1.368
8474565,2024,D,81,1.472
8482758,2024,R,8,0.304
8474567,2024,D,87,0.283
8474568,2024,D,87,-0.109
8482762,2024,D,78,0.972
8482763,2024,R,12,0.014
8482765,2024,R,8,-0.028
8474574,2024,D,71,0.624
8482768,2024,C,52,0.264
8474578,2024,D,82,2.206
8482775,2024,C,21,0.032
8474586,2024,R,42,0.998
8474590,2024,D,89,2.345
8482783,2024,G,17,0
8474593,2024,G,54,0
8482785,2024,C,2,0.088
8482787,2024,R,4,0.17
8474596,2024,G,31,0
8474600,2024,D,53,1.845
8482802,2024,L,1,-0.002
8482803,2024,D,62,0.838
8474612,2024,D,59,-0.03
8482807,2024,D,24,0.133
8482809,2024,R,95,1.777
8470595,2025,,0,0
8470600,2025,,0,0
8470604,2025,,0,0
8470606,2025,,0,0
8470610,2025,,0,0
8470612,2025,,0,0
8470613,2025,D,95,1.152
8470619,2025,,0,0
8470621,2025,R,79,1.315
8470626,2025,,0,0
8470638,2025,,0,0
8478831,2025,C,86,0.631
8478838,2025,,0,0
8478840,2025,D,75,0.144
8478841,2025,D,23,0.104
8478843,2025,,0,0
8478846,2025,,0,0
8478851,2025,D,92,0.685
8478854,2025,D,86,1.173
8478856,2025,R,71,0.975
8478859,2025,D,68,0.019
8478864,2025,L,89,4.474
8478866,2025,,0,0
8478868,2025,,0,0
8478870,2025,,0,0
8478872,2025,G,70,0
8478873,2025,R,73,3.182
8478874,2025,R,66,0.908
8478881,2025,,0,0
8478882,2025,D,82,0.954
8478888,2025,C,3,0.048
8478891,2025,C,65,-0.153
8478904,2025,C,71,0.3
8478906,2025,,0,0
8478911,2025,D,79,0.401
8478915,2025,,0,0
8478916,2025,G,47,0
8470755,2025,,0,0
8478949,2025,,0,0
8478956,2025,,0,0
8478967,2025,C,5,-0.062
8470775,2025,,0,0
8478970,2025,D,91,0.185
8478971,2025,G,37,0
8478975,2025,L,68,1.472
8470794,2025,,0,0
8478996,2025,,0,0
8479022,2025,C,42,0.193
8479026,2025,D,39,-0.161
8479066,2025,L,57,0.044
8470966,2025,,0,0
8479193,2025,G,30,0
8479249,2025,,0,0
8479252,2025,,0,0
8479289,2025,,0,0
8479291,2025,C,1,0.044
8479292,2025,G,21,0
8479293,2025,L,62,-0.412
8479304,2025,,0,0
8479312,2025,G,46,0
8479314,2025,L,31,1.709
8479315,2025,,0,0
8479316,2025,C,62,0.2
8479318,2025,C,60,2.693
8479320,2025,,0,0
8479321,2025,,0,0
8479322,2025,,0,0
8479323,2025,D,55,2.176
8479324,2025,D,76,-0.228
8479325,2025,D,75,2.72
8479328,2025,,0,0
8479329,2025,,0,0
8479330,2025,,0,0
8479333,2025,,0,0
8479335,2025,,0,0
8479336,2025,R,50,0.25
8479337,2025,R,82,4.258
8479338,2025,,0,0
8479339,2025,L,5,0.001
8479341,2025,,0,0
8479343,2025,R,88,3.975
8479344,2025,,0,0
8479345,2025,D,80,2.72
8479346,2025,,0,0
8479347,2025,,0,0
8479348,2025,,0,0
8479351,2025,C,79,0.828
8479353,2025,C,80,0.547
8479355,2025,,0,0
8479356,2025,,0,0
8479359,2025,L,94,-0.105
8479361,2025,G,39,0
8479362,2025,L,4,0.013
8479364,2025,,0,0
8479365,2025,C,78,-0.382
8479366,2025,,0,0
8479367,2025,,0,0
8479368,2025,L,21,0.135
8479369,2025,D,83,0.087
8479370,2025,C,69,0.252
8479371,2025,D,74,0.154
8479372,2025,D,23,0.026
8479373,2025,,0,0
8479375,2025,,0,0
8479376,2025,,0,0
8479378,2025,D,84,0.777
8479379,2025,,0,0
8479382,2025,,0,0
8479383,2025,L,3,-0.04
8479385,2025,R,72,1.909
8479387,2025,D,3,0.031
8479388,2025,D,4,-0.027
8479390,2025,R,68,0.279
8479393,2025,L,37,0.196
8479394,2025,G,40,0
8479395,2025,D,17,0.002
8479398,2025,D,66,0.416
8479400,2025,C,29,0.625
8479402,2025,D,16,-0.031
8479404,2025,,0,0
8471214,2025,L,82,2.717
8471215,2025,C,62,2.771
8479407,2025,L,82,3.089
8479406,2025,G,51,0
8479410,2025,D,84,2.496
8471217,2025,,0,0
8471218,2025,,0,0
8479413,2025,,0,0
8479414,2025,R,36,0.106
8479415,2025,,0,0
8479419,2025,,0,0
8479420,2025,C,94,4.204
8479421,2025,D,15,-0.055
8471228,2025,,0,0
8479423,2025,,0,0
8479425,2025,D,82,1.941
8479439,2025,,0,0
8479442,2025,D,64,0.198
8479447,2025,,0,0
8471260,2025,,0,0
8479458,2025,,0,0
8479465,2025,,0,0
8471274,2025,,0,0
8471276,2025,,0,0
8471284,2025,,0,0
8479482,2025,,0,0
8471303,2025,,0,0
8479496,2025,G,30,0
8479511,2025,,0,0
8479512,2025,,0,0
8479514,2025,,0,0
8479516,2025,,0,0
8479518,2025,,0,0
8479520,2025,L,82,-0.309
8479522,2025,,0,0
8479523,2025,,0,0
8479525,2025,C,84,0.907
8479526,2025,,0,0
8479533,2025,L,13,-0.102
8479534,2025,,0,0
8479536,2025,,0,0
8479542,2025,L,78,3.815
8479543,2025,L,9,-0.124
8479546,2025,,0,0
8479547,2025,,0,0
8479550,2025,C,10,0.174
8479553,2025,,0,0
8479573,2025,,0,0
8479576,2025,D,53,-0.116
8479578,2025,,0,0
8479580,2025,,0,0
8479587,2025,,0,0
8479591,2025,C,58,0.577
8479594,2025,,0,0
8479597,2025,,0,0
8479602,2025,,0,0
8479619,2025,L,85,1.055
8479638,2025,R,65,1.394
8479639,2025,D,16,-0.004
8479644,2025,R,5,0.008
8479661,2025,L,83,0.328
8479671,2025,R,61,0.735
8479675,2025,L,73,1.103
8479705,2025,L,57,0.112
8479718,2025,C,2,0.031
8479729,2025,,0,0
8479746,2025,,0,0
8479772,2025,R,3,0.007
8471669,2025,,0,0
8471675,2025,C,74,2.725
8471677,2025,,0,0
8471685,2025,C,71,0.65
8471686,2025,,0,0
8471698,2025,,0,0
8471699,2025,,0,0
8471707,2025,,0,0
8471709,2025,,0,0
8471724,2025,D,80,1.004
8471729,2025,,0,0
8471734,2025,G,25,0
8471735,2025,,0,0
8479933,2025,,0,0
8479941,2025,R,4,-0.038
8479942,2025,R,18,0.123
8479944,2025,L,27,0.01
8479945,2025,,0,0
8479968,2025,,0,0
8479972,2025,,0,0
8479973,2025,G,53,0
8479974,2025,,0,0
8479976,2025,,0,0
8479977,2025,R,65,0.945
8479979,2025,G,60,0
8479980,2025,D,62,0.217
8479981,2025,L,10,0.08
8479982,2025,D,52,0.085
8479983,2025,D,82,0.375
8479984,2025,,0,0
8479985,2025,D,23,0.043
8471794,2025,,0,0
8479987,2025,C,87,2.911
8479986,2025,,0,0
8479991,2025,,0,0
8479992,2025,C,64,0.081
8479994,2025,,0,0
8479996,2025,C,70,0.931
8479998,2025,D,84,0.367
8479999,2025,C,77,1.175
8480001,2025,D,34,0.103
8480002,2025,C,82,2.778
8480003,2025,C,73,-0.117
8480005,2025,,0,0
8480007,2025,R,4,0.012
8480008,2025,,0,0
8480009,2025,R,78,0.915
8471817,2025,R,50,-0.231
8480011,2025,,0,0
8480012,2025,C,74,1.06
8480014,2025,C,82,2.809
8480015,2025,R,87,2.124
8480018,2025,C,101,3.96
8480019,2025,,0,0
8480021,2025,C,19,-0.139
8480022,2025,G,1,0
8480023,2025,C,64,2.54
8480025,2025,,0,0
8480027,2025,L,88,5.16
8480028,2025,C,82,1.161
8480029,2025,,0,0
8480031,2025,,0,0
8480032,2025,,0,0
8480034,2025,,0,0
8480035,2025,D,43,0.436
8480036,2025,D,83,2.736
8480037,2025,,0,0
8480039,2025,C,91,5.041
8480041,2025,,0,0
8480043,2025,D,47,0.159
8480045,2025,G,41,0
8480049,2025,D,66,0.079
8480051,2025,G,3,0
8480053,2025,,0,0
8480054,2025,,0,0
8480056,2025,,0,0
8480058,2025,D,31,0.122
8480060,2025,,0,0
8480064,2025,C,54,1.227
8471873,2025,,0,0
8480068,2025,C,86,1.654
8480069,2025,D,86,3.792
8480070,2025,,0,0
8480071,2025,,0,0
8480072,2025,,0,0
8480073,2025,,0,0
8480074,2025,L,70,0.823
8480075,2025,D,7,-0.005
8480078,2025,C,12,0.011
8471887,2025,,0,0
8480083,2025,,0,0
8480084,2025,D,40,0.187
8480087,2025,,0,0
8480113,2025,L,79,0.662
8480144,2025,C,40,-0.119
8480145,2025,D,51,0.081
8480157,2025,,0,0
8480160,2025,,0,0
8480172,2025,,0,0
8480184,2025,,0,0
8480185,2025,C,73,0.906
8480188,2025,L,86,0.972
8480192,2025,D,34,0.163
8480193,2025,G,33,0
8480196,2025,D,50,0.124
8480205,2025,,0,0
8480208,2025,R,83,3.098
8480216,2025,,0,0
8480220,2025,L,90,1.657
8480222,2025,,0,0
8480226,2025,,0,0
8480231,2025,,0,0
8480238,2025,G,1,0
8480242,2025,,0,0
8480245,2025,R,7,0.068
8480246,2025,D,79,0.112
8480252,2025,,0,0
8480259,2025,C,28,-0.029
8480267,2025,,0,0
8480274,2025,,0,0
8480275,2025,,0,0
8480280,2025,G,61,0
8480281,2025,R,65,-0.17
8480289,2025,C,65,1.156
8480291,2025,C,4,-0.074
8480292,2025,,0,0
8480293,2025,,0,0
8480304,2025,,0,0
8480306,2025,,0,0
8480313,2025,G,58,0
8480326,2025,C,5,-0.026
8480328,2025,,0,0
8480336,2025,D,100,0.798
8480355,2025,C,88,0.755
8480384,2025,,0,0
8480426,2025,D,73,0.951
8480434,2025,D,66,0.982
8480439,2025,,0,0
8480441,2025,,0,0
8480443,2025,,0,0
8480448,2025,C,95,1.16
8480459,2025,C,64,1.058
8480466,2025,,0,0
8480467,2025,,0,0
8480468,2025,,0,0
8472382,2025,,0,0
8480727,2025,D,78,0.117
8480748,2025,L,72,1.065
8480762,2025,L,86,0.363
8480776,2025,,0,0
8480789,2025,,0,0
8480796,2025,D,81,0.772
8480797,2025,L,82,1.103
8480798,2025,C,43,0.478
8480800,2025,D,85,3.982
8480801,2025,L,64,2.858
8480802,2025,C,94,2.308
8480803,2025,D,88,4.911
8480806,2025,C,68,-0.08
8480807,2025,D,91,1.861
8480813,2025,C,70,-0.51
8480814,2025,,0,0
8480817,2025,D,91,1.237
8480820,2025,,0,0
8480821,2025,,0,0
8480822,2025,,0,0
8480823,2025,,0,0
8480825,2025,R,3,0.026
8480828,2025,D,5,-0.007
8480829,2025,C,42,0.068
8480830,2025,R,98,2.795
8480831,2025,D,29,-0.06
8480833,2025,,0,0
8480834,2025,D,78,0.182
8480835,2025,C,95,1.049
8480836,2025,,0,0
8480839,2025,D,90,4.136
8480840,2025,C,78,-0.161
8480842,2025,C,13,0.12
8480843,2025,G,68,0
8480844,2025,,0,0
8480845,2025,,0,0
8480846,2025,,0,0
8480847,2025,,0,0
8480848,2025,C,46,0.371
8480849,2025,C,68,0.683
8480851,2025,,0,0
8480853,2025,C,1,-0.011
8480855,2025,C,77,0.685
8480858,2025,,0,0
8480860,2025,D,76,0.038
8480863,2025,,0,0
8480865,2025,D,93,1.803
8480870,2025,C,13,0.184
8480871,2025,D,28,0.028
8480873,2025,D,73,1.0
8480874,2025,D,5,-0.051
8480876,2025,C,43,-0.064
8480878,2025,D,56,0.264
8480879,2025,D,63,-0.189
8480880,2025,,0,0
8480883,2025,,0,0
8480884,2025,,0,0
8480887,2025,D,9,0.125
8480890,2025,,0,0
8480891,2025,D,35,-0.113
8480893,2025,R,76,3.047
8480901,2025,,0,0
8480913,2025,,0,0
8480935,2025,,0,0
8480945,2025,,0,0
8480947,2025,G,47,0
8480950,2025,D,55,0.199
8480977,2025,,0,0
8480979,2025,,0,0
8480980,2025,C,84,0.926
8480981,2025,G,46,0
8480988,2025,,0,0
8480990,2025,D,26,0.195
8480994,2025,,0,0
8480995,2025,R,70,0.517
8481003,2025,,0,0
8481004,2025,L,2,-0.043
8481006,2025,D,69,0.569
8481013,2025,R,51,0.586
8481014,2025,D,15,-0.032
8481016,2025,,0,0
8481019,2025,,0,0
8481020,2025,G,28,0
8481024,2025,C,79,1.348
8481028,2025,C,22,-0.083
8481030,2025,D,20,0.253
8481032,2025,L,79,0.184
8481033,2025,G,34,0
8481035,2025,G,33,0
8481042,2025,,0,0
8481043,2025,L,66,0.337
8481056,2025,D,66,0.052
8481058,2025,,0,0
8481059,2025,,0,0
8481061,2025,,0,0
8481065,2025,C,8,-0.007
8481068,2025,C,78,0.643
8481070,2025,L,3,0.079
8481072,2025,,0,0
8481077,2025,L,11,0.075
8481093,2025,L,1,0.018
8481102,2025,,0,0
8481122,2025,D,73,-0.211
8481133,2025,L,59,0.177
8481147,2025,,0,0
8481161,2025,D,40,-0.032
8481167,2025,D,39,0.074
8481178,2025,D,33,-0.045
8481186,2025,R,26,-0.114
8481206,2025,,0,0
8481219,2025,D,67,0.348
8481237,2025,C,59,-0.233
8481239,2025,,0,0
8465009,2025,,0,0
8481422,2025,,0,0
8481433,2025,,0,0
8481441,2025,,0,0
8481461,2025,,0,0
8481462,2025,,0,0
8481477,2025,C,57,0.449
8481481,2025,C,61,0.802
8481486,2025,,0,0
8481489,2025,,0,0
8481491,2025,C,17,0.082
8481517,2025,R,6,-0.038
8481518,2025,L,12,-0.007
8481519,2025,G,55,0
8481521,2025,,0,0
8481522,2025,C,95,1.059
8481523,2025,C,56,0.431
8481524,2025,D,95,1.777
8481525,2025,D,72,0.32
8481527,2025,D,91,0.335
8481528,2025,C,86,2.49
8481529,2025,G,4,0
8481530,2025,,0,0
8481532,2025,C,63,0.166
8481533,2025,C,91,2.842
8481534,2025,C,1,-0.014
8481535,2025,L,38,-0.179
8481536,2025,,0,0
8481537,2025,,0,0
8481540,2025,R,100,5.013
8481541,2025,,0,0
8481542,2025,D,82,2.399
8481543,2025,,0,0
8481544,2025,G,2,0
8481546,2025,D,84,0.822
8481547,2025,D,1,0.001
8481550,2025,,0,0
8481551,2025,G,16,0
8481552,2025,,0,0
8481553,2025,R,72,0.886
8481554,2025,R,65,1.324
8481555,2025,,0,0
8481556,2025,C,35,0.212
8481557,2025,L,87,4.456
8481559,2025,C,61,3.679
8481560,2025,R,2,0.051
8481562,2025,D,1,-0.011
8481563,2025,D,68,0.293
8481564,2025,D,3,-0.016
8481567,2025,D,4,-0.025
8481568,2025,D,81,0.221
8481569,2025,D,8,0.122
8481572,2025,D,5,-0.02
8481575,2025,D,12,0.112
8481576,2025,,0,0
8481577,2025,R,9,-0.037
8481578,2025,,0,0
8481580,2025,L,78,1.739
8481581,2025,D,76,1.176
8481582,2025,L,78,1.051
8481585,2025,,0,0
8481591,2025,R,2,-0.03
8481592,2025,L,5,-0.018
8481593,2025,D,71,0.134
8481594,2025,R,1,-0.009
8481596,2025,C,76,2.142
8481598,2025,D,81,1.014
8481599,2025,D,8,0.01
8481600,2025,D,19,0.119
8481601,2025,R,79,1.284
8481604,2025,R,104,3.332
8481605,2025,D,94,2.949
8481606,2025,D,77,0.979
8481607,2025,D,82,0.048
8473415,2025,,0,0
8481609,2025,D,13,0.101
8473419,2025,L,52,2.632
8481611,2025,G,9,0
8473422,2025,L,65,0.283
8481617,2025,R,88,1.239
8481618,2025,C,61,0.869
8481624,2025,R,77,0.949
8481626,2025,,0,0
8473446,2025,,0,0
8481641,2025,L,56,0.029
8473449,2025,,0,0
8473453,2025,,0,0
8481649,2025,,0,0
8481655,2025,R,29,0.164
8481656,2025,L,76,1.974
8473463,2025,,0,0
8481657,2025,,0,0
8473473,2025,,0,0
8481668,2025,G,42,0
8481679,2025,,0,0
8481683,2025,,0,0
8481690,2025,,0,0
8481692,2025,G,57,0
8473503,2025,G,14,0
8473504,2025,,0,0
8473507,2025,D,70,0.042
8481699,2025,,0,0
8481701,2025,,0,0
8481703,2025,,0,0
8473512,2025,R,86,1.399
8481704,2025,C,20,0.004
8481708,2025,,0,0
8481711,2025,L,71,1.262
8481712,2025,R,4,-0.032
8481715,2025,D,1,-0.008
8481716,2025,L,63,1.217
8481719,2025,D,37,0.256
8481720,2025,,0,0
8481721,2025,R,66,0.922
8481725,2025,L,64,0.167
8481726,2025,C,35,0.058
8473533,2025,C,94,1.472
8481732,2025,L,7,0.031
8473544,2025,,0,0
8481737,2025,,0,0
8473548,2025,,0,0
8481740,2025,,0,0
8481743,2025,,0,0
8481751,2025,,0,0
8481754,2025,C,29,0.138
8473563,2025,,0,0
8481789,2025,L,64,0.394
8473604,2025,C,82,0.2
8481806,2025,D,78,0.789
8473618,2025,,0,0
8481812,2025,,0,0
8481815,2025,,0,0
8481827,2025,,0,0
8481848,2025,C,4,-0.039
8481849,2025,,0,0
8482055,2025,L,82,0.774
8482061,2025,,0,0
8482062,2025,R,85,-0.097
8482067,2025,D,3,-0.036
8482070,2025,R,11,-0.03
8482072,2025,D,14,0.055
8482073,2025,D,82,0.216
8482074,2025,C,74,0.622
8482076,2025,G,3,0
8482077,2025,L,59,2.086
8482078,2025,L,80,3.256
8482079,2025,C,50,1.115
8482081,2025,,0,0
8482087,2025,D,58,0.537
8482088,2025,C,78,1.129
8482089,2025,L,69,1.14
8482090,2025,C,44,-0.183
8482092,2025,C,81,1.154
8482093,2025,R,90,3.458
8482094,2025,D,37,0.192
8482095,2025,D,72,0.45
8482097,2025,R,95,2.377
8482100,2025,D,98,1.136
8482101,2025,,0,0
8482102,2025,,0,0
8482103,2025,C,40,-0.13
8482105,2025,D,70,2.523
8482107,2025,D,18,0.156
8482109,2025,L,82,2.167
8482110,2025,C,82,1.362
8482111,2025,D,52,0.166
8482113,2025,C,64,1.817
8482116,2025,C,84,3.701
8482117,2025,L,30,0.035
8482118,2025,R,9,-0.057
8482122,2025,D,91,2.165
8482123,2025,G,3,0
8482124,2025,R,83,1.934
8482125,2025,R,28,0.218
8482126,2025,D,65,0.398
8482131,2025,D,42,0.097
8482132,2025,L,13,-0.138
8482133,2025,,0,0
8482137,2025,G,47,0
8482141,2025,,0,0
8482142,2025,D,88,1.091
8482144,2025,,0,0
8482145,2025,C,88,1.375
8482146,2025,R,81,2.058
8482147,2025,,0,0
8482148,2025,C,74,0.393
8482149,2025,C,68,1.084
8482150,2025,,0,0
8482153,2025,C,3,0.037
8482155,2025,R,86,1.642
8482157,2025,L,82,1.003
8482159,2025,R,39,0.49
8482162,2025,L,3,-0.019
8482165,2025,D,57,0.048
8482166,2025,D,50,0.224
8482167,2025,R,2,-0.026
8482168,2025,D,2,0.031
8482169,2025,,0,0
8482172,2025,L,53,-0.041
8482174,2025,D,3,-0.026
8482175,2025,R,88,1.399
8482176,2025,D,77,0.244
8482177,2025,C,83,0.891
8473986,2025,L,94,1.0
8482178,2025,D,77,0.18
8482179,2025,,0,0
8482181,2025,,0,0
8473994,2025,L,66,1.163
8482187,2025,D,1,-0.01
8482192,2025,D,3,-0.015
8482193,2025,G,3,0
8482197,2025,,0,0
8482201,2025,C,81,1.17
8474009,2025,,0,0
8474013,2025,D,88,0.582
8482206,2025,R,7,-0.053
8482207,2025,,0,0
8482209,2025,C,4,-0.083
8474027,2025,,0,0
8482222,2025,,0,0
8474031,2025,,0,0
8474034,2025,,0,0
8474037,2025,L,72,1.362
8474038,2025,,0,0
8474040,2025,,0,0
8482241,2025,,0,0
8482243,2025,,0,0
8482245,2025,D,82,0.688
8474053,2025,,0,0
8474056,2025,,0,0
8482250,2025,,0,0
8474062,2025,,0,0
8474066,2025,,0,0
8482259,2025,C,78,1.687
8474068,2025,,0,0
8474089,2025,,0,0
8474090,2025,D,15,0.021
8474098,2025,,0,0
8474102,2025,L,65,0.83
8474141,2025,R,67,2.36
8474145,2025,,0,0
8474149,2025,L,24,-0.165
8474150,2025,C,82,1.888
8474151,2025,D,55,0.672
8474157,2025,,0,0
8474161,2025,,0,0
8474162,2025,,0,0
8474166,2025,,0,0
8474176,2025,,0,0
8474189,2025,C,72,0.271
8474190,2025,,0,0
8474207,2025,,0,0
8482399,2025,,0,0
8482408,2025,L,62,0.037
8474218,2025,,0,0
8482411,2025,G,1,0
8482445,2025,G,31,0
8482447,2025,G,20,0
8482448,2025,,0,0
8482451,2025,L,5,0.022
8482452,2025,,0,0
8482460,2025,C,26,-0.165
8482470,2025,D,33,0.256
8482475,2025,R,78,1.668
8482476,2025,L,82,1.006
8482479,2025,C,1,-0.007
8482482,2025,D,58,0.414
8474291,2025,,0,0
8482487,2025,G,62,0
8482496,2025,C,2,-0.018
8482507,2025,,0,0
8482511,2025,D,76,0.768
8482515,2025,G,3,0
8482516,2025,D,29,-0.026
8466138,2025,,0,0
8482525,2025,C,2,-0.029
8482623,2025,C,36,-0.095
8482624,2025,D,1,-0.011
8482634,2025,C,45,0.382
8482635,2025,,0,0
8482641,2025,D,6,-0.005
8482652,2025,R,3,-0.031
8482654,2025,,0,0
8482655,2025,D,86,0.943
8482659,2025,R,95,2.586
8482660,2025,C,76,0.764
8482661,2025,G,45,0
8482663,2025,L,1,-0.006
8482665,2025,C,82,1.729
8482666,2025,D,29,0.072
8482667,2025,L,78,2.009
8482671,2025,D,94,0.979
8482673,2025,R,2,-0.005
8482679,2025,R,80,1.63
8482684,2025,D,68,1.344
8482691,2025,C,66,0.132
8482698,2025,C,1,-0.005
8482699,2025,R,85,3.415
8482700,2025,,0,0
8482702,2025,C,100,1.837
8482703,2025,C,66,-0.024
8482705,2025,C,81,0.799
8482711,2025,,0,0
8482712,2025,,0,0
8482713,2025,R,77,1.065
8482715,2025,D,18,0.39
8482720,2025,L,79,2.701
8482726,2025,C,57,0.028
8482730,2025,D,86,1.727
8482731,2025,D,15,-0.012
8482733,2025,D,67,0.232
8482737,2025,R,97,0.846
8482740,2025,C,88,4.474
8482742,2025,L,25,0.056
8482744,2025,,0,0
8482745,2025,C,85,1.586
8482747,2025,L,19,0.027
8482749,2025,R,3,-0.042
8482751,2025,C,68,0.391
8474563,2025,D,76,0.348
8474564,2025,C,82,2.557
8474565,2025,,0,0
8482758,2025,R,39,-0.023
8474567,2025,D,50,-0.016
8474568,2025,D,52,0.016
8482761,2025,G,8,0
8482762,2025,D,72,0.807
8482763,2025,,0,0
8482765,2025,R,37,0.177
8474574,2025,D,78,-0.035
8482766,2025,L,3,0
8482768,2025,C,70,0.284
8474573,2025,,0,0
8474578,2025,D,81,2.9
8482775,2025,C,89,1.29
8474584,2025,,0,0
8474586,2025,R,80,2.101
8482781,2025,D,1,-0.001
8474590,2025,D,83,2.926
8482783,2025,G,4,0
8474589,2025,,0,0
8474593,2025,G,44,0
8482785,2025,C,2,0.044
8482787,2025,R,11,-0.104
8474596,2025,G,37,0
8482784,2025,,0,0
8474600,2025,D,68,2.446
8474602,2025,,0,0
8482802,2025,L,8,-0.081
8482803,2025,D,79,0.823
8474612,2025,D,26,0.011
8482804,2025,D,3,-0.028
8474610,2025,,0,0
8482807,2025,D,19,-0.042
8474613,2025,,0,0
8482809,2025,R,100,2.71
8474618,2025,,0,0
8482815,2025,,0,0
8474628,2025,,0,0
8482821,2025,G,26,0
8482824,2025,,0,0
8482829,2025,,0,0
8474641,2025,C,66,0.45
8482834,2025,,0,0
8482858,2025,D,67,0.227
8482859,2025,C,59,-0.036
8482861,2025,D,27,-0.059
8474673,2025,,0,0
8482866,2025,,0,0
8474679,2025,R,51,0.143
8482873,2025,D,2,-0.014
8482874,2025,R,36,-0.084
8474683,2025,,0,0
8482877,2025,R,28,0.168
8474688,2025,,0,0
8474697,2025,,0,0
8482896,2025,C,52,-0.15
8474709,2025,,0,0
8474715,2025,,0,0
8474716,2025,D,90,0.518
8482911,2025,D,38,0.235
8474722,2025,,0,0
8482929,2025,D,57,0.222
8482941,2025,L,1,-0.01
8482947,2025,C,60,0.17
8482949,2025,G,1,0
8482953,2025,L,12,-0.1
8482964,2025,D,78,-0.147
8482982,2025,G,55,0
8482993,2025,R,16,0.152
8474818,2025,,0,0
8483012,2025,,0,0
8483039,2025,C,4,0.02
8474849,2025,,0,0
8483045,2025,,0,0
8474870,2025,,0,0
8474884,2025,,0,0
8483114,2025,G,3,0
8475098,2025,,0,0
8475149,2025,L,86,1.688
8475151,2025,C,25,0.978
8475158,2025,C,81,2.865
8475160,2025,,0,0
8475163,2025,,0,0
8475164,2025,,0,0
8475166,2025,C,82,2.443
8475167,2025,D,33,0.685
8475168,2025,C,63,2.068
8475169,2025,L,71,0.7
8475170,2025,C,80,0.721
8475171,2025,D,78,1.409
8475172,2025,C,90,2.013
8475176,2025,,0,0
8475177,2025,,0,0
8475178,2025,,0,0
8475179,2025,D,19,-0.209
8475181,2025,D,32,0.051
8475184,2025,L,87,2.038
8475186,2025,,0,0
8475188,2025,D,84,0.168
8475191,2025,R,76,0.695
8475193,2025,,0,0
8475197,2025,,0,0
8475200,2025,D,82,1.08
8483395,2025,L,28,0.013
8483397,2025,C,7,-0.077
8483398,2025,D,44,-0.091
8475208,2025,D,86,0.131
8475209,2025,,0,0
8483401,2025,,0,0
8483406,2025,R,37,0
8483407,2025,,0,0
8475218,2025,D,88,1.731
8475220,2025,L,67,-0.077
8475225,2025,,0,0
8475227,2025,,0,0
8475231,2025,C,81,0.388
8483424,2025,C,15,-0.042
8483425,2025,D,56,0
8475233,2025,,0,0
8475235,2025,L,32,-0.243
8475236,2025,,0,0
8483429,2025,D,2,-0.012
8483431,2025,C,60,1.428
8483432,2025,C,14,-0.064
8483433,2025,R,6,-0.05
8483435,2025,D,2,-0.008
8475246,2025,,0,0
8483444,2025,C,3,-0.011
8483445,2025,L,88,3.495
8475253,2025,L,3,-0.029
8483447,2025,C,16,-0.039
8483448,2025,D,4,0.028
8483450,2025,C,81,0.913
8483452,2025,C,9,0.025
8483455,2025,L,29,0.055
8483457,2025,D,101,4.006
8483460,2025,D,26,-0.206
8483461,2025,,0,0
8483463,2025,C,5,-0.042
8483464,2025,C,81,0.181
8483465,2025,R,16,-0.005
8483466,2025,D,13,-0.006
8483467,2025,D,3,0.087
8483468,2025,C,12,0.143
8475278,2025,,0,0
8475279,2025,D,82,0.032
8483471,2025,C,25,0.09
8483472,2025,D,5,0.017
8483476,2025,R,13,-0.018
8475287,2025,L,81,0.948
8483481,2025,,0,0
8483482,2025,D,1,0.064
8483485,2025,D,75,1.064
8483487,2025,R,24,0.176
8483489,2025,C,88,0.791
8483490,2025,D,85,0.68
8483491,2025,L,13,0.063
8483493,2025,C,66,1.274
8483495,2025,D,68,0.889
8483497,2025,R,28,0.179
8483499,2025,L,69,0.343
8483500,2025,C,63,0.738
8483503,2025,D,4,-0.037
8475311,2025,G,50,0
8483505,2025,C,3,0.058
8483506,2025,D,54,0.258
8475314,2025,L,82,1.917
8483510,2025,D,32,0
8483512,2025,C,88,1.274
8483513,2025,L,47,0.025
8483515,2025,L,101,3.178
8475324,2025,D,61,0.425
8483516,2025,R,70,2.149
8483524,2025,C,74,0.534
8483525,2025,R,82,0.774
8483526,2025,C,6,0.006
8483531,2025,L,15,-0.021
8483532,2025,G,4,0
8475343,2025,C,97,0.721
8483538,2025,,0,0
8483546,2025,D,1,-0.004
8483548,2025,G,43,0
8483549,2025,,0,0
8483553,2025,C,49,-0.013
8483565,2025,D,66,1.024
8483567,2025,C,1,-0.016
8483570,2025,C,52,0.518
8483573,2025,R,62,1.011
8483597,2025,,0,0
8475413,2025,C,2,-0.016
8483609,2025,R,79,0
8483619,2025,,0,0
8483620,2025,,0,0
8483630,2025,L,24,0.455
8483641,2025,,0,0
8475455,2025,D,82,0.017
8475461,2025,L,2,-0.02
8475462,2025,D,57,0.299
8483668,2025,G,3,0
8483669,2025,L,11,0.142
8483675,2025,C,2,-0.016
8483676,2025,C,30,0.432
8483678,2025,D,70,0.089
8483686,2025,D,15,-0.049
8483687,2025,D,4,0.135
8483690,2025,C,74,0.476
8483696,2025,R,1,0.044
8483699,2025,D,1,0.053
8483703,2025,G,5,0
8483709,2025,D,4,-0.038
8483710,2025,G,20,0
8483712,2025,D,4,0.013
8483728,2025,C,10,-0.015
8483731,2025,L,23,0.315
8483733,2025,R,55,0.102
8483746,2025,G,1,0
8483752,2025,C,50,0.469
8483756,2025,R,27,-0.01
8483760,2025,D,1,0.048
8483763,2025,,0,0
8483766,2025,D,2,-0.013
8483768,2025,D,24,0.031
8483771,2025,L,19,0.092
8483808,2025,L,53,0.684
8475625,2025,,0,0
8483841,2025,C,5,-0.065
8475660,2025,G,34,0
8475683,2025,G,52,0
8475690,2025,D,11,0.033
8475692,2025,R,67,2.308
8483890,2025,R,55,0.967
8475714,2025,C,56,-0.176
8475717,2025,G,16,0
8475718,2025,D,9,0.027
8475722,2025,L,75,1.839
8475726,2025,C,79,2.152
8475728,2025,,0,0
8483920,2025,,0,0
8475735,2025,,0,0
8483930,2025,C,9,-0.016
8475744,2025,,0,0
8475745,2025,C,82,2.902
8475747,2025,,0,0
8475750,2025,,0,0
8475752,2025,C,32,-0.071
8475753,2025,D,78,1.574
8475754,2025,C,94,2.857
8475755,2025,D,55,0.139
8475760,2025,C,61,0.007
8475762,2025,D,2,-0.005
8475763,2025,R,28,0.215
8475764,2025,D,82,0.708
8475765,2025,R,86,1.779
8475766,2025,,0,0
8475768,2025,L,50,0.733
8475772,2025,,0,0
8475780,2025,,0,0
8475784,2025,L,32,0.429
8475786,2025,L,64,2.512
8475790,2025,D,37,-0.106
8475791,2025,L,99,2.328
8475792,2025,,0,0
8475793,2025,,0,0
8475794,2025,C,27,0.449
8475795,2025,D,13,-0.039
8475796,2025,,0,0
8475797,2025,,0,0
8475798,2025,C,70,1.519
8475799,2025,R,61,0.464
8475809,2025,G,56,0
8475810,2025,R,78,2.724
8475820,2025,,0,0
8475825,2025,,0,0
8475831,2025,G,32,0
8475842,2025,C,74,0.361
8475848,2025,R,80,0.668
8475852,2025,G,10,0
8475855,2025,,0,0
8475857,2025,D,1,-0.009
8475883,2025,G,51,0
8475906,2025,D,56,0.91
8475913,2025,R,77,3.575
8484125,2025,,0,0
8484135,2025,C,15,-0.079
8484136,2025,C,66,0.369
8484142,2025,C,53,0.396
8484144,2025,C,69,3.311
8484145,2025,L,78,2.04
8484148,2025,D,2,0.088
8484149,2025,C,56,0.31
8484150,2025,D,34,0.133
8475958,2025,,0,0
8484152,2025,D,3,-0.018
8484153,2025,C,82,3.482
8484158,2025,R,66,0.646
8484160,2025,C,28,0.124
8475968,2025,,0,0
8484164,2025,R,71,0.02
8484166,2025,C,82,2.243
8484168,2025,C,13,-0.038
8484169,2025,D,9,0.027
8484170,2025,G,18,0
8484177,2025,R,33,0.135
8484180,2025,L,18,0.049
8484185,2025,L,41,0.583
8484186,2025,R,75,1.728
8484188,2025,D,17,0.111
8484197,2025,C,51,0.45
8484203,2025,L,12,0.035
8484210,2025,R,49,0.842
8484214,2025,C,3,-0.042
8484220,2025,D,2,0.046
8484221,2025,C,65,0.975
8484223,2025,D,68,0.511
8484227,2025,C,69,2.436
8484230,2025,C,32,0.139
8484234,2025,L,6,0
8484240,2025,D,70,0.544
8484241,2025,R,71,0.95
8484242,2025,C,3,-0.02
8484254,2025,,0,0
8484255,2025,R,4,-0.045
8484256,2025,,0,0
8484258,2025,D,93,1.571
8484259,2025,,0,0
8484262,2025,D,9,0.012
8484268,2025,G,21,0
8484287,2025,D,3,-0.014
8484304,2025,D,54,0.491
8484305,2025,D,45,0.193
8484314,2025,,0,0
8484321,2025,D,54,-0.132
8484325,2025,,0,0
8484326,2025,,0,0
8476166,2025,,0,0
8484380,2025,C,3,0.046
8484386,2025,D,28,-0.172
8484387,2025,R,89,2.035
8484388,2025,L,29,0.17
8484392,2025,R,1,0.034
8484403,2025,L,5,0.002
8484406,2025,C,6,-0.013
8484428,2025,D,12,0.072
8476278,2025,C,76,0.191
8484471,2025,C,82,0.848
8476285,2025,,0,0
8476288,2025,,0,0
8476292,2025,L,80,-0.014
8476310,2025,,0,0
8476312,2025,D,88,1.276
8476316,2025,G,1,0
8484509,2025,C,29,-0.015
8476323,2025,,0,0
8476326,2025,,0,0
8476329,2025,,0,0
8476331,2025,D,82,0.057
8484529,2025,C,5,0.024
8476341,2025,G,40,0
8476345,2025,,0,0
8476346,2025,,0,0
8476368,2025,,0,0
8476372,2025,D,90,0.007
8476374,2025,C,88,0.671
8476389,2025,C,67,1.798
8476390,2025,,0,0
8476391,2025,C,1,-0.002
8476392,2025,C,70,0.402
8476393,2025,C,85,0.417
8476396,2025,,0,0
8476399,2025,L,69,1.24
8476400,2025,,0,0
8476404,2025,,0,0
8476410,2025,,0,0
8476412,2025,G,41,0
8476415,2025,,0,0
8476419,2025,C,74,1.029
8476422,2025,D,44,0.294
8476425,2025,C,1,-0.001
8476428,2025,,0,0
8476429,2025,D,80,0.158
8476432,2025,C,67,1.341
8476434,2025,G,57,0
8476436,2025,,0,0
8476437,2025,,0,0
8476438,2025,L,54,0.142
8476439,2025,,0,0
8476441,2025,D,86,0.523
8476442,2025,,0,0
8476448,2025,C,29,0.207
8476449,2025,,0,0
8476453,2025,R,83,6.107
8476454,2025,C,78,2.124
8476455,2025,L,73,1.125
8476456,2025,L,50,0.795
8476457,2025,D,82,0.431
8476458,2025,C,52,0.452
8476459,2025,C,81,3.227
8476460,2025,C,82,4.153
8476461,2025,C,88,1.278
8476462,2025,D,77,1.554
8476463,2025,D,67,0.429
8476466,2025,,0,0
8476467,2025,D,78,0.172
8476468,2025,C,68,1.858
8476469,2025,R,70,0.538
8476470,2025,,0,0
8476473,2025,D,86,0.411
8476474,2025,R,38,0.141
8476479,2025,C,94,0.404
8476480,2025,C,60,0.164
8476483,2025,R,66,2.447
8476495,2025,,0,0
8476505,2025,,0,0
8476525,2025,D,18,0.037
8476539,2025,R,62,1.203
8476545,2025,,0,0
8484759,2025,D,5,0.167
8484762,2025,R,94,2.661
8484768,2025,D,37,0.286
8484779,2025,C,5,-0.051
8484783,2025,D,68,0.618
8484793,2025,C,7,0.023
8484794,2025,R,14,-0.082
8484797,2025,C,13,0.126
8484798,2025,D,76,0.642
8484800,2025,C,66,0.249
8484801,2025,C,82,5.293
8484806,2025,D,72,0.192
8476624,2025,C,82,-0.049
8484821,2025,C,3,-0.015
8484829,2025,C,87,0.721
8484839,2025,D,9,0.019
8484860,2025,R,37,0.684
8484873,2025,D,14,0.477
8484901,2025,C,23,-0.111
8484910,2025,G,1,0
8484911,2025,R,81,1.683
8484929,2025,,0,0
8484933,2025,D,4,0.05
8484938,2025,R,24,0.115
8484958,2025,R,49,-0.21
8476779,2025,,0,0
8484976,2025,,0,0
8484984,2025,R,101,2.48
8476792,2025,,0,0
8484994,2025,L,28,0.779
8484999,2025,L,4,0.181
8476807,2025,,0,0
8476822,2025,C,80,0.071
8476826,2025,C,89,0.576
8476850,2025,,0,0
8476851,2025,,0,0
8476853,2025,D,78,1.271
8476854,2025,D,73,0.736
8476856,2025,D,11,0.051
8476858,2025,,0,0
8476867,2025,C,25,0.071
8476869,2025,D,82,0.47
8476870,2025,,0,0
8476871,2025,L,56,0.239
8476872,2025,C,68,0.514
8476873,2025,L,87,0.792
8476874,2025,D,43,0.458
8476875,2025,D,97,1.173
8476878,2025,C,81,0.21
8476879,2025,D,86,-0.222
8476880,2025,R,72,2.78
8476881,2025,C,104,2.231
8476882,2025,C,75,0.622
8476883,2025,G,65,0
8476884,2025,,0,0
8476885,2025,D,93,1.098
8476886,2025,,0,0
8476887,2025,L,82,3.149
8476889,2025,C,64,0.615
8476891,2025,D,69,0.047
8476892,2025,D,77,0.242
8476897,2025,C,52,0.451
8476899,2025,G,5,0
8476902,2025,D,88,0.894
8476905,2025,C,80,1.005
8476906,2025,D,74,2.268
8476907,2025,L,8,0.126
8476913,2025,,0,0
8476914,2025,G,32,0
8476915,2025,,0,0
8485105,2025,,0,0
8476917,2025,D,82,0.175
8476918,2025,,0,0
8476919,2025,,0,0
8476921,2025,L,96,0.436
8476923,2025,D,71,1.09
8476924,2025,,0,0
8476925,2025,C,88,0.219
8476927,2025,C,35,0.418
8476931,2025,D,80,0.537
8476932,2025,G,26,0
8476934,2025,,0,0
8476941,2025,,0,0
8476945,2025,G,57,0
8476948,2025,,0,0
8476952,2025,C,8,-0.035
8476958,2025,D,58,-0.128
8476960,2025,,0,0
8476966,2025,,0,0
8476967,2025,D,96,-0.175
8476975,2025,,0,0
8476979,2025,D,2,-0.023
8476981,2025,R,91,0.339
8476982,2025,,0,0
8476983,2025,,0,0
8476988,2025,D,1,-0.007
8476989,2025,,0,0
8476994,2025,C,65,0.427
8476999,2025,G,53,0
8477003,2025,,0,0
8477015,2025,R,75,1.467
8477018,2025,D,62,0.537
8477021,2025,C,40,0.266
8477034,2025,D,4,-0.029
8485251,2025,C,3,-0.025
8477070,2025,C,41,-0.095
8477073,2025,L,19,-0.066
8477126,2025,,0,0
8477149,2025,R,28,0
8485366,2025,D,82,2.738
8485385,2025,C,3,-0.034
8485388,2025,R,1,0.032
8485391,2025,C,12,0.325
8485395,2025,C,5,-0.02
8477205,2025,,0,0
8485402,2025,C,45,0.771
8477210,2025,,0,0
8485405,2025,C,3,0.025
8485406,2025,R,19,0.527
8477215,2025,,0,0
8477220,2025,D,88,0.496
8485414,2025,C,83,1.224
8477240,2025,,0,0
8477244,2025,,0,0
8485467,2025,C,4,-0.002
8485469,2025,,0,0
8477290,2025,,0,0
8485483,2025,,0,0
8485493,2025,R,22,0.133
8485511,2025,R,4,0.024
8485512,2025,C,51,-0.099
8477320,2025,L,4,0.023
8477330,2025,,0,0
8477335,2025,,0,0
8477341,2025,,0,0
8477343,2025,,0,0
8477346,2025,D,85,0.939
8477353,2025,,0,0
8477355,2025,,0,0
8477357,2025,,0,0
8477359,2025,,0,0
8477365,2025,D,53,-0.117
8477369,2025,D,76,0.114
8477380,2025,C,55,0.271
8477384,2025,,0,0
8477392,2025,,0,0
8477401,2025,C,3,-0.034
8477402,2025,L,81,1.691
8477404,2025,C,88,4.199
8477405,2025,G,1,0
8477406,2025,C,43,-0.147
8477407,2025,L,62,0.758
8477409,2025,C,77,2.151
8477416,2025,R,84,1.022
8477419,2025,L,5,-0.038
8477424,2025,G,59,0
8477425,2025,L,54,0.32
8477426,2025,L,57,0.203
8477429,2025,C,79,1.569
8477433,2025,,0,0
8477435,2025,D,22,-0.072
8477444,2025,L,75,0.767
8477446,2025,C,90,0.665
8477447,2025,D,92,1.76
8477450,2025,C,68,0.443
8477451,2025,R,87,1.475
8477454,2025,L,46,0.082
8477456,2025,L,82,0.619
8477460,2025,,0,0
8477461,2025,,0,0
8477462,2025,,0,0
8477463,2025,D,12,-0.011
8477464,2025,,0,0
8477465,2025,G,34,0
8477467,2025,,0,0
8477471,2025,,0,0
8477472,2025,,0,0
8477473,2025,,0,0
8477474,2025,,0,0
8477476,2025,L,81,2.17
8477478,2025,L,89,0.234
8477479,2025,L,79,2.377
8477480,2025,G,25,0
8477482,2025,,0,0
8477484,2025,G,6,0
8477488,2025,D,37,0.157
8477492,2025,C,93,6.669
8477493,2025,,0,0
8477494,2025,L,64,0.295
8477495,2025,D,52,1.268
8477496,2025,C,75,1.305
8477497,2025,C,78,1.224
8477498,2025,D,88,0.521
8477499,2025,D,54,0.544
8477500,2025,C,68,2.217
8477501,2025,R,84,2.202
8477503,2025,C,80,0.72
8477504,2025,D,77,2.077
8477505,2025,C,80,1.651
8477506,2025,D,76,0.742
8477507,2025,D,87,0.416
8477508,2025,C,50,0.077
8485702,2025,R,44,0.478
8477511,2025,R,87,2.561
8477512,2025,,0,0
8477520,2025,,0,0
8477527,2025,L,67,-0.112
8477541,2025,D,11,-0.023
8477573,2025,L,46,-0.094
8477631,2025,,0,0
8469455,2025,,0,0
8477810,2025,D,68,-0.113
8477831,2025,G,1,0
8477839,2025,L,62,0.291
8477845,2025,D,68,0.241
8477846,2025,,0,0
8477851,2025,D,1,-0.006
8486056,2025,C,6,0.037
8477887,2025,,0,0
8477903,2025,R,74,-0.628
8477919,2025,C,68,0.645
8477930,2025,,0,0
8477931,2025,L,21,-0.017
8477932,2025,D,72,0.621
8477933,2025,C,64,2.844
8477934,2025,C,71,4.251
8477935,2025,C,76,2.188
8477936,2025,,0,0
8477938,2025,D,38,0
8477939,2025,R,65,3.58
8477940,2025,L,100,2.833
8477941,2025,,0,0
8477942,2025,L,56,1.615
8477943,2025,,0,0
8477944,2025,,0,0
8477946,2025,C,74,2.94
8477947,2025,L,31,0.35
8477948,2025,D,91,1.267
8477949,2025,R,92,2.479
8477950,2025,D,76,1.197
8477951,2025,C,88,3.202
8477952,2025,C,21,0.084
8477953,2025,R,47,0.591
8477955,2025,L,52,1.621
8477956,2025,R,83,4.562
8477960,2025,R,85,3.25
8477962,2025,,0,0
8477964,2025,L,104,2.418
8477967,2025,G,20,0
8477968,2025,G,40,0
8477969,2025,D,82,0.037
8477970,2025,G,22,0
8477971,2025,D,3,-0.015
8486166,2025,D,2,-0.028
8477974,2025,,0,0
8486169,2025,D,1,-0.023
8477979,2025,R,6,0.024
8477981,2025,,0,0
8477986,2025,D,64,1.235
8477987,2025,C,82,0.636
8477989,2025,C,90,1.519
8477990,2025,G,2,0
8477992,2025,G,25,0
8477993,2025,C,20,-0.014
8477996,2025,C,24,-0.117
8477998,2025,L,72,0.147
8478007,2025,G,30,0
8478009,2025,G,55,0
8478010,2025,C,70,2.006
8478011,2025,,0,0
8478013,2025,D,59,0.822
8478017,2025,,0,0
8478020,2025,R,85,0.649
8478021,2025,,0,0
8478024,2025,G,22,0
8478028,2025,,0,0
8478029,2025,,0,0
8478038,2025,D,81,1.083
8478040,2025,,0,0
8478042,2025,L,73,2.641
8478043,2025,C,29,-0.223
8478046,2025,L,46,0.248
8478047,2025,L,1,2.285
8478048,2025,G,51,0
8478051,2025,,0,0
8478055,2025,D,80,0.49
8478056,2025,,0,0
8478057,2025,C,55,0.383
8478058,2025,,0,0
8478062,2025,D,3,0.049
8478067,2025,,0,0
8478074,2025,,0,0
8478075,2025,,0,0
8478078,2025,,0,0
8478099,2025,,0,0
8478104,2025,L,21,0.297
8478106,2025,,0,0
8478109,2025,L,78,1.073
8478115,2025,,0,0
8478131,2025,,0,0
8478133,2025,C,87,1.329
8478136,2025,D,86,0.247
8478146,2025,,0,0
8478147,2025,L,2,-0.014
8478173,2025,R,10,-0.087
8478178,2025,D,80,3.217
8478211,2025,L,3,-0.002
8478224,2025,,0,0
8478233,2025,L,62,0.191
8478250,2025,,0,0
8478366,2025,R,50,0.091
8478367,2025,,0,0
8478373,2025,,0,0
8478396,2025,D,93,0.803
8478397,2025,D,103,1.817
8478398,2025,L,82,4.123
8478399,2025,D,82,0.087
8478400,2025,,0,0
8478401,2025,C,84,2.53
8478402,2025,C,88,7.245
8478403,2025,C,96,4.204
8478406,2025,G,43,0
8478407,2025,D,81,1.686
8478408,2025,,0,0
8478409,2025,C,1,-0.009
8478413,2025,L,53,-0.239
8478414,2025,R,77,1.869
8478415,2025,,0,0
8478416,2025,D,68,0.108
8478420,2025,R,70,3.463
8478421,2025,L,78,0.982
8478424,2025,C,47,0.114
8478425,2025,,0,0
8478427,2025,C,98,2.963
8478430,2025,,0,0
8478431,2025,,0,0
8478432,2025,,0,0
8478434,2025,R,103,-0.429
8478435,2025,G,62,0
8478438,2025,C,88,1.431
8478439,2025,R,87,2.859
8478440,2025,C,80,1.458
8478442,2025,,0,0
8478443,2025,D,55,-0.125
8478444,2025,R,75,1.717
8478445,2025,C,81,2.78
8478446,2025,,0,0
8478447,2025,,0,0
8478449,2025,C,53,1.884
8478450,2025,D,86,0.798
8478451,2025,,0,0
8478452,2025,D,7,-0.006
8478454,2025,D,57,0.301
8478455,2025,,0,0
8478458,2025,C,75,1.11
8478460,2025,D,75,3.84
8478462,2025,C,87,0.721
8478463,2025,R,82,0.798
8478465,2025,,0,0
8478466,2025,,0,0
8478467,2025,,0,0
8478468,2025,D,80,0.17
8478469,2025,D,61,0.97
8478470,2025,G,25,0
8478472,2025,R,53,0.091
8470281,2025,,0,0
8478474,2025,L,87,1.576
8478476,2025,D,33,0.069
8478477,2025,,0,0
8478480,2025,,0,0
8478483,2025,R,103,3.659
8478485,2025,,0,0
8478486,2025,,0,0
8478491,2025,,0,0
8478493,2025,C,76,2.014
8478495,2025,,0,0
8478498,2025,L,81,2.214
8478499,2025,G,27,0
8478500,2025,D,82,0.718
8478502,2025,D,11,-0.002
8478506,2025,,0,0
8478507,2025,D,86,1.124
8478508,2025,C,91,0.202
8478512,2025,,0,0
8478519,2025,C,78,2.543
8478528,2025,,0,0
8478542,2025,C,69,0.966
8478550,2025,L,82,3.455
8478567,2025,,0,0
8478569,2025,C,73,1.254
8478585,2025,,0,0
8446485,2010,C,55,0.384
8449645,2010,C,42,0.593
8450725,2010,R,106,2.167
8455710,2010,G,56,0.0
8455919,2010,C,18,0.076
8456283,2010,D,47,0.119
8457063,2010,D,93,3.034
8457981,2010,R,79,4.286
8458361,2010,C,18,0.169
8458520,2010,C,2,-0.033
8458525,2010,R,65,1.058
8458529,2010,R,81,1.353
8458537,2010,L,79,2.444
8458541,2010,D,39,0.423
8458543,2010,D,36,0.29
8458568,2010,G,11,0.0
8458590,2010,R,85,1.824
8458637,2010,D,92,0.518
8458938,2010,D,86,1.391
8458943,2010,L,65,1.262
8458951,2010,D,67,0.854
8459004,2010,D,37,0.075
8459053,2010,D,79,0.529
8459140,2010,G,47,0.0
8459424,2010,D,53,1.074
8459427,2010,C,78,0.525
8459429,2010,C,82,0.904
8459442,2010,C,81,1.952
8459444,2010,R,92,1.788
8459457,2010,R,70,0.907
8459461,2010,C,66,1.875
8459462,2010,D,72,1.262
8459492,2010,L,34,0.759
8459514,2010,R,90,0.014
8459579,2010,G,7,0.0
8459587,2010,C,85,-0.409
8459596,2010,L,82,1.749
8459628,2010,D,82,-0.112
8459640,2010,R,80,0.108
8459670,2010,D,93,1.912
8459687,2010,C,71,0.039
8460492,2010,D,54,0.611
8460496,2010,L,88,1.906
8460502,2010,R,15,-0.088
8460503,2010,D,90,-0.237
8460504,2010,L,37,-0.053
8460527,2010,C,40,0.056
8460533,2010,C,8,0.016
8460535,2010,G,32,0.0
8460542,2010,C,81,2.704
8460555,2010,D,43,-0.153
8460556,2010,L,40,0.211
8460562,2010,C,29,0.183
8460567,2010,R,53,0.223
8460577,2010,R,71,2.619
8460580,2010,D,5,-0.004
8460612,2010,G,29,0.0
8460621,2010,R,54,0.924
8460661,2010,D,6,-0.028
8460703,2010,G,82,0.0
8460704,2010,G,34,0.0
8460712,2010,G,57,0.0
8460719,2010,L,53,0.953
8460720,2010,L,69,0.005
8460743,2010,L,84,1.837
8460806,2010,G,71,0.0
8462036,2010,C,4,0.013
8462038,2010,R,76,2.63
8462041,2010,R,66,0.458
8462042,2010,R,82,3.517
8462044,2010,G,33,0.0
8462047,2010,G,17,0.0
8462052,2010,G,43,0.0
8462077,2010,C,68,1.374
8462093,2010,L,16,0.002
8462118,2010,C,25,0.102
8462129,2010,C,88,1.018
8462147,2010,G,71,0.0
8462152,2010,G,33,0.0
8462161,2010,G,24,0.0
8462176,2010,D,78,0.204
8462196,2010,D,81,1.052
8462225,2010,D,64,0.471
8462535,2010,L,60,-0.193
8464956,2010,D,82,0.016
8464957,2010,R,73,0.519
8464962,2010,D,86,0.1
8464966,2010,D,77,0.35
8464967,2010,C,82,1.289
8464975,2010,C,88,3.988
8464977,2010,C,79,0.524
8464979,2010,L,44,0.587
8464981,2010,D,76,0.569
8464984,2010,C,12,-0.126
8464989,2010,C,78,1.061
8464994,2010,L,2,-0.023
8464999,2010,G,36,0.0
8465005,2010,D,69,-0.06
8465009,2010,D,105,2.404
8465012,2010,D,21,0.229
8465024,2010,L,34,0.0
8465025,2010,R,51,0.419
8465026,2010,R,2,-0.022
8465042,2010,D,84,0.733
8465050,2010,C,86,1.318
8465058,2010,D,69,0.741
8465059,2010,R,70,-0.084
8465113,2010,R,1,0.047
8465122,2010,D,100,1.438
8465166,2010,R,87,0.347
8465170,2010,R,63,0.25
8465185,2010,D,63,0.167
8465192,2010,C,82,0.595
8465200,2010,D,107,2.504
8465202,2010,D,48,0.304
8465210,2010,D,87,0.944
8465914,2010,D,44,0.254
8465951,2010,L,67,0.774
8465978,2010,L,97,0.53
8466035,2010,L,78,1.545
8466138,2010,C,98,3.351
8466139,2010,C,100,4.277
8466140,2010,C,79,2.067
8466141,2010,G,85,0.0
8466142,2010,D,94,0.7
8466144,2010,D,54,-0.018
8466145,2010,D,51,0.182
8466148,2010,R,72,3.092
8466149,2010,R,79,2.263
8466158,2010,D,87,0.116
8466160,2010,L,82,2.462
8466181,2010,L,39,0.942
8466182,2010,D,82,0.203
8466212,2010,R,24,-0.175
8466215,2010,D,82,1.502
8466216,2010,C,65,-0.213
8466251,2010,L,90,0.882
8466285,2010,D,72,1.192
8466309,2010,D,20,0.068
8466333,2010,D,95,0.913
8466339,2010,G,31,0.0
8466371,2010,C,76,0.7
8466378,2010,R,100,5.554
8466392,2010,C,18,0.051
8466393,2010,R,88,0.991
8466398,2010,R,76,0.142
8467096,2010,D,94,3.503
8467304,2010,D,40,-0.002
8467329,2010,C,83,2.765
8467330,2010,C,76,2.036
8467331,2010,D,78,0.788
8467332,2010,D,72,0.527
8467334,2010,C,78,1.216
8467336,2010,L,88,0.072
8467338,2010,L,79,3.255
8467344,2010,D,79,0.31
8467346,2010,L,78,2.213
8467351,2010,C,87,0.8
8467353,2010,C,76,1.311
8467361,2010,C,86,0.535
8467365,2010,D,82,0.392
8467370,2010,C,94,1.08
8467371,2010,C,82,2.741
8467389,2010,C,72,3.235
8467391,2010,G,17,0.0
8467393,2010,L,76,-0.187
8467396,2010,L,82,2.204
8467400,2010,D,87,0.463
8467407,2010,R,89,2.453
8467408,2010,D,4,-0.005
8467412,2010,L,65,0.183
8467423,2010,C,47,0.834
8467428,2010,R,44,-0.031
8467436,2010,D,7,-0.041
8467439,2010,D,66,0.522
8467452,2010,D,88,0.291
8467453,2010,G,19,0.0
8467463,2010,R,86,1.821
8467466,2010,R,17,0.005
8467478,2010,D,55,0.322
8467493,2010,R,80,0.074
8467496,2010,D,7,0.122
8467502,2010,R,26,0.187
8467511,2010,G,26,0.0
8467514,2010,C,67,3.445
8467519,2010,D,74,0.015
8467543,2010,C,60,-0.119
8467545,2010,R,104,2.426
8467579,2010,L,39,-0.021
8467580,2010,D,34,-0.014
8467831,2010,C,76,0.832
8467844,2010,L,82,1.589
8467856,2010,D,74,2.253
8467875,2010,L,107,6.206
8467876,2010,C,107,4.143
8467878,2010,C,74,1.449
8467881,2010,L,80,0.903
8467890,2010,D,60,0.344
8467899,2010,R,78,2.57
8467906,2010,R,4,-0.023
8467910,2010,D,16,-0.017
8467913,2010,G,16,0.0
8467915,2010,D,20,0.204
8467917,2010,D,76,1.35
8467925,2010,R,100,0.783
8467927,2010,D,5,0.006
8467928,2010,D,7,-0.017
8467931,2010,D,50,0.124
8467937,2010,C,8,0.041
8467943,2010,L,71,1.104
8467950,2010,G,51,0.0
8467964,2010,C,21,0.209
8467967,2010,C,106,1.337
8467988,2010,L,72,2.188
8468001,2010,C,63,0.824
8468011,2010,G,73,0.0
8468038,2010,G,3,0.0
8468064,2010,R,74,2.278
8468083,2010,C,87,4.218
8468085,2010,R,83,2.699
8468086,2010,L,8,0.093
8468095,2010,R,84,-0.286
8468101,2010,D,64,0.457
8468114,2010,D,91,0.438
8468162,2010,C,93,-0.048
8468172,2010,L,71,0.814
8468208,2010,R,92,1.57
8468213,2010,D,62,0.326
8468224,2010,L,80,0.82
8468252,2010,R,19,0.022
8468432,2010,C,29,0.228
8468434,2010,C,58,2.232
8468463,2010,L,66,1.14
8468478,2010,D,82,0.194
8468481,2010,G,26,0.0
8468482,2010,L,98,3.215
8468483,2010,R,67,2.536
8468484,2010,D,65,0.226
8468485,2010,L,103,0.918
8468486,2010,L,93,1.927
8468493,2010,D,82,0.633
8468498,2010,D,70,0.358
8468500,2010,L,43,0.613
8468501,2010,D,57,0.123
8468502,2010,D,25,0.139
8468504,2010,R,90,2.393
8468505,2010,C,82,0.821
8468506,2010,C,51,-0.158
8468508,2010,R,79,2.517
8468509,2010,D,88,1.932
8468510,2010,L,1,-0.012
8468513,2010,D,74,0.383
8468515,2010,L,79,0.367
8468518,2010,R,82,1.403
8468520,2010,D,74,0.806
8468524,2010,G,72,0.0
8468526,2010,C,87,1.845
8468534,2010,D,55,0.124
8468535,2010,C,82,1.338
8468540,2010,G,45,0.0
8468542,2010,D,84,0.846
8468575,2010,C,95,2.083
8468577,2010,D,92,0.255
8468598,2010,D,87,3.312
8468599,2010,D,7,0.029
8468611,2010,C,84,0.707
8468626,2010,L,35,-0.098
8468635,2010,L,86,0.262
8468636,2010,D,82,-0.178
8468639,2010,D,76,2.217
8468660,2010,L,64,-0.074
8468674,2010,D,63,0.274
8468685,2010,G,73,0.0
8468695,2010,C,2,-0.026
8468700,2010,C,88,1.21
8468704,2010,R,73,1.182
8468778,2010,R,46,-0.17
8468789,2010,C,27,0.047
8468846,2010,D,33,0.215
8468887,2010,C,11,-0.026
8468927,2010,D,79,0.981
8469120,2010,L,1,-0.007
8469152,2010,G,25,0.0
8469454,2010,L,81,2.221
8469455,2010,C,62,2.381
8469457,2010,C,76,1.541
8469459,2010,C,71,2.603
8469460,2010,D,75,0.182
8469461,2010,G,14,0.0
8469462,2010,L,82,2.292
8469464,2010,L,66,-0.422
8469465,2010,D,83,0.993
8469466,2010,R,47,1.772
8469467,2010,R,63,0.346
8469469,2010,C,82,2.646
8469470,2010,D,65,1.042
8469472,2010,D,63,-0.021
8469473,2010,C,51,0.867
8469474,2010,R,50,0.735
8469476,2010,D,82,0.28
8469480,2010,D,63,0.307
8469483,2010,C,75,0.333
8469485,2010,C,36,1.629
8469490,2010,R,82,0.906
8469492,2010,D,80,1.16
8469500,2010,L,74,2.479
8469501,2010,R,82,0.252
8469505,2010,D,2,-0.008
8469506,2010,R,78,2.27
8469508,2010,C,80,0.768
8469514,2010,G,45,0.0
8469521,2010,C,84,2.899
8469531,2010,D,72,0.142
8469544,2010,L,81,3.446
8469547,2010,R,66,0.757
8469548,2010,G,16,0.0
8469555,2010,D,102,2.737
8469564,2010,D,2,-0.01
8469581,2010,C,53,0.69
8469582,2010,L,3,-0.033
8469584,2010,C,7,-0.067
8469591,2010,C,88,0.486
8469598,2010,D,91,1.183
8469608,2010,G,25,0.0
8469619,2010,D,106,1.629
8469622,2010,L,92,3.559
8469623,2010,D,46,1.005
8469626,2010,D,51,0.218
8469638,2010,L,70,2.156
8469639,2010,C,91,2.409
8469647,2010,L,22,-0.013
8469664,2010,R,58,1.334
8469665,2010,D,82,0.475
8469670,2010,R,28,0.269
8469672,2010,L,12,-0.055
8469675,2010,G,3,0.0
8469681,2010,L,3,-0.02
8469684,2010,D,46,0.692
8469685,2010,C,29,0.321
8469707,2010,R,81,2.121
8469732,2010,G,15,0.0
8469755,2010,R,46,0.191
8469759,2010,C,75,0.957
8469760,2010,D,80,0.524
8469765,2010,D,37,0.46
8469770,2010,D,75,1.777
8469779,2010,C,1,-0.007
8469812,2010,R,82,0.773
8469820,2010,C,82,0.291
8469992,2010,D,44,-0.167
8470018,2010,L,15,-0.095
8470039,2010,L,45,1.247
8470041,2010,L,75,3.489
8470047,2010,C,82,1.381
8470054,2010,D,75,0.19
8470063,2010,R,63,0.305
8470065,2010,C,6,-0.03
8470072,2010,R,11,-0.085
8470086,2010,D,27,-0.073
8470093,2010,G,2,0.0
8470104,2010,D,79,1.042
8470105,2010,R,82,1.342
8470110,2010,D,82,0.991
8470113,2010,R,4,-0.032
8470120,2010,R,74,2.629
8470121,2010,D,77,0.178
8470123,2010,R,54,-0.133
8470136,2010,D,9,0.123
8470137,2010,D,72,1.28
8470140,2010,G,69,0.0
8470144,2010,C,71,2.301
8470147,2010,G,28,0.0
8470151,2010,D,82,0.614
8470153,2010,C,59,1.566
8470156,2010,R,48,0.273
8470159,2010,C,69,0.075
8470162,2010,C,76,0.83
8470169,2010,C,105,1.04
8470171,2010,C,89,0.828
8470176,2010,L,96,1.68
8470180,2010,L,82,-0.316
8470187,2010,D,94,0.976
8470189,2010,L,6,0.172
8470192,2010,D,65,0.08
8470201,2010,R,83,1.43
8470203,2010,L,29,0.411
8470207,2010,L,54,1.378
8470222,2010,D,81,2.382
8470230,2010,L,68,0.574
8470232,2010,C,11,-0.04
8470257,2010,L,72,2.258
8470263,2010,G,1,0.0
8470265,2010,D,82,1.461
8470273,2010,D,95,1.365
8470274,2010,L,87,1.358
8470280,2010,L,78,0.331
8470281,2010,D,89,2.025
8470283,2010,C,79,0.596
8470289,2010,C,36,0.442
8470294,2010,L,16,0.036
8470299,2010,C,68,1.168
8470302,2010,R,80,0.261
8470309,2010,D,35,1.176
8470310,2010,D,70,-0.008
8470317,2010,D,3,0.003
8470318,2010,D,85,0.422
8470320,2010,G,74,0.0
8470321,2010,L,10,-0.024
8470324,2010,D,36,0.158
8470329,2010,D,84,0.75
8470358,2010,R,97,2.782
8470378,2010,D,8,0.026
8470543,2010,L,72,2.084
8470578,2010,D,15,0.036
8470580,2010,R,4,-0.034
8470594,2010,G,72,0.0
8470595,2010,C,81,3.288
8470596,2010,R,101,3.059
8470597,2010,R,64,1.224
8470598,2010,L,87,4.442
8470599,2010,L,66,1.326
8470600,2010,D,82,1.721
8470601,2010,D,93,0.513
8470602,2010,D,66,1.158
8470603,2010,L,87,1.668
8470604,2010,C,86,3.633
8470605,2010,R,2,0.006
8470606,2010,R,88,2.3
8470607,2010,D,87,2.119
8470609,2010,R,68,0.397
8470610,2010,L,13,0.341
8470611,2010,C,57,1.019
8470612,2010,C,73,3.06
8470613,2010,D,80,2.04
8470614,2010,D,54,0.075
8470615,2010,C,3,-0.021
8470616,2010,C,107,4.543
8470617,2010,C,92,3.016
8470618,2010,R,80,1.412
8470619,2010,C,87,1.774
8470620,2010,L,68,0.604
8470621,2010,R,88,5.361
8470622,2010,R,74,0.7
8470623,2010,D,9,-0.048
8470626,2010,L,79,3.391
8470630,2010,D,93,0.694
8470634,2010,D,32,-0.068
8470638,2010,C,103,3.523
8470640,2010,D,93,1.855
8470642,2010,D,94,2.449
8470645,2010,G,64,0.0
8470647,2010,R,80,-0.119
8470648,2010,L,16,0.017
8470649,2010,C,31,0.242
8470651,2010,C,15,-0.006
8470654,2010,C,103,0.162
8470655,2010,R,82,2.59
8470656,2010,D,4,0.03
8470657,2010,G,74,0.0
8470661,2010,L,51,-0.085
8470662,2010,C,67,-0.075
8470666,2010,L,68,0.097
8470667,2010,L,82,2.421
8470672,2010,D,67,0.022
8470678,2010,D,43,0.295
8470680,2010,C,10,-0.088
8470685,2010,D,40,0.055
8470687,2010,R,32,0.074
8470697,2010,C,74,0.812
8470699,2010,D,77,0.662
8470705,2010,C,5,0.017
8470708,2010,R,12,-0.088
8470713,2010,L,49,-0.2
8470714,2010,D,1,-0.004
8470719,2010,C,27,0.065
8470724,2010,D,21,-0.073
8470729,2010,D,29,-0.007
8470737,2010,L,7,0.21
8470740,2010,R,86,1.634
8470741,2010,L,13,0.064
8470750,2010,C,23,0.028
8470755,2010,R,74,0.765
8470760,2010,D,74,0.266
8470774,2010,D,53,0.142
8470775,2010,C,97,0.984
8470777,2010,L,3,-0.021
8470778,2010,L,76,0.532
8470787,2010,D,2,-0.012
8470794,2010,C,92,4.031
8470798,2010,D,27,0.2
8470800,2010,G,4,0.0
8470803,2010,C,80,1.403
8470804,2010,D,4,0.002
8470809,2010,R,1,-0.001
8470816,2010,L,26,0.015
8470828,2010,D,72,2.179
8470834,2010,D,81,2.705
8470839,2010,D,92,-0.059
8470852,2010,L,82,2.694
8470854,2010,L,93,-0.214
8470860,2010,G,57,0.0
8470867,2010,R,59,-0.115
8470871,2010,L,45,0.048
8470877,2010,R,77,1.79
8470880,2010,G,55,0.0
8470886,2010,D,57,0.12
8470896,2010,L,34,-0.116
8470905,2010,D,66,0.398
8470920,2010,R,82,0.253
8470966,2010,D,82,1.838
8470986,2010,C,46,0.13
8470988,2010,D,3,-0.006
8470996,2010,D,20,0.065
8471011,2010,D,2,0.001
8471185,2010,L,79,1.777
8471187,2010,D,41,0.035
8471208,2010,L,87,1.655
8471214,2010,L,88,4.82
8471215,2010,C,43,2.156
8471216,2010,D,52,-0.042
8471217,2010,L,81,2.394
8471218,2010,R,81,1.862
8471219,2010,G,20,0.0
8471220,2010,L,44,0.54
8471222,2010,D,78,-0.001
8471226,2010,R,69,2.625
8471227,2010,G,35,0.0
8471231,2010,C,40,-0.145
8471232,2010,L,83,1.196
8471233,2010,C,82,1.382
8471234,2010,L,78,1.731
8471236,2010,D,92,1.552
8471238,2010,C,63,0.894
8471239,2010,G,30,0.0
8471240,2010,D,81,0.0
8471241,2010,D,57,0.041
8471242,2010,D,57,1.666
8471245,2010,C,65,1.647
8471251,2010,G,12,0.0
8471254,2010,L,83,1.364
8471260,2010,L,77,1.599
8471265,2010,R,1,0.007
8471266,2010,L,82,1.709
8471268,2010,R,35,-0.064
8471269,2010,D,59,0.214
8471273,2010,C,82,2.43
8471274,2010,D,83,2.062
8471276,2010,C,100,3.154
8471279,2010,D,70,0.538
8471280,2010,R,4,0.141
8471283,2010,L,87,0.699
8471284,2010,D,78,1.07
8471299,2010,C,55,0.556
8471303,2010,D,76,2.013
8471309,2010,R,84,2.431
8471310,2010,C,10,-0.008
8471311,2010,C,87,1.94
8471314,2010,D,87,0.231
8471321,2010,D,19,-0.057
8471323,2010,L,81,0.689
8471324,2010,L,44,0.215
8471331,2010,C,74,0.605
8471338,2010,C,84,0.795
8471339,2010,R,60,2.337
8471346,2010,R,91,1.767
8471348,2010,D,41,0.278
8471352,2010,C,81,0.581
8471362,2010,C,81,2.441
8471368,2010,R,7,-0.042
8471371,2010,R,50,0.105
8471385,2010,D,30,0.28
8471386,2010,L,7,0.151
8471388,2010,R,57,0.38
8471390,2010,C,82,1.828
8471392,2010,D,55,0.229
8471399,2010,L,6,-0.035
8471409,2010,R,9,0.039
8471411,2010,C,4,0.018
8471413,2010,D,10,0.035
8471418,2010,G,4,0.0
8471419,2010,R,21,0.241
8471426,2010,R,86,1.097
8471428,2010,R,2,-0.022
8471429,2010,D,4,-0.012
8471436,2010,D,73,0.367
8471450,2010,R,71,0.586
8471451,2010,C,19,-0.024
8471469,2010,G,76,0.0
8471474,2010,C,3,-0.024
8471476,2010,L,80,0.457
8471482,2010,D,31,0.872
8471483,2010,C,32,0.532
8471490,2010,R,24,0.224
8471498,2010,R,107,0.761
8471504,2010,R,80,2.271
8471508,2010,D,18,-0.098
8471514,2010,C,107,1.549
8471521,2010,R,71,-0.08
8471628,2010,C,9,0.004
8471634,2010,R,79,0.811
8471636,2010,L,36,-0.173
8471657,2010,L,71,-0.191
8471663,2010,R,1,-0.004
8471664,2010,L,94,1.952
8471668,2010,C,32,0.27
8471669,2010,C,74,2.315
8471670,2010,L,11,0.233
8471675,2010,C,41,3.028
8471676,2010,R,86,3.449
8471677,2010,D,88,1.897
8471678,2010,L,82,1.079
8471679,2010,G,79,0.0
8471680,2010,C,41,-0.008
8471681,2010,R,62,0.742
8471682,2010,R,90,2.628
8471683,2010,D,50,-0.156
8471685,2010,C,75,3.117
8471686,2010,D,82,1.227
8471689,2010,C,21,0.016
8471691,2010,C,65,0.606
8471692,2010,D,4,-0.01
8471693,2010,D,48,0.0
8471694,2010,L,11,-0.14
8471695,2010,G,29,0.0
8471696,2010,D,11,0.006
8471697,2010,R,72,1.327
8471698,2010,R,49,1.669
8471699,2010,C,82,1.348
8471702,2010,D,70,0.269
8471703,2010,R,74,1.528
8471705,2010,D,24,0.013
8471707,2010,L,86,1.969
8471708,2010,C,25,0.147
8471709,2010,D,98,0.62
8471710,2010,D,12,0.158
8471714,2010,D,81,0.522
8471715,2010,G,58,0.0
8471716,2010,L,85,0.294
8471717,2010,D,90,0.689
8471719,2010,L,4,-0.021
8471724,2010,D,89,2.901
8471728,2010,L,1,-0.011
8471729,2010,D,73,0.965
8471730,2010,C,1,-0.007
8471734,2010,G,67,0.0
8471735,2010,D,86,3.008
8471741,2010,D,1,-0.002
8471742,2010,D,92,1.529
8471743,2010,C,65,0.748
8471748,2010,D,26,0.021
8471750,2010,G,7,0.0
8471752,2010,D,16,0.465
8471753,2010,C,13,0.058
8471756,2010,D,13,-0.055
8471760,2010,C,1,-0.005
8471761,2010,D,56,0.178
8471762,2010,C,12,-0.143
8471766,2010,R,73,0.231
8471767,2010,C,25,0.048
8471768,2010,L,68,0.038
8471769,2010,D,87,0.36
8471774,2010,G,1,0.0
8471786,2010,D,2,-0.02
8471794,2010,C,93,2.093
8471804,2010,C,71,1.44
8471807,2010,C,75,-0.147
8471810,2010,D,34,0.325
8471811,2010,C,38,0.629
8471816,2010,D,57,0.371
8471817,2010,R,28,0.01
8471832,2010,C,3,-0.031
8471840,2010,L,5,0.024
8471842,2010,L,6,-0.012
8471848,2010,D,4,0.016
8471851,2010,R,82,1.871
8471856,2010,C,9,0.023
8471859,2010,L,89,1.819
8471862,2010,C,24,0.554
8471863,2010,C,4,0.042
8471873,2010,D,51,0.713
8471879,2010,D,18,0.354
8471887,2010,R,91,2.514
8471941,2010,R,2,-0.027
8471956,2010,L,20,0.074
8471958,2010,D,85,1.218
8471976,2010,C,48,0.963
8471978,2010,D,1,-0.005
8472262,2010,D,15,0.23
8472355,2010,C,74,0.045
8472361,2010,R,24,0.252
8472368,2010,R,67,0.469
8472370,2010,D,37,-0.013
8472379,2010,C,45,0.039
8472382,2010,D,82,0.757
8472394,2010,D,19,0.141
8472410,2010,C,12,-0.044
8473404,2010,G,51,0.0
8473412,2010,C,76,2.205
8473419,2010,L,102,2.543
8473422,2010,L,82,1.024
8473426,2010,D,65,0.622
8473432,2010,R,76,0.191
8473434,2010,G,1,0.0
8473444,2010,C,13,0.055
8473446,2010,D,77,1.143
8473449,2010,R,38,0.787
8473453,2010,C,78,0.308
8473456,2010,R,2,-0.016
8473459,2010,D,2,-0.01
8473461,2010,G,54,0.0
8473465,2010,L,56,-0.071
8473466,2010,C,34,0.005
8473473,2010,L,104,3.067
8473482,2010,L,57,0.23
8473485,2010,R,62,2.499
8473488,2010,L,2,0.067
8473492,2010,L,41,0.149
8473493,2010,C,12,0.011
8473501,2010,D,20,0.19
8473503,2010,G,37,0.0
8473504,2010,R,76,0.994
8473507,2010,D,35,0.094
8473512,2010,R,93,3.55
8473514,2010,L,42,0.063
8473523,2010,G,15,0.0
8473525,2010,D,71,0.308
8473532,2010,G,1,0.0
8473533,2010,C,49,1.337
8473534,2010,C,81,1.941
8473537,2010,L,84,1.013
8473541,2010,G,25,0.0
8473542,2010,L,9,0.117
8473544,2010,C,74,1.561
8473546,2010,L,76,2.969
8473548,2010,R,82,3.256
8473558,2010,C,2,0.035
8473560,2010,D,2,-0.014
8473562,2010,C,37,0.031
8473563,2010,C,86,2.334
8473564,2010,R,87,1.787
8473565,2010,D,3,-0.011
8473568,2010,R,69,0.667
8473569,2010,L,19,-0.061
8473571,2010,D,76,1.05
8473573,2010,C,87,2.196
8473574,2010,L,51,0.543
8473575,2010,G,27,0.0
8473579,2010,L,82,2.318
8473580,2010,D,22,0.241
8473584,2010,D,60,1.069
8473588,2010,R,26,0.327
8473589,2010,D,2,-0.013
8473592,2010,R,38,-0.164
8473600,2010,R,41,0.228
8473604,2010,C,87,3.87
8473605,2010,L,18,0.13
8473607,2010,G,57,0.0
8473608,2010,C,32,0.342
8473611,2010,D,1,0.0
8473614,2010,G,1,0.0
8473618,2010,C,35,0.489
8473638,2010,G,2,0.0
8473646,2010,L,62,0.034
8473673,2010,D,47,0.556
8473682,2010,C,36,0.088
8473700,2010,D,67,0.461
8473712,2010,L,9,-0.027
8473722,2010,L,44,-0.162
8473734,2010,R,7,-0.063
8473908,2010,R,62,-0.139
8473913,2010,D,5,0.048
8473914,2010,C,71,0.794
8473927,2010,C,4,0.045
8473931,2010,D,3,0.103
8473932,2010,C,92,0.032
8473933,2010,D,54,0.807
8473953,2010,D,9,0.017
8473962,2010,L,99,2.912
8473970,2010,L,1,-0.014
8473972,2010,G,49,0.0
8473991,2010,D,91,0.129
8473992,2010,D,22,0.062
8473994,2010,L,69,2.573
8473997,2010,L,7,-0.055
8473999,2010,R,43,0.572
8474000,2010,D,38,0.378
8474001,2010,L,35,0.567
8474002,2010,D,3,-0.017
8474009,2010,C,30,-0.189
8474013,2010,D,26,0.098
8474024,2010,C,6,-0.035
8474025,2010,L,16,0.028
8474027,2010,D,29,0.469
8474030,2010,R,3,-0.022
8474031,2010,D,72,1.891
8474037,2010,L,86,2.176
8474038,2010,L,8,0.049
8474040,2010,C,68,1.359
8474042,2010,C,8,-0.061
8474045,2010,C,3,0.031
8474046,2010,D,3,-0.03
8474048,2010,D,40,-0.138
8474050,2010,L,13,0.117
8474053,2010,C,97,3.426
8474056,2010,D,84,1.782
8474059,2010,L,51,0.976
8474063,2010,D,11,0.004
8474068,2010,C,69,1.063
8474074,2010,D,1,-0.001
8474077,2010,R,4,0.098
8474085,2010,L,10,0.128
8474091,2010,C,82,1.263
8474094,2010,R,39,0.542
8474095,2010,C,85,0.068
8474096,2010,C,86,0.297
8474098,2010,C,1,-0.006
8474100,2010,L,6,-0.078
8474102,2010,L,10,0.371
8474114,2010,R,14,0.083
8474121,2010,C,7,-0.025
8474125,2010,D,68,0.782
8474134,2010,D,44,0.501
8474137,2010,L,23,-0.141
8474138,2010,L,25,0.506
8474141,2010,R,80,3.674
8474146,2010,R,10,-0.073
8474149,2010,L,36,0.583
8474150,2010,C,73,0.919
8474151,2010,D,45,0.22
8474153,2010,R,31,0.095
8474154,2010,R,3,-0.034
8474157,2010,L,37,1.323
8474161,2010,R,80,1.913
8474162,2010,D,11,0.028
8474164,2010,D,35,0.401
8474166,2010,D,66,0.65
8474184,2010,D,54,0.429
8474189,2010,C,84,0.271
8474190,2010,R,86,0.972
8474192,2010,R,1,0.003
8474194,2010,G,1,0.0
8474195,2010,L,5,0.087
8474207,2010,D,5,-0.019
8474218,2010,D,88,0.99
8474220,2010,R,23,-0.005
8474222,2010,D,5,-0.023
8474230,2010,L,27,-0.04
8474250,2010,C,55,-0.055
8474291,2010,C,31,-0.129
8474488,2010,G,1,0.0
8474498,2010,C,72,0.334
8474518,2010,D,38,0.117
8474519,2010,D,64,0.93
8474520,2010,D,73,0.494
8474531,2010,D,6,0.034
8474535,2010,C,15,0.047
8474550,2010,G,78,0.0
8474551,2010,L,92,2.317
8474557,2010,D,48,0.161
8474563,2010,D,82,1.837
8474564,2010,C,100,4.434
8474565,2010,D,79,1.928
8474566,2010,L,23,0.201
8474567,2010,D,71,0.486
8474568,2010,D,82,0.742
8474569,2010,C,85,0.939
8474570,2010,C,20,0.116
8474571,2010,L,38,0.523
8474573,2010,R,70,0.828
8474574,2010,D,87,1.577
8474576,2010,L,23,0.347
8474577,2010,C,1,0.042
8474578,2010,D,75,1.972
8474579,2010,D,74,0.364
8474582,2010,R,58,0.905
8474584,2010,D,47,0.378
8474586,2010,R,69,2.119
8474587,2010,R,6,0.036
8474589,2010,R,89,2.62
8474590,2010,D,91,1.806
8474591,2010,G,1,0.0
8474592,2010,C,15,0.049
8474593,2010,G,1,0.0
8474601,2010,D,5,-0.013
8474605,2010,D,8,0.044
8474609,2010,C,19,0.173
8474610,2010,C,15,0.121
8474611,2010,D,11,0.001
8474612,2010,D,62,1.019
8474613,2010,C,87,1.614
8474616,2010,C,21,0.017
8474618,2010,D,20,0.05
8474634,2010,C,8,-0.057
8474641,2010,C,1,0.012
8474642,2010,L,16,-0.011
8474646,2010,L,66,0.587
8474651,2010,G,14,0.0
8474657,2010,C,1,0.002
8474668,2010,R,10,-0.049
8474673,2010,D,3,-0.019
8474674,2010,C,1,-0.006
8474681,2010,C,19,0.138
8474685,2010,L,42,0.818
8474690,2010,G,10,0.0
8474693,2010,R,4,0.072
8474705,2010,C,18,0.344
8474707,2010,D,6,0.132
8474709,2010,L,68,-0.023
8474716,2010,D,53,0.477
8474719,2010,C,12,0.168
8474727,2010,R,13,0.086
8474730,2010,D,39,0.012
8474731,2010,C,8,0.001
8474736,2010,C,2,-0.019
8474739,2010,C,5,-0.013
8474749,2010,D,6,-0.024
8474762,2010,L,7,-0.075
8474765,2010,G,23,0.0
8474771,2010,G,2,0.0
8474850,2010,L,13,-0.084
8474855,2010,G,10,0.0
8474892,2010,L,3,0.051
8475060,2010,D,17,0.225
8475087,2010,C,6,-0.063
8475098,2010,C,82,0.632
8475104,2010,D,2,0.001
8475105,2010,R,48,0.348
8475118,2010,D,63,0.585
8475149,2010,L,78,0.944
8475150,2010,R,23,0.19
8475151,2010,C,11,-0.03
8475156,2010,G,4,0.0
8475158,2010,C,74,0.944
8475159,2010,L,1,-0.013
8475160,2010,L,82,0.313
8475166,2010,C,79,2.677
8475167,2010,D,97,1.139
8475168,2010,C,80,2.651
8475169,2010,L,73,1.993
8475170,2010,C,8,0.069
8475171,2010,D,48,0.375
8475172,2010,C,29,0.496
8475175,2010,L,80,1.112
8475179,2010,D,72,0.999
8475181,2010,D,53,0.157
8475185,2010,C,28,0.199
8475186,2010,D,2,-0.007
8475193,2010,L,9,-0.005
8475204,2010,C,1,-0.002
8475214,2010,L,9,0.039
8475215,2010,G,8,0.0
8475248,2010,D,8,0.022
8475266,2010,C,24,-0.096
8475304,2010,C,19,-0.107
8475323,2010,C,12,0.001
8475361,2010,G,23,0.0
8475372,2010,C,3,-0.026
8475431,2010,G,17,0.0
8475602,2010,C,15,-0.014
8475603,2010,C,2,-0.01
8475613,2010,D,2,-0.011
8475619,2010,L,15,-0.014
8475637,2010,R,36,0.815
8475640,2010,D,3,-0.017
8475641,2010,D,2,-0.005
8475677,2010,L,4,-0.047
8475683,2010,G,60,0.0
8475690,2010,D,34,-0.047
8475692,2010,R,43,1.26
8475764,2010,D,82,1.862
8475784,2010,L,82,3.305
8475788,2010,C,74,0.53
8475791,2010,L,65,2.149
8475794,2010,C,87,1.114
8475799,2010,R,9,0.0
8475950,2010,C,3,-0.02
8475990,2010,D,1,0.004
8476205,2010,C,4,-0.009
8476208,2010,D,1,-0.007
8448208,2011,R,84,2.913
8455710,2011,G,83,0.0
8457063,2011,D,75,1.244
8457981,2011,R,82,3.288
8458525,2011,R,77,0.791
8458537,2011,L,98,4.02
8458541,2011,D,65,0.117
8458590,2011,R,83,0.399
8458637,2011,D,53,0.155
8458938,2011,D,82,0.367
8458951,2011,D,81,1.599
8459053,2011,D,75,-0.045
8459140,2011,G,40,0.0
8459424,2011,D,13,0.543
8459429,2011,C,79,1.101
8459442,2011,C,74,1.717
8459444,2011,R,76,1.687
8459454,2011,L,62,-0.288
8459457,2011,R,79,0.672
8459461,2011,C,42,0.344
8459492,2011,L,82,2.294
8459514,2011,R,84,0.319
8459596,2011,L,84,0.897
8459628,2011,D,81,0.248
8459670,2011,D,87,2.001
8459687,2011,C,89,-0.016
8460465,2011,R,100,1.787
8460492,2011,D,73,0.258
8460496,2011,L,82,1.676
8460504,2011,L,28,-0.028
8460535,2011,G,58,0.0
8460541,2011,R,56,0.413
8460542,2011,C,105,4.129
8460561,2011,D,64,0.839
8460577,2011,R,81,1.702
8460612,2011,G,5,0.0
8460621,2011,R,79,3.055
8460626,2011,D,106,0.533
8460703,2011,G,66,0.0
8460704,2011,G,28,0.0
8460705,2011,G,42,0.0
8460712,2011,G,48,0.0
8460719,2011,L,85,2.353
8460720,2011,L,51,-0.342
8460743,2011,L,79,1.387
8460806,2011,G,40,0.0
8462036,2011,C,89,1.203
8462038,2011,R,95,2.313
8462041,2011,R,73,0.428
8462042,2011,R,82,2.982
8462044,2011,G,32,0.0
8462047,2011,G,21,0.0
8462052,2011,G,10,0.0
8462077,2011,C,22,0.337
8462129,2011,C,69,1.078
8462147,2011,G,70,0.0
8462152,2011,G,20,0.0
8462161,2011,G,17,0.0
8462196,2011,D,75,0.629
8462225,2011,D,80,1.108
8462535,2011,L,30,-0.048
8464956,2011,D,87,0.6
8464966,2011,D,75,0.452
8464967,2011,C,61,0.107
8464975,2011,C,81,2.834
8464977,2011,C,106,1.655
8464979,2011,L,55,-0.104
8464981,2011,D,62,0.0
8464984,2011,C,7,0.089
8464989,2011,C,73,1.984
8464999,2011,G,48,0.0
8465005,2011,D,57,0.071
8465009,2011,D,86,2.379
8465025,2011,R,67,0.384
8465042,2011,D,74,0.14
8465050,2011,C,78,0.659
8465056,2011,C,1,-0.01
8465058,2011,D,69,0.323
8465059,2011,R,45,0.0
8465122,2011,D,82,0.276
8465166,2011,R,87,0.64
8465185,2011,D,96,0.814
8465192,2011,C,85,0.91
8465200,2011,D,72,1.284
8465202,2011,D,74,0.935
8465210,2011,D,74,0.384
8465914,2011,D,76,0.451
8465951,2011,L,88,1.578
8465978,2011,L,86,0.221
8466138,2011,C,87,3.283
8466139,2011,C,87,3.101
8466140,2011,C,82,2.935
8466141,2011,G,57,0.0
8466142,2011,D,82,0.591
8466148,2011,R,84,3.744
8466149,2011,R,80,1.636
8466158,2011,D,78,-0.034
8466160,2011,L,57,0.809
8466181,2011,L,2,-0.02
8466182,2011,D,42,0.021
8466215,2011,D,80,1.015
8466251,2011,L,96,1.909
8466285,2011,D,89,2.414
8466309,2011,D,37,-0.043
8466333,2011,D,79,1.101
8466339,2011,G,33,0.0
8466371,2011,C,38,-0.015
8466378,2011,R,77,3.102
8466393,2011,R,88,2.897
8466398,2011,R,81,0.026
8467096,2011,D,86,2.51
8467304,2011,D,52,0.24
8467329,2011,C,64,1.96
8467330,2011,C,88,2.356
8467331,2011,D,86,0.739
8467332,2011,D,82,0.35
8467334,2011,C,83,1.002
8467335,2011,C,5,-0.036
8467336,2011,L,80,-0.184
8467338,2011,L,64,2.05
8467344,2011,D,76,-0.258
8467346,2011,L,38,0.64
8467351,2011,C,38,0.134
8467353,2011,C,69,1.007
8467365,2011,D,32,-0.003
8467370,2011,C,82,2.008
8467371,2011,C,74,2.374
8467389,2011,C,102,3.159
8467391,2011,G,19,0.0
8467396,2011,L,82,2.892
8467400,2011,D,82,0.64
8467407,2011,R,31,0.648
8467408,2011,D,4,-0.016
8467412,2011,L,106,1.524
8467423,2011,C,81,0.932
8467428,2011,R,51,-0.154
8467439,2011,D,46,0.601
8467452,2011,D,102,-0.28
8467453,2011,G,10,0.0
8467463,2011,R,61,1.477
8467466,2011,R,38,0.073
8467478,2011,D,26,0.231
8467493,2011,R,79,1.148
8467496,2011,D,13,0.089
8467514,2011,C,75,3.33
8467543,2011,C,39,0.155
8467545,2011,R,82,2.823
8467579,2011,L,3,-0.009
8467580,2011,D,62,-0.056
8467831,2011,C,71,0.589
8467844,2011,L,45,0.508
8467875,2011,L,74,3.256
8467876,2011,C,87,2.665
8467878,2011,C,70,1.318
8467881,2011,L,89,0.776
8467890,2011,D,90,0.276
8467899,2011,R,44,1.451
8467910,2011,D,1,-0.002
8467913,2011,G,14,0.0
8467915,2011,D,30,-0.001
8467917,2011,D,79,0.681
8467925,2011,R,57,0.309
8467928,2011,D,9,0.005
8467931,2011,D,33,0.078
8467943,2011,L,71,0.934
8467950,2011,G,70,0.0
8467959,2011,G,3,0.0
8467967,2011,C,89,1.986
8467977,2011,R,30,-0.09
8467988,2011,L,68,2.177
8468001,2011,C,66,0.394
8468011,2011,G,61,0.0
8468064,2011,R,81,2.23
8468083,2011,C,87,2.964
8468085,2011,R,93,3.124
8468086,2011,L,9,0.023
8468095,2011,R,46,-0.063
8468101,2011,D,7,0.029
8468114,2011,D,65,-0.155
8468162,2011,C,74,-0.248
8468166,2011,G,36,0.0
8468172,2011,L,93,0.802
8468208,2011,R,87,0.405
8468213,2011,D,25,0.117
8468224,2011,L,15,0.159
8468309,2011,D,82,2.155
8468434,2011,C,34,1.643
8468463,2011,L,61,0.362
8468478,2011,D,89,0.421
8468481,2011,G,8,0.0
8468482,2011,L,82,2.763
8468483,2011,R,102,5.162
8468484,2011,D,80,0.844
8468485,2011,L,82,0.926
8468486,2011,L,93,3.586
8468493,2011,D,56,0.143
8468498,2011,D,79,0.409
8468499,2011,C,13,0.007
8468501,2011,D,96,0.298
8468504,2011,R,65,1.196
8468505,2011,C,74,1.002
8468508,2011,R,102,3.611
8468509,2011,D,87,1.63
8468510,2011,L,5,0.058
8468513,2011,D,82,-0.153
8468515,2011,L,68,0.187
8468518,2011,R,87,0.856
8468520,2011,D,51,0.512
8468524,2011,G,70,0.0
8468526,2011,C,98,0.453
8468534,2011,D,56,0.042
8468535,2011,C,98,1.428
8468540,2011,G,10,0.0
8468542,2011,D,76,0.927
8468575,2011,C,82,0.772
8468584,2011,R,1,-0.005
8468598,2011,D,68,1.053
8468611,2011,C,92,-0.016
8468635,2011,L,48,0.264
8468636,2011,D,63,0.193
8468639,2011,D,66,1.184
8468660,2011,L,43,0.037
8468674,2011,D,79,0.683
8468685,2011,G,82,0.0
8468695,2011,C,62,0.533
8468700,2011,C,80,1.067
8468704,2011,R,45,0.439
8468778,2011,R,5,0.052
8468789,2011,C,8,0.027
8468881,2011,L,13,-0.002
8468887,2011,C,58,-0.022
8468927,2011,D,52,0.65
8469120,2011,L,1,-0.015
8469152,2011,G,15,0.0
8469454,2011,L,100,5.233
8469455,2011,C,87,3.943
8469457,2011,C,87,2.241
8469459,2011,C,55,1.87
8469460,2011,D,45,0.027
8469462,2011,L,72,1.531
8469465,2011,D,87,1.61
8469466,2011,R,69,1.473
8469467,2011,R,58,0.308
8469469,2011,C,77,1.982
8469470,2011,D,71,0.776
8469473,2011,C,64,1.265
8469474,2011,R,29,-0.046
8469476,2011,D,82,0.349
8469480,2011,D,27,0.242
8469483,2011,C,76,0.866
8469485,2011,C,80,1.726
8469490,2011,R,75,-0.09
8469492,2011,D,66,1.051
8469500,2011,L,66,1.932
8469501,2011,R,72,0.031
8469506,2011,R,82,3.312
8469508,2011,C,80,0.853
8469514,2011,G,17,0.0
8469516,2011,D,1,-0.007
8469521,2011,C,81,2.512
8469531,2011,D,72,0.832
8469534,2011,D,56,0.705
8469542,2011,L,22,-0.104
8469544,2011,L,80,3.404
8469547,2011,R,80,0.879
8469548,2011,G,34,0.0
8469555,2011,D,66,1.277
8469569,2011,G,2,0.0
8469581,2011,C,77,1.854
8469582,2011,L,2,-0.01
8469591,2011,C,50,-0.057
8469598,2011,D,83,1.917
8469608,2011,G,83,0.0
8469619,2011,D,87,0.826
8469622,2011,L,81,2.264
8469623,2011,D,87,0.907
8469626,2011,D,44,-0.044
8469638,2011,L,79,1.581
8469639,2011,C,96,2.395
8469664,2011,R,32,0.434
8469665,2011,D,87,0.61
8469684,2011,D,65,0.313
8469685,2011,C,39,0.007
8469707,2011,R,80,2.893
8469732,2011,G,14,0.0
8469755,2011,R,10,-0.06
8469759,2011,C,82,0.776
8469760,2011,D,68,0.538
8469765,2011,D,43,0.99
8469770,2011,D,96,2.185
8469779,2011,C,41,0.32
8469812,2011,R,67,1.465
8469820,2011,C,61,0.267
8469992,2011,D,80,0.394
8470005,2011,C,6,0.009
8470018,2011,L,60,0.179
8470039,2011,L,89,2.68
8470041,2011,L,82,3.279
8470047,2011,C,86,2.788
8470054,2011,D,51,0.323
8470061,2011,D,2,-0.02
8470063,2011,R,65,0.657
8470074,2011,G,4,0.0
8470104,2011,D,67,0.697
8470105,2011,R,33,0.137
8470110,2011,D,79,0.905
8470120,2011,R,91,2.58
8470121,2011,D,102,0.666
8470123,2011,R,48,-0.177
8470137,2011,D,30,0.806
8470140,2011,G,59,0.0
8470144,2011,C,82,2.608
8470147,2011,G,2,0.0
8470151,2011,D,82,0.923
8470152,2011,C,16,0.217
8470153,2011,C,37,0.933
8470156,2011,R,67,0.793
8470159,2011,C,91,1.164
8470162,2011,C,61,0.953
8470169,2011,C,85,0.473
8470171,2011,C,92,1.875
8470176,2011,L,69,1.423
8470180,2011,L,74,0.465
8470187,2011,D,84,0.582
8470189,2011,L,25,0.149
8470192,2011,D,46,0.092
8470201,2011,R,86,2.322
8470207,2011,L,66,3.497
8470216,2011,G,34,0.0
8470222,2011,D,48,1.223
8470230,2011,L,76,0.418
8470232,2011,C,7,-0.067
8470257,2011,L,52,1.247
8470265,2011,D,32,0.378
8470273,2011,D,82,1.227
8470274,2011,L,76,1.871
8470280,2011,L,63,0.378
8470281,2011,D,80,1.559
8470283,2011,C,79,0.589
8470289,2011,C,78,1.205
8470294,2011,L,1,-0.005
8470299,2011,C,49,0.585
8470301,2011,C,9,0.016
8470302,2011,R,73,0.091
8470309,2011,D,51,0.657
8470310,2011,D,44,0.357
8470317,2011,D,15,0.072
8470318,2011,D,74,0.197
8470320,2011,G,68,0.0
8470324,2011,D,82,0.248
8470329,2011,D,43,0.438
8470358,2011,R,85,2.806
8470543,2011,L,88,3.575
8470580,2011,R,35,-0.186
8470594,2011,G,73,0.0
8470595,2011,C,82,3.151
8470596,2011,R,46,1.548
8470598,2011,L,78,3.341
8470599,2011,L,84,3.224
8470600,2011,D,89,1.911
8470601,2011,D,92,0.809
8470602,2011,D,82,1.887
8470603,2011,L,80,1.48
8470604,2011,C,75,2.003
8470606,2011,R,102,3.614
8470607,2011,D,84,1.64
8470609,2011,R,56,0.187
8470610,2011,L,106,5.369
8470611,2011,C,35,0.052
8470612,2011,C,82,2.068
8470613,2011,D,86,1.726
8470614,2011,D,80,0.273
8470615,2011,C,21,0.255
8470616,2011,C,82,2.601
8470617,2011,C,94,2.618
8470618,2011,R,77,0.654
8470619,2011,C,99,1.819
8470621,2011,R,80,3.438
8470622,2011,R,10,0.019
8470626,2011,L,82,3.721
8470630,2011,D,76,0.991
8470636,2011,C,3,-0.003
8470638,2011,C,88,3.613
8470640,2011,D,93,1.755
8470642,2011,D,88,2.43
8470644,2011,R,5,-0.031
8470645,2011,G,63,0.0
8470647,2011,R,47,-0.025
8470649,2011,C,23,0.231
8470654,2011,C,87,0.586
8470655,2011,R,91,2.599
8470657,2011,G,62,0.0
8470661,2011,L,6,-0.043
8470662,2011,C,85,0.029
8470666,2011,L,28,0.328
8470667,2011,L,73,1.674
8470672,2011,D,74,-0.124
8470678,2011,D,17,0.174
8470685,2011,D,27,0.388
8470687,2011,R,1,-0.005
8470697,2011,C,30,-0.217
8470699,2011,D,81,0.455
8470700,2011,R,11,0.102
8470708,2011,R,10,-0.076
8470713,2011,L,34,-0.156
8470714,2011,D,62,0.832
8470719,2011,C,2,-0.01
8470724,2011,D,77,1.061
8470729,2011,D,17,0.157
8470737,2011,L,4,-0.008
8470740,2011,R,61,1.185
8470750,2011,C,81,0.55
8470755,2011,R,72,0.097
8470760,2011,D,46,0.074
8470774,2011,D,50,0.529
8470775,2011,C,68,0.624
8470777,2011,L,1,-0.008
8470778,2011,L,85,0.974
8470780,2011,D,33,0.188
8470794,2011,C,87,3.222
8470798,2011,D,28,0.244
8470803,2011,C,82,2.13
8470816,2011,L,31,-0.199
8470828,2011,D,62,1.294
8470834,2011,D,66,2.49
8470838,2011,C,1,-0.011
8470839,2011,D,76,0.656
8470852,2011,L,82,3.865
8470854,2011,L,78,0.107
8470860,2011,G,48,0.0
8470871,2011,L,47,0.083
8470877,2011,R,72,1.613
8470880,2011,G,46,0.0
8470886,2011,D,51,-0.019
8470896,2011,L,12,-0.053
8470905,2011,D,39,-0.099
8470920,2011,R,104,2.446
8470966,2011,D,61,1.081
8470986,2011,C,37,0.065
8470988,2011,D,1,-0.008
8471185,2011,L,67,1.986
8471186,2011,G,1,0.0
8471187,2011,D,30,-0.008
8471208,2011,L,85,0.673
8471214,2011,L,92,3.449
8471215,2011,C,81,6.217
8471216,2011,D,25,-0.041
8471217,2011,L,82,2.405
8471218,2011,R,80,3.044
8471219,2011,G,31,0.0
8471220,2011,L,6,-0.042
8471222,2011,D,78,0.274
8471226,2011,R,80,2.167
8471227,2011,G,47,0.0
8471228,2011,R,17,0.605
8471229,2011,C,56,0.076
8471231,2011,C,68,0.709
8471232,2011,L,93,1.159
8471233,2011,C,39,0.759
8471234,2011,L,33,0.577
8471236,2011,D,63,1.052
8471239,2011,G,36,0.0
8471240,2011,D,64,-0.066
8471241,2011,D,60,-0.227
8471242,2011,D,46,0.394
8471245,2011,C,82,2.015
8471251,2011,G,7,0.0
8471254,2011,L,77,0.641
8471260,2011,L,74,0.089
8471261,2011,L,8,-0.037
8471266,2011,L,67,1.444
8471268,2011,R,1,-0.013
8471269,2011,D,83,0.185
8471273,2011,C,86,1.36
8471274,2011,D,71,1.207
8471276,2011,C,86,2.61
8471279,2011,D,29,0.124
8471280,2011,R,77,0.863
8471283,2011,L,101,0.195
8471284,2011,D,69,0.297
8471296,2011,D,67,0.19
8471299,2011,C,10,0.184
8471303,2011,D,87,2.761
8471306,2011,G,19,0.0
8471309,2011,R,82,2.581
8471311,2011,C,66,1.631
8471312,2011,R,40,0.356
8471314,2011,D,17,-0.02
8471321,2011,D,2,-0.008
8471323,2011,L,79,1.154
8471331,2011,C,35,0.252
8471338,2011,C,81,0.386
8471339,2011,R,96,3.216
8471346,2011,R,78,2.237
8471348,2011,D,61,1.315
8471352,2011,C,52,0.199
8471362,2011,C,74,2.046
8471365,2011,C,7,-0.055
8471371,2011,R,50,-0.106
8471385,2011,D,36,0.015
8471386,2011,L,9,0.02
8471388,2011,R,63,-0.072
8471390,2011,C,60,0.347
8471392,2011,D,86,0.078
8471402,2011,L,60,-0.064
8471409,2011,R,37,-0.004
8471418,2011,G,1,0.0
8471419,2011,R,6,-0.041
8471426,2011,R,96,0.934
8471428,2011,R,3,-0.012
8471436,2011,D,33,0.149
8471450,2011,R,45,0.188
8471451,2011,C,7,-0.058
8471469,2011,G,83,0.0
8471476,2011,L,89,0.53
8471482,2011,D,63,0.49
8471483,2011,C,5,-0.043
8471490,2011,R,2,0.044
8471498,2011,R,87,1.411
8471504,2011,R,76,0.643
8471514,2011,C,64,1.936
8471521,2011,R,62,-0.296
8471634,2011,R,45,0.284
8471636,2011,L,19,-0.109
8471657,2011,L,75,0.14
8471663,2011,R,39,-0.068
8471664,2011,L,60,0.858
8471668,2011,C,5,-0.026
8471669,2011,C,79,2.059
8471670,2011,L,16,0.447
8471675,2011,C,28,2.06
8471676,2011,R,82,2.625
8471677,2011,D,82,1.676
8471678,2011,L,81,1.391
8471679,2011,G,65,0.0
8471680,2011,C,45,0.755
8471681,2011,R,46,0.283
8471682,2011,R,69,1.86
8471683,2011,D,55,0.519
8471685,2011,C,102,4.437
8471686,2011,D,66,0.274
8471689,2011,C,9,-0.008
8471691,2011,C,76,1.084
8471693,2011,D,55,0.467
8471694,2011,L,9,-0.057
8471695,2011,G,23,0.0
8471697,2011,R,11,0.077
8471698,2011,R,89,2.799
8471699,2011,C,82,0.765
8471701,2011,D,5,-0.025
8471702,2011,D,79,0.858
8471703,2011,R,75,1.366
8471705,2011,D,41,-0.005
8471707,2011,L,85,4.826
8471709,2011,D,87,0.782
8471710,2011,D,5,-0.03
8471714,2011,D,19,0.066
8471715,2011,G,68,0.0
8471716,2011,L,86,0.795
8471717,2011,D,72,0.162
8471719,2011,L,24,0.006
8471724,2011,D,57,2.542
8471729,2011,D,64,0.511
8471730,2011,C,3,-0.019
8471734,2011,G,89,0.0
8471735,2011,D,98,2.081
8471741,2011,D,9,-0.031
8471742,2011,D,57,0.856
8471743,2011,C,82,0.422
8471748,2011,D,4,-0.027
8471750,2011,G,10,0.0
8471752,2011,D,58,0.36
8471760,2011,C,14,-0.038
8471761,2011,D,68,0.284
8471762,2011,C,5,0.022
8471766,2011,R,54,-0.196
8471767,2011,C,43,0.311
8471768,2011,L,74,0.529
8471769,2011,D,75,0.472
8471794,2011,C,69,1.266
8471804,2011,C,62,1.039
8471807,2011,C,72,0.48
8471810,2011,D,44,0.066
8471811,2011,C,33,-0.022
8471816,2011,D,106,0.338
8471817,2011,R,62,-0.161
8471821,2011,R,1,-0.009
8471822,2011,G,1,0.0
8471840,2011,L,15,0.063
8471842,2011,L,27,-0.05
8471846,2011,D,3,-0.014
8471851,2011,R,59,0.64
8471856,2011,C,72,0.422
8471859,2011,L,85,1.502
8471862,2011,C,89,1.498
8471868,2011,L,41,-0.189
8471873,2011,D,73,1.069
8471885,2011,C,9,0.024
8471887,2011,R,86,2.605
8471916,2011,L,6,0.056
8471941,2011,R,6,0.071
8471956,2011,L,81,0.41
8471958,2011,D,102,1.494
8471976,2011,C,81,2.279
8471978,2011,D,5,-0.006
8471996,2011,C,5,-0.055
8472262,2011,D,5,-0.01
8472355,2011,C,52,-0.118
8472361,2011,R,7,-0.008
8472368,2011,R,8,0.128
8472379,2011,C,63,1.13
8472382,2011,D,80,0.472
8472394,2011,D,28,0.27
8472410,2011,C,25,0.303
8472424,2011,L,2,0.025
8473404,2011,G,46,0.0
8473412,2011,C,74,1.946
8473414,2011,G,7,0.0
8473419,2011,L,83,2.592
8473422,2011,L,89,1.994
8473426,2011,D,51,-0.034
8473432,2011,R,77,0.58
8473444,2011,C,1,-0.005
8473446,2011,D,73,1.058
8473449,2011,R,79,1.717
8473453,2011,C,92,0.271
8473456,2011,R,5,-0.049
8473459,2011,D,9,-0.007
8473461,2011,G,46,0.0
8473465,2011,L,78,1.626
8473466,2011,C,20,-0.076
8473473,2011,L,88,2.661
8473482,2011,L,79,1.322
8473484,2011,L,66,0.1
8473485,2011,R,86,1.108
8473492,2011,L,70,0.239
8473493,2011,C,15,0.301
8473501,2011,D,1,-0.008
8473503,2011,G,34,0.0
8473504,2011,R,74,0.641
8473507,2011,D,73,1.048
8473511,2011,C,7,0.048
8473512,2011,R,87,5.418
8473523,2011,G,26,0.0
8473525,2011,D,54,-0.186
8473526,2011,C,32,0.788
8473533,2011,C,68,2.819
8473534,2011,C,91,1.901
8473537,2011,L,85,2.244
8473539,2011,D,1,0.047
8473541,2011,G,16,0.0
8473542,2011,L,14,-0.061
8473544,2011,C,74,1.575
8473546,2011,L,78,1.661
8473548,2011,R,82,4.103
8473558,2011,C,76,0.215
8473562,2011,C,10,-0.06
8473563,2011,C,55,1.786
8473564,2011,R,67,0.653
8473565,2011,D,12,0.028
8473568,2011,R,60,0.0
8473569,2011,L,25,0.02
8473571,2011,D,76,1.088
8473573,2011,C,99,1.766
8473574,2011,L,86,0.79
8473575,2011,G,53,0.0
8473579,2011,L,70,0.9
8473584,2011,D,75,0.512
8473588,2011,R,88,0.79
8473589,2011,D,21,0.119
8473592,2011,R,4,-0.016
8473600,2011,R,35,0.267
8473604,2011,C,65,3.006
8473607,2011,G,38,0.0
8473608,2011,C,35,-0.006
8473610,2011,D,3,-0.008
8473614,2011,G,18,0.0
8473618,2011,C,68,1.147
8473646,2011,L,95,0.226
8473647,2011,D,17,0.052
8473673,2011,D,51,0.407
8473682,2011,C,19,0.236
8473700,2011,D,59,0.707
8473712,2011,L,7,-0.048
8473722,2011,L,35,-0.16
8473734,2011,R,49,0.059
8473867,2011,C,1,0.0
8473898,2011,C,9,0.131
8473908,2011,R,25,-0.009
8473913,2011,D,2,-0.01
8473914,2011,C,62,0.975
8473921,2011,D,5,-0.031
8473927,2011,C,27,-0.081
8473932,2011,C,82,-0.081
8473933,2011,D,36,0.204
8473942,2011,C,16,0.187
8473953,2011,D,47,0.345
8473962,2011,L,81,2.836
8473970,2011,L,15,0.031
8473972,2011,G,73,0.0
8473991,2011,D,96,0.376
8473992,2011,D,47,0.178
8473994,2011,L,71,3.035
8473999,2011,R,38,0.098
8474000,2011,D,23,0.125
8474001,2011,L,72,0.115
8474009,2011,C,50,0.691
8474013,2011,D,28,0.168
8474024,2011,C,35,0.329
8474025,2011,L,26,-0.021
8474027,2011,D,71,0.325
8474029,2011,D,5,0.034
8474030,2011,R,38,0.093
8474031,2011,D,90,2.24
8474034,2011,L,2,-0.034
8474035,2011,L,2,-0.008
8474037,2011,L,50,1.265
8474038,2011,L,22,0.119
8474040,2011,C,75,2.137
8474042,2011,C,10,-0.028
8474045,2011,C,16,-0.04
8474046,2011,D,3,0.042
8474048,2011,D,36,-0.043
8474049,2011,R,2,0.16
8474050,2011,L,5,0.081
8474053,2011,C,85,3.404
8474056,2011,D,81,1.465
8474057,2011,G,11,0.0
8474059,2011,L,14,0.01
8474062,2011,C,5,-0.003
8474068,2011,C,62,1.027
8474074,2011,D,3,-0.007
8474077,2011,R,11,0.056
8474089,2011,C,9,0.033
8474090,2011,D,14,0.317
8474091,2011,C,82,1.554
8474094,2011,R,78,1.194
8474095,2011,C,26,0.093
8474096,2011,C,87,0.819
8474100,2011,L,47,0.739
8474102,2011,L,66,2.172
8474113,2011,D,11,-0.011
8474121,2011,C,75,-0.268
8474125,2011,D,76,0.655
8474128,2011,C,1,0.005
8474130,2011,R,34,0.286
8474134,2011,D,60,0.682
8474137,2011,L,37,0.519
8474138,2011,L,26,0.296
8474139,2011,C,29,0.043
8474141,2011,R,88,3.566
8474143,2011,L,1,-0.008
8474145,2011,D,6,-0.016
8474146,2011,R,13,0.399
8474149,2011,L,15,0.109
8474150,2011,C,41,0.424
8474151,2011,D,102,1.474
8474153,2011,R,17,0.249
8474157,2011,L,79,3.546
8474161,2011,R,89,2.681
8474163,2011,D,10,-0.037
8474164,2011,D,33,0.215
8474166,2011,D,71,0.745
8474168,2011,C,5,-0.029
8474176,2011,L,81,1.55
8474184,2011,D,41,0.177
8474189,2011,C,79,0.986
8474190,2011,R,93,3.129
8474192,2011,R,56,0.38
8474195,2011,L,10,0.044
8474201,2011,L,14,0.029
8474218,2011,D,60,0.513
8474220,2011,R,16,0.17
8474230,2011,L,14,-0.088
8474250,2011,C,88,1.069
8474291,2011,C,53,0.007
8474383,2011,R,3,-0.009
8474498,2011,C,36,0.385
8474500,2011,L,2,-0.005
8474518,2011,D,9,0.064
8474519,2011,D,57,0.111
8474520,2011,D,81,1.498
8474535,2011,C,4,-0.024
8474550,2011,G,73,0.0
8474551,2011,L,71,0.575
8474552,2011,L,5,0.01
8474563,2011,D,97,2.335
8474564,2011,C,82,4.712
8474565,2011,D,89,2.592
8474566,2011,L,9,-0.014
8474567,2011,D,65,1.132
8474568,2011,D,79,0.926
8474569,2011,C,72,1.471
8474570,2011,C,83,1.639
8474571,2011,L,98,1.133
8474573,2011,R,80,1.498
8474574,2011,D,55,0.807
8474575,2011,D,24,-0.078
8474576,2011,L,16,0.009
8474577,2011,C,10,0.123
8474578,2011,D,88,3.671
8474579,2011,D,80,0.964
8474581,2011,D,75,1.191
8474582,2011,R,43,-0.018
8474584,2011,D,97,2.231
8474585,2011,D,1,-0.016
8474586,2011,R,78,3.792
8474587,2011,R,9,-0.072
8474589,2011,R,48,1.623
8474590,2011,D,96,1.487
8474593,2011,G,7,0.0
8474594,2011,D,74,0.911
8474596,2011,G,1,0.0
8474597,2011,D,1,0.0
8474600,2011,D,62,0.499
8474604,2011,D,9,-0.052
8474606,2011,D,3,-0.007
8474607,2011,C,1,-0.007
8474609,2011,C,52,0.864
8474610,2011,C,16,0.093
8474612,2011,D,73,0.839
8474613,2011,C,102,2.158
8474616,2011,C,9,-0.032
8474618,2011,D,63,0.246
8474625,2011,R,33,0.329
8474628,2011,D,15,0.11
8474631,2011,D,46,0.217
8474634,2011,C,26,0.03
8474641,2011,C,98,3.0
8474642,2011,L,27,0.046
8474646,2011,L,25,0.039
8474649,2011,D,5,-0.011
8474651,2011,G,21,0.0
8474659,2011,D,3,0.006
8474666,2011,L,29,0.315
8474668,2011,R,70,0.035
8474670,2011,R,1,-0.005
8474673,2011,D,54,0.544
8474679,2011,R,22,0.25
8474681,2011,C,41,0.071
8474682,2011,G,5,0.0
8474685,2011,L,13,0.046
8474690,2011,G,6,0.0
8474691,2011,L,2,0.027
8474693,2011,R,8,0.014
8474697,2011,D,2,-0.005
8474705,2011,C,24,0.189
8474707,2011,D,55,0.309
8474709,2011,L,80,0.007
8474715,2011,R,27,0.797
8474716,2011,D,70,0.8
8474719,2011,C,17,0.133
8474727,2011,R,13,0.089
8474729,2011,G,2,0.0
8474736,2011,C,71,-0.077
8474739,2011,C,38,0.28
8474749,2011,D,3,-0.008
8474765,2011,G,16,0.0
8474771,2011,G,1,0.0
8474772,2011,D,69,0.338
8474774,2011,D,5,-0.025
8474818,2011,D,3,0.09
8474884,2011,C,1,-0.015
8474892,2011,L,35,0.374
8475060,2011,D,30,0.203
8475097,2011,G,5,0.0
8475098,2011,C,73,1.502
8475102,2011,C,3,0.041
8475104,2011,D,3,-0.003
8475118,2011,D,70,0.741
8475148,2011,D,18,0.077
8475149,2011,L,94,1.363
8475150,2011,R,50,0.383
8475151,2011,C,18,0.338
8475153,2011,D,29,-0.012
8475154,2011,R,15,-0.1
8475155,2011,D,21,0.163
8475158,2011,C,81,2.417
8475159,2011,L,6,-0.003
8475160,2011,L,84,0.096
8475162,2011,D,2,-0.002
8475164,2011,R,2,-0.033
8475165,2011,C,56,0.09
8475166,2011,C,82,4.034
8475167,2011,D,61,0.815
8475168,2011,C,58,1.177
8475169,2011,L,74,2.967
8475170,2011,C,65,0.985
8475171,2011,D,98,1.497
8475172,2011,C,21,0.245
8475173,2011,R,1,-0.013
8475174,2011,D,89,0.465
8475175,2011,L,41,0.276
8475176,2011,D,35,0.513
8475177,2011,D,1,0.004
8475178,2011,R,48,0.182
8475179,2011,D,65,1.289
8475180,2011,C,4,0.032
8475181,2011,D,88,1.531
8475182,2011,D,30,0.245
8475183,2011,C,42,0.139
8475184,2011,L,18,0.25
8475185,2011,C,47,0.233
8475186,2011,D,67,0.018
8475188,2011,D,25,0.287
8475191,2011,R,3,-0.017
8475195,2011,G,4,0.0
8475197,2011,D,10,-0.059
8475200,2011,D,60,0.712
8475204,2011,C,5,0.043
8475206,2011,D,39,0.531
8475214,2011,L,3,-0.011
8475215,2011,G,5,0.0
8475218,2011,D,2,-0.01
8475219,2011,L,1,-0.009
8475220,2011,L,14,0.569
8475225,2011,C,74,1.581
8475231,2011,C,15,0.077
8475233,2011,D,31,0.322
8475236,2011,C,30,0.289
8475248,2011,D,5,0.05
8475252,2011,G,12,0.0
8475254,2011,C,3,-0.017
8475264,2011,C,61,0.176
8475266,2011,C,47,0.307
8475268,2011,L,53,0.896
8475283,2011,L,5,-0.018
8475323,2011,C,77,0.759
8475325,2011,C,46,-0.043
8475361,2011,G,42,0.0
8475372,2011,C,12,-0.054
8475430,2011,D,4,-0.003
8475431,2011,G,9,0.0
8475455,2011,D,1,-0.002
8475602,2011,C,14,0.275
8475603,2011,C,5,-0.037
8475613,2011,D,51,0.389
8475619,2011,L,23,-0.159
8475637,2011,R,59,0.475
8475640,2011,D,37,0.189
8475650,2011,L,22,-0.094
8475671,2011,R,1,-0.003
8475679,2011,C,6,0.012
8475680,2011,G,2,0.0
8475681,2011,G,12,0.0
8475683,2011,G,30,0.0
8475690,2011,D,30,0.103
8475692,2011,R,10,0.16
8475722,2011,L,6,0.082
8475753,2011,D,66,0.731
8475757,2011,R,9,0.08
8475758,2011,R,49,0.346
8475764,2011,D,82,0.954
8475768,2011,L,7,0.131
8475772,2011,C,1,-0.002
8475784,2011,L,64,2.576
8475788,2011,C,76,0.765
8475790,2011,D,79,0.184
8475791,2011,L,61,2.636
8475792,2011,R,68,0.311
8475793,2011,C,67,0.686
8475794,2011,C,88,3.729
8475799,2011,R,55,-0.217
8475913,2011,R,1,0.042
8476116,2011,C,20,-0.017
8476158,2011,L,37,0.227
8476177,2011,R,90,2.474
8476205,2011,C,22,0.089
8476206,2011,C,7,-0.059
8476211,2011,C,3,0.026
8476224,2011,D,1,0.059
8476225,2011,L,2,-0.017
8476243,2011,G,1,0.0
8476244,2011,D,59,0.461
8476381,2011,R,40,1.05
8476438,2011,L,4,0.018
8476454,2011,C,62,2.515
8476455,2011,L,82,2.518
8476457,2011,D,70,0.531
8476459,2011,C,9,0.007
8476460,2011,C,7,-0.003
8476461,2011,C,88,1.447
8476466,2011,L,5,0.143
8476792,2011,D,2,0.03
8476803,2011,G,1,0.0
8476806,2011,R,5,0.053
8476819,2011,C,1,-0.011
8448208,2012,R,67,2.041
8455710,2012,G,29,0.0
8457981,2012,R,53,0.976
8458529,2012,R,14,0.094
8458537,2012,L,32,1.06
8458590,2012,R,28,0.15
8458938,2012,D,18,0.008
8458951,2012,D,55,1.229
8459053,2012,D,36,-0.078
8459140,2012,G,12,0.0
8459442,2012,C,54,1.511
8459444,2012,R,13,0.015
8459454,2012,L,18,-0.169
8459457,2012,R,4,0.032
8459492,2012,L,48,1.059
8459514,2012,R,19,-0.028
8459628,2012,D,32,-0.223
8459670,2012,D,45,1.244
8459687,2012,C,30,-0.131
8460492,2012,D,6,0.019
8460496,2012,L,47,0.134
8460535,2012,G,15,0.0
8460542,2012,C,48,1.658
8460561,2012,D,50,0.526
8460577,2012,R,29,0.436
8460621,2012,R,57,1.465
8460626,2012,D,39,-0.19
8460704,2012,G,19,0.0
8460705,2012,G,47,0.0
8460712,2012,G,31,0.0
8460719,2012,L,42,0.669
8460720,2012,L,15,-0.083
8462033,2012,D,34,0.327
8462038,2012,R,48,0.984
8462041,2012,R,9,0.202
8462042,2012,R,59,1.985
8462044,2012,G,18,0.0
8462047,2012,G,6,0.0
8462052,2012,G,4,0.0
8462077,2012,C,47,0.482
8462129,2012,C,62,0.533
8462147,2012,G,24,0.0
8462152,2012,G,11,0.0
8462196,2012,D,48,0.311
8462225,2012,D,44,0.188
8462535,2012,L,1,-0.012
8464956,2012,D,58,0.366
8464966,2012,D,39,0.352
8464967,2012,C,32,0.215
8464975,2012,C,34,0.769
8464977,2012,C,22,0.178
8464981,2012,D,28,-0.013
8464989,2012,C,47,1.319
8464994,2012,L,36,0.305
8464999,2012,G,18,0.0
8465009,2012,D,70,1.202
8465012,2012,D,16,0.029
8465025,2012,R,37,0.001
8465042,2012,D,38,0.083
8465050,2012,C,26,0.194
8465058,2012,D,50,0.702
8465122,2012,D,8,0.011
8465166,2012,R,63,0.101
8465200,2012,D,10,0.099
8465202,2012,D,46,0.507
8465914,2012,D,53,0.196
8465951,2012,L,63,0.467
8465978,2012,L,67,0.211
8466138,2012,C,59,1.732
8466139,2012,C,59,2.355
8466140,2012,C,45,0.173
8466141,2012,G,23,0.0
8466142,2012,D,48,0.188
8466148,2012,R,62,2.335
8466149,2012,R,62,0.798
8466158,2012,D,44,-0.031
8466160,2012,L,58,0.966
8466182,2012,D,25,0.064
8466215,2012,D,40,0.734
8466251,2012,L,54,0.395
8466285,2012,D,48,1.057
8466333,2012,D,62,0.423
8466339,2012,G,19,0.0
8466378,2012,R,48,2.627
8466393,2012,R,63,2.011
8466398,2012,R,15,-0.08
8467096,2012,D,57,1.505
8467329,2012,C,39,1.023
8467330,2012,C,48,0.924
8467331,2012,D,59,0.135
8467332,2012,D,48,0.053
8467334,2012,C,9,-0.025
8467336,2012,L,44,-0.122
8467338,2012,L,40,0.943
8467344,2012,D,59,-0.209
8467346,2012,L,38,0.598
8467351,2012,C,48,0.228
8467353,2012,C,40,0.381
8467365,2012,D,37,0.207
8467370,2012,C,38,0.606
8467371,2012,C,55,1.904
8467389,2012,C,56,1.007
8467391,2012,G,15,0.0
8467396,2012,L,47,0.145
8467400,2012,D,55,1.301
8467407,2012,R,50,0.897
8467412,2012,L,42,-0.026
8467423,2012,C,31,0.242
8467428,2012,R,22,-0.145
8467452,2012,D,66,0.248
8467463,2012,R,9,0.069
8467478,2012,D,19,-0.051
8467493,2012,R,58,0.167
8467496,2012,D,53,1.316
8467514,2012,C,61,2.469
8467543,2012,C,1,-0.004
8467545,2012,R,51,1.547
8467580,2012,D,31,-0.07
8467831,2012,C,49,0.075
8467875,2012,L,51,1.894
8467876,2012,C,52,1.267
8467881,2012,L,60,0.167
8467890,2012,D,52,0.312
8467899,2012,R,42,0.72
8467910,2012,D,7,-0.033
8467917,2012,D,45,0.217
8467925,2012,R,37,0.065
8467931,2012,D,26,0.001
8467950,2012,G,34,0.0
8467967,2012,C,56,0.256
8467977,2012,R,21,0.05
8467988,2012,L,24,0.168
8468001,2012,C,43,0.18
8468011,2012,G,40,0.0
8468038,2012,G,1,0.0
8468064,2012,R,49,0.593
8468083,2012,C,60,3.001
8468085,2012,R,34,1.292
8468095,2012,R,39,-0.212
8468101,2012,D,15,0.083
8468114,2012,D,58,0.184
8468162,2012,C,45,0.13
8468172,2012,L,47,0.192
8468208,2012,R,46,0.781
8468309,2012,D,54,1.395
8468434,2012,C,43,0.689
8468478,2012,D,27,0.283
8468481,2012,G,3,0.0
8468482,2012,L,36,0.894
8468483,2012,R,47,1.488
8468484,2012,D,38,0.164
8468485,2012,L,44,0.656
8468486,2012,L,32,0.293
8468493,2012,D,47,0.281
8468498,2012,D,58,0.0
8468501,2012,D,37,0.043
8468504,2012,R,54,1.607
8468505,2012,C,48,0.833
8468508,2012,R,66,1.919
8468509,2012,D,62,1.162
8468513,2012,D,48,0.176
8468518,2012,R,47,0.911
8468520,2012,D,23,0.165
8468524,2012,G,40,0.0
8468526,2012,C,60,0.635
8468534,2012,D,4,-0.022
8468535,2012,C,48,0.478
8468540,2012,G,19,0.0
8468542,2012,D,49,1.335
8468598,2012,D,41,0.63
8468611,2012,C,55,0.065
8468635,2012,L,50,-0.213
8468636,2012,D,44,0.015
8468639,2012,D,36,0.437
8468660,2012,L,4,-0.019
8468674,2012,D,49,0.074
8468685,2012,G,55,0.0
8468695,2012,C,28,0.112
8468700,2012,C,23,0.133
8468704,2012,R,22,0.128
8468778,2012,R,51,-0.229
8469454,2012,L,37,1.347
8469455,2012,C,8,0.247
8469457,2012,C,17,-0.12
8469459,2012,C,53,1.326
8469460,2012,D,4,-0.019
8469462,2012,L,17,0.299
8469465,2012,D,51,1.012
8469466,2012,R,38,0.825
8469467,2012,R,37,0.275
8469469,2012,C,48,0.425
8469470,2012,D,15,0.076
8469473,2012,C,42,0.666
8469474,2012,R,41,-0.113
8469476,2012,D,42,0.203
8469483,2012,C,41,0.351
8469485,2012,C,46,1.096
8469490,2012,R,42,0.053
8469492,2012,D,48,0.813
8469500,2012,L,44,1.24
8469501,2012,R,42,-0.041
8469506,2012,R,49,1.528
8469508,2012,C,55,0.342
8469514,2012,G,15,0.0
8469521,2012,C,52,1.451
8469531,2012,D,47,0.14
8469534,2012,D,10,-0.082
8469542,2012,L,2,-0.018
8469544,2012,L,51,1.565
8469547,2012,R,43,0.08
8469548,2012,G,21,0.0
8469555,2012,D,47,0.711
8469581,2012,C,39,0.434
8469591,2012,C,8,-0.052
8469598,2012,D,40,0.542
8469608,2012,G,34,0.0
8469619,2012,D,64,0.581
8469622,2012,L,42,0.626
8469623,2012,D,48,0.656
8469626,2012,D,28,-0.115
8469638,2012,L,51,0.997
8469639,2012,C,9,0.108
8469664,2012,R,45,0.704
8469665,2012,D,71,0.57
8469685,2012,C,1,0.0
8469707,2012,R,48,2.032
8469732,2012,G,21,0.0
8469755,2012,R,1,-0.015
8469759,2012,C,46,0.924
8469760,2012,D,34,-0.095
8469765,2012,D,25,0.423
8469770,2012,D,46,0.973
8469779,2012,C,47,0.449
8469812,2012,R,35,-0.088
8469820,2012,C,39,-0.289
8469992,2012,D,27,-0.006
8470018,2012,L,6,-0.012
8470039,2012,L,48,1.306
8470041,2012,L,56,2.572
8470047,2012,C,55,0.486
8470054,2012,D,36,-0.014
8470061,2012,D,16,-0.035
8470063,2012,R,52,-0.147
8470104,2012,D,48,0.375
8470105,2012,R,27,0.103
8470110,2012,D,44,0.467
8470120,2012,R,44,1.974
8470121,2012,D,14,0.066
8470123,2012,R,4,-0.024
8470137,2012,D,22,0.3
8470140,2012,G,36,0.0
8470144,2012,C,54,1.679
8470151,2012,D,53,0.854
8470153,2012,C,48,0.764
8470156,2012,R,26,-0.075
8470159,2012,C,48,0.676
8470162,2012,C,43,0.981
8470169,2012,C,63,0.457
8470171,2012,C,35,0.158
8470180,2012,L,48,-0.037
8470187,2012,D,66,0.365
8470189,2012,L,9,0.022
8470192,2012,D,46,0.107
8470201,2012,R,42,1.066
8470207,2012,L,23,1.062
8470216,2012,G,10,0.0
8470222,2012,D,30,0.55
8470230,2012,L,68,0.964
8470232,2012,C,9,-0.03
8470257,2012,L,46,1.503
8470265,2012,D,7,0.018
8470273,2012,D,25,-0.009
8470274,2012,L,45,0.584
8470280,2012,L,14,-0.044
8470281,2012,D,69,1.539
8470283,2012,C,30,-0.065
8470289,2012,C,26,0.03
8470302,2012,R,46,0.394
8470309,2012,D,34,0.473
8470310,2012,D,27,0.123
8470318,2012,D,59,0.366
8470320,2012,G,17,0.0
8470324,2012,D,53,0.16
8470358,2012,R,51,1.485
8470378,2012,D,38,0.565
8470543,2012,L,63,2.854
8470594,2012,G,38,0.0
8470595,2012,C,48,2.346
8470596,2012,R,65,1.646
8470598,2012,L,38,2.39
8470599,2012,L,33,0.854
8470600,2012,D,53,1.175
8470601,2012,D,33,-0.049
8470602,2012,D,55,1.138
8470604,2012,C,66,2.106
8470606,2012,R,64,1.311
8470607,2012,D,70,0.896
8470609,2012,R,47,0.708
8470610,2012,L,53,2.327
8470611,2012,C,48,0.604
8470612,2012,C,51,2.566
8470613,2012,D,41,1.236
8470614,2012,D,42,0.059
8470616,2012,C,21,0.822
8470617,2012,C,63,1.865
8470619,2012,C,49,0.228
8470621,2012,R,51,2.128
8470622,2012,R,47,0.206
8470626,2012,L,48,1.282
8470630,2012,D,47,0.466
8470638,2012,C,64,2.08
8470640,2012,D,48,0.838
8470642,2012,D,48,1.205
8470644,2012,R,51,0.825
8470645,2012,G,53,0.0
8470647,2012,R,44,0.011
8470654,2012,C,52,0.465
8470655,2012,R,54,1.088
8470657,2012,G,56,0.0
8470662,2012,C,50,-0.017
8470666,2012,L,27,0.033
8470667,2012,L,45,0.886
8470672,2012,D,48,-0.005
8470685,2012,D,17,0.119
8470699,2012,D,46,0.276
8470704,2012,R,2,-0.008
8470713,2012,L,28,0.205
8470714,2012,D,33,0.036
8470719,2012,C,14,-0.071
8470724,2012,D,50,-0.07
8470729,2012,D,38,0.044
8470740,2012,R,47,1.356
8470750,2012,C,47,0.384
8470755,2012,R,27,0.122
8470760,2012,D,57,0.354
8470774,2012,D,37,0.113
8470775,2012,C,45,0.698
8470777,2012,L,1,0.002
8470778,2012,L,50,0.048
8470794,2012,C,59,2.017
8470798,2012,D,3,-0.017
8470803,2012,C,53,0.378
8470804,2012,D,1,-0.004
8470816,2012,L,11,-0.054
8470828,2012,D,22,0.598
8470834,2012,D,43,1.288
8470839,2012,D,28,0.06
8470852,2012,L,53,2.691
8470854,2012,L,53,-0.354
8470860,2012,G,16,0.0
8470871,2012,L,35,0.224
8470877,2012,R,33,0.19
8470880,2012,G,30,0.0
8470886,2012,D,49,0.29
8470896,2012,L,1,-0.006
8470920,2012,R,48,1.395
8470966,2012,D,47,0.438
8471185,2012,L,40,1.081
8471186,2012,G,3,0.0
8471208,2012,L,51,0.501
8471214,2012,L,55,3.141
8471215,2012,C,46,2.314
8471216,2012,D,14,0.055
8471217,2012,L,48,1.994
8471218,2012,R,48,1.921
8471219,2012,G,7,0.0
8471222,2012,D,48,-0.179
8471226,2012,R,46,0.639
8471227,2012,G,38,0.0
8471231,2012,C,46,0.47
8471232,2012,L,36,0.233
8471233,2012,C,48,0.383
8471234,2012,L,27,0.332
8471236,2012,D,11,0.049
8471239,2012,G,32,0.0
8471240,2012,D,26,-0.016
8471241,2012,D,25,0.219
8471242,2012,D,42,1.385
8471245,2012,C,53,0.336
8471246,2012,L,18,0.084
8471251,2012,G,19,0.0
8471254,2012,L,71,1.452
8471260,2012,L,42,0.247
8471262,2012,C,8,-0.003
8471266,2012,L,12,0.136
8471269,2012,D,30,0.076
8471273,2012,C,29,0.659
8471274,2012,D,47,1.164
8471276,2012,C,69,2.082
8471280,2012,R,17,0.261
8471283,2012,L,42,0.29
8471284,2012,D,37,0.356
8471296,2012,D,38,0.359
8471299,2012,C,27,0.166
8471303,2012,D,49,1.048
8471306,2012,G,6,0.0
8471309,2012,R,55,1.553
8471311,2012,C,55,0.525
8471312,2012,R,1,-0.013
8471314,2012,D,11,0.011
8471321,2012,D,10,0.023
8471323,2012,L,27,0.208
8471326,2012,L,46,-0.158
8471331,2012,C,31,0.182
8471338,2012,C,50,0.081
8471339,2012,R,57,1.777
8471346,2012,R,10,0.105
8471348,2012,D,38,0.226
8471352,2012,C,2,-0.004
8471362,2012,C,55,0.301
8471371,2012,R,39,-0.258
8471385,2012,D,17,0.062
8471388,2012,R,34,-0.197
8471390,2012,C,34,-0.079
8471392,2012,D,54,-0.026
8471402,2012,L,35,0.096
8471409,2012,R,6,-0.068
8471418,2012,G,14,0.0
8471426,2012,R,54,1.394
8471433,2012,G,2,0.0
8471436,2012,D,43,0.044
8471450,2012,R,34,0.052
8471451,2012,C,10,0.175
8471469,2012,G,43,0.0
8471476,2012,L,55,0.577
8471482,2012,D,44,0.631
8471490,2012,R,25,0.159
8471498,2012,R,51,0.773
8471504,2012,R,32,0.752
8471514,2012,C,68,0.596
8471521,2012,R,15,-0.024
8471636,2012,L,6,-0.05
8471657,2012,L,48,0.208
8471663,2012,R,6,-0.035
8471664,2012,L,50,0.84
8471669,2012,C,40,0.763
8471670,2012,L,30,0.453
8471675,2012,C,50,3.307
8471676,2012,R,53,1.474
8471677,2012,D,44,0.72
8471678,2012,L,34,0.881
8471679,2012,G,43,0.0
8471681,2012,R,40,0.34
8471682,2012,R,53,1.197
8471683,2012,D,22,-0.139
8471685,2012,C,65,1.716
8471686,2012,D,22,0.392
8471691,2012,C,39,0.58
8471693,2012,D,55,0.694
8471695,2012,G,58,0.0
8471698,2012,R,36,0.906
8471699,2012,C,55,0.828
8471700,2012,R,2,-0.025
8471701,2012,D,16,-0.037
8471702,2012,D,55,0.494
8471703,2012,R,2,0.018
8471705,2012,D,4,0.064
8471707,2012,L,53,2.323
8471709,2012,D,59,0.208
8471712,2012,G,1,0.0
8471715,2012,G,44,0.0
8471716,2012,L,60,0.534
8471717,2012,D,54,0.168
8471719,2012,L,20,-0.016
8471724,2012,D,50,2.812
8471729,2012,D,33,0.199
8471733,2012,L,47,-0.007
8471734,2012,G,55,0.0
8471735,2012,D,48,1.254
8471742,2012,D,52,1.735
8471743,2012,C,54,0.628
8471748,2012,D,49,0.293
8471750,2012,G,22,0.0
8471752,2012,D,1,-0.001
8471761,2012,D,44,0.219
8471762,2012,C,11,-0.055
8471766,2012,R,43,-0.062
8471767,2012,C,15,-0.01
8471768,2012,L,43,0.599
8471769,2012,D,69,0.293
8471774,2012,G,2,0.0
8471794,2012,C,1,0.008
8471804,2012,C,42,0.292
8471807,2012,C,18,-0.05
8471810,2012,D,2,-0.015
8471816,2012,D,31,0.091
8471817,2012,R,49,-0.047
8471832,2012,C,8,-0.056
8471840,2012,L,3,-0.027
8471842,2012,L,16,-0.018
8471851,2012,R,29,0.048
8471853,2012,L,9,-0.081
8471856,2012,C,39,0.046
8471859,2012,L,46,0.234
8471862,2012,C,57,0.657
8471873,2012,D,58,0.112
8471887,2012,R,24,0.734
8471912,2012,L,4,0.028
8471916,2012,L,1,0.002
8471956,2012,L,53,-0.161
8471958,2012,D,58,0.552
8471976,2012,C,53,0.675
8471996,2012,C,8,-0.056
8472368,2012,R,12,0.075
8472370,2012,D,2,-0.019
8472382,2012,D,48,0.499
8472394,2012,D,23,0.189
8472410,2012,C,48,0.567
8472424,2012,L,12,0.07
8473404,2012,G,42,0.0
8473412,2012,C,48,1.271
8473414,2012,G,6,0.0
8473416,2012,D,2,0.001
8473419,2012,L,67,2.404
8473422,2012,L,45,0.595
8473426,2012,D,42,-0.033
8473432,2012,R,35,0.177
8473434,2012,G,4,0.0
8473446,2012,D,31,0.042
8473449,2012,R,54,0.99
8473453,2012,C,66,0.304
8473461,2012,G,20,0.0
8473463,2012,R,49,-0.162
8473465,2012,L,47,0.915
8473466,2012,C,29,-0.125
8473468,2012,D,37,0.152
8473473,2012,L,68,1.501
8473482,2012,L,48,1.805
8473484,2012,L,31,0.068
8473485,2012,R,54,1.583
8473492,2012,L,49,0.381
8473503,2012,G,40,0.0
8473504,2012,R,47,0.168
8473507,2012,D,48,0.391
8473512,2012,R,48,1.905
8473514,2012,L,8,0.066
8473523,2012,G,12,0.0
8473525,2012,D,4,-0.035
8473526,2012,C,43,0.728
8473533,2012,C,48,1.347
8473534,2012,C,54,0.928
8473536,2012,C,43,-0.192
8473537,2012,L,66,1.027
8473541,2012,G,15,0.0
8473542,2012,L,31,0.024
8473544,2012,C,59,1.559
8473546,2012,L,51,1.212
8473548,2012,R,55,2.713
8473558,2012,C,61,0.152
8473560,2012,D,22,0.096
8473563,2012,C,55,2.023
8473564,2012,R,68,0.61
8473565,2012,D,25,0.08
8473568,2012,R,8,-0.009
8473569,2012,L,2,-0.023
8473571,2012,D,40,0.163
8473573,2012,C,35,0.867
8473574,2012,L,48,0.8
8473575,2012,G,35,0.0
8473579,2012,L,55,0.478
8473584,2012,D,52,0.205
8473588,2012,R,58,0.673
8473589,2012,D,6,-0.001
8473600,2012,R,4,0.028
8473604,2012,C,70,2.953
8473607,2012,G,13,0.0
8473610,2012,D,37,0.224
8473614,2012,G,13,0.0
8473616,2012,R,5,-0.055
8473618,2012,C,46,0.745
8473638,2012,G,3,0.0
8473646,2012,L,44,0.428
8473658,2012,D,24,0.19
8473673,2012,D,30,0.279
8473682,2012,C,30,0.054
8473700,2012,D,12,0.074
8473712,2012,L,37,0.046
8473722,2012,L,34,-0.209
8473734,2012,R,28,-0.092
8473867,2012,C,10,-0.002
8473908,2012,R,31,0.022
8473911,2012,R,13,-0.127
8473914,2012,C,46,1.348
8473932,2012,C,45,-0.382
8473933,2012,D,42,0.389
8473942,2012,C,1,-0.01
8473944,2012,R,2,0.04
8473953,2012,D,22,-0.041
8473962,2012,L,48,1.436
8473970,2012,L,22,0.402
8473972,2012,G,33,0.0
8473986,2012,L,38,0.724
8473991,2012,D,55,-0.033
8473992,2012,D,40,0.026
8473994,2012,L,41,1.279
8474001,2012,L,47,0.58
8474009,2012,C,34,0.714
8474013,2012,D,15,-0.076
8474024,2012,C,29,0.324
8474025,2012,L,41,-0.05
8474027,2012,D,52,0.137
8474030,2012,R,25,0.281
8474031,2012,D,54,1.084
8474032,2012,D,1,-0.004
8474034,2012,L,13,0.084
8474035,2012,L,1,-0.013
8474037,2012,L,55,1.737
8474038,2012,L,4,0.0
8474040,2012,C,48,1.487
8474048,2012,D,45,0.149
8474049,2012,R,5,-0.052
8474052,2012,L,3,0.028
8474053,2012,C,59,2.507
8474056,2012,D,47,1.988
8474061,2012,R,5,0.073
8474062,2012,C,32,0.246
8474066,2012,D,41,0.024
8474068,2012,C,58,1.578
8474074,2012,D,34,0.33
8474089,2012,C,13,-0.003
8474090,2012,D,48,0.48
8474091,2012,C,63,0.668
8474094,2012,R,36,0.319
8474095,2012,C,21,0.059
8474096,2012,C,47,0.294
8474098,2012,C,1,0.049
8474100,2012,L,65,0.074
8474102,2012,L,54,0.7
8474113,2012,D,29,0.405
8474121,2012,C,27,-0.141
8474125,2012,D,44,0.579
8474134,2012,D,6,0.089
8474135,2012,D,8,0.089
8474137,2012,L,37,0.026
8474138,2012,L,24,0.173
8474141,2012,R,70,3.885
8474145,2012,D,15,0.151
8474150,2012,C,32,0.64
8474151,2012,D,59,0.846
8474157,2012,L,48,1.863
8474161,2012,R,48,2.12
8474162,2012,D,62,0.765
8474164,2012,D,35,0.23
8474166,2012,D,34,0.196
8474168,2012,C,52,0.325
8474176,2012,L,60,1.258
8474184,2012,D,49,-0.006
8474189,2012,C,47,1.319
8474190,2012,R,45,1.641
8474192,2012,R,31,0.496
8474201,2012,L,19,0.008
8474207,2012,D,2,-0.004
8474218,2012,D,23,0.032
8474230,2012,L,11,-0.065
8474250,2012,C,58,0.546
8474291,2012,C,55,0.366
8474497,2012,D,36,0.132
8474518,2012,D,29,0.248
8474519,2012,D,30,0.348
8474520,2012,D,51,0.379
8474535,2012,C,18,0.253
8474550,2012,G,54,0.0
8474551,2012,L,8,0.217
8474554,2012,L,2,0.049
8474563,2012,D,66,0.998
8474564,2012,C,48,2.419
8474565,2012,D,53,1.082
8474567,2012,D,33,0.568
8474568,2012,D,47,0.352
8474569,2012,C,25,0.678
8474570,2012,C,48,1.381
8474571,2012,L,48,1.047
8474573,2012,R,44,1.032
8474574,2012,D,39,0.15
8474576,2012,L,13,0.015
8474577,2012,C,7,-0.057
8474578,2012,D,27,1.098
8474579,2012,D,46,0.191
8474581,2012,D,18,0.353
8474582,2012,R,4,0.029
8474584,2012,D,58,0.865
8474586,2012,R,48,1.913
8474589,2012,R,47,1.397
8474590,2012,D,55,0.946
8474593,2012,G,23,0.0
8474594,2012,D,66,1.605
8474596,2012,G,15,0.0
8474597,2012,D,11,0.005
8474600,2012,D,48,0.635
8474602,2012,D,48,1.128
8474605,2012,D,43,0.753
8474606,2012,D,16,0.014
8474609,2012,C,4,0.017
8474610,2012,C,10,0.129
8474612,2012,D,54,0.214
8474613,2012,C,60,2.128
8474615,2012,R,2,-0.014
8474616,2012,C,10,-0.026
8474618,2012,D,11,0.1
8474625,2012,R,10,0.133
8474628,2012,D,40,0.283
8474629,2012,D,1,-0.01
8474641,2012,C,42,0.454
8474646,2012,L,6,0.024
8474649,2012,D,25,0.272
8474651,2012,G,43,0.0
8474661,2012,D,5,-0.03
8474666,2012,L,23,0.193
8474668,2012,R,44,-0.018
8474673,2012,D,47,0.478
8474674,2012,C,38,-0.054
8474679,2012,R,36,0.44
8474681,2012,C,28,0.424
8474683,2012,C,5,-0.009
8474685,2012,L,42,0.577
8474688,2012,D,3,-0.013
8474690,2012,G,7,0.0
8474697,2012,D,6,-0.024
8474705,2012,C,32,0.119
8474707,2012,D,32,0.054
8474709,2012,L,54,0.179
8474715,2012,R,35,0.944
8474716,2012,D,44,0.649
8474717,2012,D,2,-0.019
8474719,2012,C,23,-0.03
8474727,2012,R,2,0.018
8474736,2012,C,32,-0.037
8474739,2012,C,53,0.306
8474743,2012,D,8,0.129
8474744,2012,C,5,-0.07
8474749,2012,D,18,0.086
8474765,2012,G,24,0.0
8474772,2012,D,16,-0.041
8474774,2012,D,28,0.184
8474818,2012,D,26,0.218
8474837,2012,D,4,0.129
8474844,2012,L,2,-0.044
8474849,2012,L,39,0.508
8474850,2012,L,4,-0.021
8474870,2012,C,14,0.155
8474873,2012,D,34,0.041
8474884,2012,C,3,-0.005
8474892,2012,L,4,-0.035
8475060,2012,D,2,-0.002
8475098,2012,C,51,1.113
8475118,2012,D,15,-0.022
8475147,2012,C,31,0.098
8475148,2012,D,31,0.066
8475149,2012,L,41,0.78
8475150,2012,R,17,0.115
8475151,2012,C,49,1.241
8475155,2012,D,36,0.286
8475158,2012,C,29,0.829
8475160,2012,L,62,0.386
8475161,2012,R,5,-0.009
8475163,2012,R,7,0.356
8475164,2012,R,58,1.101
8475165,2012,C,11,-0.016
8475166,2012,C,54,2.422
8475167,2012,D,44,0.869
8475168,2012,C,47,2.28
8475169,2012,L,48,1.274
8475170,2012,C,47,0.877
8475171,2012,D,48,1.008
8475172,2012,C,55,2.102
8475174,2012,D,17,0.153
8475175,2012,L,42,0.545
8475176,2012,D,32,0.247
8475178,2012,R,43,0.195
8475179,2012,D,34,0.405
8475180,2012,C,21,0.165
8475181,2012,D,71,0.756
8475182,2012,D,8,0.061
8475184,2012,L,31,0.0
8475185,2012,C,22,0.035
8475186,2012,D,42,0.263
8475191,2012,R,37,0.205
8475192,2012,L,16,0.194
8475193,2012,L,18,0.33
8475196,2012,R,5,-0.011
8475197,2012,D,32,0.423
8475199,2012,D,1,-0.011
8475200,2012,D,5,0.026
8475204,2012,C,1,-0.009
8475206,2012,D,18,0.145
8475209,2012,R,25,0.353
8475213,2012,C,43,0.326
8475214,2012,L,3,0.115
8475215,2012,G,14,0.0
8475218,2012,D,1,0.001
8475220,2012,L,47,0.542
8475222,2012,D,8,0.055
8475225,2012,C,44,0.513
8475231,2012,C,51,0.745
8475233,2012,D,4,-0.021
8475236,2012,C,48,0.796
8475248,2012,D,1,-0.006
8475252,2012,G,1,0.0
8475254,2012,C,13,0.087
8475264,2012,C,20,0.139
8475266,2012,C,17,0.054
8475268,2012,L,34,0.57
8475283,2012,L,9,0.081
8475304,2012,C,5,-0.032
8475311,2012,G,8,0.0
8475314,2012,L,2,0.093
8475323,2012,C,70,0.877
8475325,2012,C,51,-0.104
8475342,2012,D,15,0.016
8475361,2012,G,7,0.0
8475395,2012,D,2,-0.002
8475430,2012,D,6,0.097
8475455,2012,D,48,0.116
8475462,2012,D,22,0.187
8475598,2012,D,1,-0.008
8475613,2012,D,17,-0.054
8475619,2012,L,33,-0.179
8475622,2012,G,1,0.0
8475625,2012,D,49,0.481
8475637,2012,R,34,0.376
8475640,2012,D,27,0.314
8475650,2012,L,30,-0.266
8475661,2012,L,12,-0.035
8475671,2012,R,12,0.043
8475680,2012,G,1,0.0
8475681,2012,G,20,0.0
8475683,2012,G,38,0.0
8475690,2012,D,38,0.208
8475692,2012,R,27,0.643
8475722,2012,L,25,0.263
8475726,2012,C,22,0.448
8475727,2012,C,4,-0.033
8475728,2012,L,1,-0.016
8475733,2012,C,11,0.055
8475745,2012,C,42,0.368
8475749,2012,L,1,-0.013
8475753,2012,D,38,0.616
8475754,2012,C,1,-0.008
8475755,2012,D,6,-0.036
8475758,2012,R,7,-0.043
8475760,2012,C,11,-0.108
8475761,2012,R,32,0.547
8475764,2012,D,44,0.518
8475765,2012,R,39,0.802
8475766,2012,L,6,-0.025
8475768,2012,L,51,0.304
8475769,2012,C,18,-0.124
8475770,2012,R,45,0.381
8475772,2012,C,1,-0.004
8475775,2012,L,18,0.165
8475784,2012,L,42,1.302
8475788,2012,C,44,0.146
8475790,2012,D,32,0.088
8475791,2012,L,45,2.424
8475792,2012,R,5,0.059
8475793,2012,C,40,0.364
8475794,2012,C,70,2.084
8475796,2012,D,19,0.164
8475797,2012,D,13,0.11
8475798,2012,C,27,0.13
8475824,2012,G,1,0.0
8475831,2012,G,2,0.0
8475848,2012,R,49,1.657
8475852,2012,G,2,0.0
8475893,2012,C,2,0.034
8475913,2012,R,5,-0.041
8475917,2012,R,1,0.051
8475958,2012,C,6,-0.062
8476043,2012,C,6,0.002
8476062,2012,R,1,-0.018
8476116,2012,C,36,0.365
8476158,2012,L,7,-0.023
8476162,2012,D,35,0.408
8476177,2012,R,42,0.956
8476195,2012,C,55,1.276
8476205,2012,C,9,0.003
8476206,2012,C,1,-0.004
8476234,2012,G,1,0.0
8476244,2012,D,28,0.63
8476292,2012,L,14,0.055
8476302,2012,D,7,-0.009
8476381,2012,R,71,0.697
8476419,2012,C,19,0.549
8476436,2012,R,2,-0.008
8476438,2012,L,69,1.336
8476454,2012,C,40,0.767
8476455,2012,L,36,0.622
8476456,2012,L,48,1.478
8476457,2012,D,37,0.123
8476459,2012,C,52,0.808
8476460,2012,C,4,-0.018
8476461,2012,C,46,0.48
8476462,2012,D,49,0.777
8476463,2012,D,50,0.104
8476465,2012,D,4,-0.038
8476466,2012,L,20,0.46
8476467,2012,D,16,0.041
8476468,2012,C,26,0.06
8476470,2012,D,6,0.115
8476482,2012,R,2,-0.034
8476483,2012,R,4,-0.029
8476539,2012,R,2,-0.033
8476792,2012,D,16,0.322
8476799,2012,D,1,-0.004
8476807,2012,D,4,0.092
8476808,2012,C,26,0.369
8476819,2012,C,5,0.02
8476834,2012,C,39,0.45
8476835,2012,L,8,0.034
8476839,2012,G,25,0.0
8476846,2012,G,5,0.0
8476849,2012,C,4,-0.037
8476851,2012,C,53,1.449
8476855,2012,R,48,1.247
8476870,2012,C,17,0.062
8476871,2012,L,1,-0.007
8476872,2012,C,5,-0.012
8476880,2012,R,3,-0.006
8476887,2012,L,5,0.025
8476888,2012,C,25,0.144
8477059,2012,R,58,1.744
8477205,2012,D,2,-0.01
8477215,2012,D,13,-0.001
8477243,2012,C,2,-0.014
8477244,2012,D,7,-0.047
8448208,2013,R,82,3.06
8455710,2013,G,39,0.0
8457981,2013,R,76,1.48
8458537,2013,L,74,1.099
8458951,2013,D,82,0.657
8459140,2013,G,4,0.0
8459442,2013,C,78,0.855
8459444,2013,R,60,0.441
8459628,2013,D,7,-0.055
8459670,2013,D,84,1.298
8460492,2013,D,37,-0.025
8460496,2013,L,72,0.572
8460542,2013,C,65,2.106
8460621,2013,R,71,2.139
8460626,2013,D,40,-0.173
8460703,2013,G,49,0.0
8460705,2013,G,40,0.0
8460720,2013,L,23,0.107
8462038,2013,R,69,1.737
8462041,2013,R,60,-0.111
8462042,2013,R,90,2.935
8462044,2013,G,22,0.0
8462047,2013,G,2,0.0
8462129,2013,C,78,0.557
8462196,2013,D,41,0.258
8464956,2013,D,70,0.334
8464966,2013,D,63,0.396
8464975,2013,C,85,1.071
8464977,2013,C,82,0.493
8464981,2013,D,54,0.092
8464989,2013,C,77,1.209
8465009,2013,D,89,1.917
8465025,2013,R,6,-0.066
8465058,2013,D,59,0.426
8465166,2013,R,95,-0.288
8465185,2013,D,94,0.132
8465202,2013,D,73,0.4
8465914,2013,D,61,-0.043
8465951,2013,L,88,0.447
8465978,2013,L,76,-0.007
8466138,2013,C,89,2.971
8466139,2013,C,89,4.354
8466140,2013,C,82,1.677
8466141,2013,G,56,0.0
8466142,2013,D,81,0.465
8466148,2013,R,91,3.88
8466149,2013,R,52,-0.155
8466158,2013,D,63,0.331
8466160,2013,L,73,0.571
8466182,2013,D,64,-0.185
8466215,2013,D,25,0.418
8466251,2013,L,82,1.66
8466285,2013,D,82,1.098
8466309,2013,D,8,-0.057
8466333,2013,D,71,0.344
8466339,2013,G,17,0.0
8466378,2013,R,106,3.442
8466393,2013,R,39,0.68
8467096,2013,D,82,1.834
8467329,2013,C,76,1.35
8467330,2013,C,88,1.423
8467331,2013,D,68,0.183
8467332,2013,D,81,-0.07
8467334,2013,C,69,0.685
8467336,2013,L,13,-0.018
8467338,2013,L,16,0.405
8467344,2013,D,87,0.213
8467351,2013,C,46,-0.085
8467365,2013,D,37,-0.046
8467370,2013,C,75,1.64
8467371,2013,C,80,1.266
8467389,2013,C,107,2.34
8467391,2013,G,7,0.0
8467396,2013,L,78,1.055
8467400,2013,D,83,0.464
8467407,2013,R,98,1.505
8467423,2013,C,83,0.59
8467428,2013,R,55,-0.158
8467452,2013,D,66,-0.277
8467463,2013,R,26,-0.039
8467493,2013,R,76,0.0
8467496,2013,D,98,2.047
8467514,2013,C,50,1.689
8467545,2013,R,82,1.12
8467831,2013,C,69,0.35
8467875,2013,L,73,1.951
8467876,2013,C,70,1.14
8467881,2013,L,56,-0.251
8467890,2013,D,85,0.313
8467899,2013,R,49,0.8
8467910,2013,D,2,0.042
8467917,2013,D,33,0.208
8467925,2013,R,87,0.356
8467931,2013,D,53,-0.099
8467950,2013,G,53,0.0
8467967,2013,C,57,0.648
8467977,2013,R,76,0.019
8467988,2013,L,57,0.406
8468001,2013,C,77,0.508
8468011,2013,G,65,0.0
8468064,2013,R,70,0.608
8468083,2013,C,47,2.057
8468085,2013,R,80,2.408
8468095,2013,R,22,-0.071
8468101,2013,D,13,0.055
8468114,2013,D,56,-0.202
8468162,2013,C,18,-0.085
8468208,2013,R,82,1.839
8468309,2013,D,89,1.884
8468478,2013,D,89,0.336
8468482,2013,L,87,1.027
8468483,2013,R,67,2.529
8468484,2013,D,25,0.064
8468485,2013,L,12,0.391
8468486,2013,L,85,2.294
8468493,2013,D,82,0.112
8468498,2013,D,77,0.165
8468501,2013,D,56,0.063
8468504,2013,R,78,1.574
8468505,2013,C,88,0.653
8468508,2013,R,108,2.906
8468509,2013,D,84,1.93
8468513,2013,D,71,-0.195
8468518,2013,R,49,0.288
8468524,2013,G,41,0.0
8468526,2013,C,104,0.766
8468535,2013,C,82,1.852
8468540,2013,G,20,0.0
8468542,2013,D,52,0.813
8468575,2013,C,98,0.997
8468598,2013,D,24,0.472
8468611,2013,C,77,-0.374
8468635,2013,L,69,0.158
8468639,2013,D,41,0.229
8468674,2013,D,56,0.421
8468685,2013,G,88,0.0
8468700,2013,C,75,0.94
8468745,2013,D,19,0.168
8468778,2013,R,54,-0.34
8469455,2013,C,75,2.638
8469457,2013,C,26,-0.198
8469459,2013,C,78,2.192
8469460,2013,D,32,0.076
8469462,2013,L,76,0.561
8469465,2013,D,79,0.577
8469466,2013,R,75,1.619
8469467,2013,R,33,-0.163
8469469,2013,C,78,1.186
8469470,2013,D,25,0.029
8469473,2013,C,83,0.91
8469476,2013,D,56,-0.126
8469483,2013,C,6,-0.067
8469485,2013,C,79,1.371
8469490,2013,R,36,0.092
8469492,2013,D,73,0.909
8469500,2013,L,63,1.807
8469501,2013,R,55,0.074
8469506,2013,R,95,2.834
8469508,2013,C,81,0.305
8469514,2013,G,25,0.0
8469521,2013,C,98,2.25
8469531,2013,D,68,0.349
8469542,2013,L,38,-0.13
8469544,2013,L,101,4.276
8469547,2013,R,11,0.008
8469548,2013,G,31,0.0
8469555,2013,D,79,0.945
8469569,2013,G,2,0.0
8469591,2013,C,56,0.087
8469598,2013,D,76,0.776
8469608,2013,G,62,0.0
8469619,2013,D,34,0.262
8469622,2013,L,43,0.973
8469623,2013,D,81,1.562
8469626,2013,D,10,-0.024
8469638,2013,L,94,2.833
8469639,2013,C,51,0.696
8469664,2013,R,79,0.548
8469665,2013,D,96,0.467
8469707,2013,R,62,1.508
8469732,2013,G,11,0.0
8469752,2013,L,3,-0.028
8469759,2013,C,82,1.145
8469760,2013,D,59,0.108
8469770,2013,D,46,0.749
8469779,2013,C,2,-0.026
8469798,2013,D,1,0.046
8469820,2013,C,59,-0.008
8469992,2013,D,55,0.256
8470018,2013,L,50,0.075
8470039,2013,L,80,0.691
8470041,2013,L,90,2.51
8470047,2013,C,79,2.088
8470054,2013,D,48,0.298
8470063,2013,R,15,-0.113
8470065,2013,C,6,-0.026
8470085,2013,D,53,0.431
8470093,2013,G,4,0.0
8470104,2013,D,73,0.942
8470105,2013,R,76,1.22
8470110,2013,D,73,1.057
8470120,2013,R,65,1.603
8470121,2013,D,58,0.199
8470123,2013,R,24,0.069
8470140,2013,G,71,0.0
8470144,2013,C,80,3.399
8470147,2013,G,28,0.0
8470151,2013,D,88,1.258
8470153,2013,C,28,0.274
8470156,2013,R,9,-0.065
8470159,2013,C,74,1.107
8470162,2013,C,63,1.305
8470169,2013,C,94,0.494
8470171,2013,C,88,0.598
8470176,2013,L,62,1.343
8470180,2013,L,79,0.273
8470187,2013,D,87,0.689
8470189,2013,L,2,-0.006
8470201,2013,R,75,2.038
8470207,2013,L,69,2.18
8470216,2013,G,29,0.0
8470222,2013,D,81,2.19
8470230,2013,L,79,0.421
8470232,2013,C,4,0.011
8470257,2013,L,74,3.275
8470268,2013,D,7,-0.001
8470274,2013,L,78,1.566
8470280,2013,L,7,-0.017
8470281,2013,D,98,3.016
8470289,2013,C,27,0.124
8470302,2013,R,75,0.543
8470309,2013,D,7,-0.039
8470310,2013,D,26,-0.075
8470317,2013,D,75,-0.034
8470318,2013,D,48,0.158
8470320,2013,G,30,0.0
8470324,2013,D,83,0.053
8470358,2013,R,49,0.37
8470366,2013,C,1,-0.015
8470378,2013,D,86,0.869
8470543,2013,L,91,3.627
8470594,2013,G,77,0.0
8470595,2013,C,79,1.964
8470596,2013,R,36,0.47
8470598,2013,L,95,3.861
8470599,2013,L,82,1.403
8470600,2013,D,95,1.473
8470601,2013,D,89,0.332
8470602,2013,D,80,0.896
8470604,2013,C,98,3.671
8470606,2013,R,105,1.631
8470607,2013,D,98,2.454
8470609,2013,R,78,0.035
8470610,2013,L,80,4.137
8470611,2013,C,73,1.428
8470612,2013,C,89,4.736
8470613,2013,D,76,3.226
8470614,2013,D,69,0.251
8470616,2013,C,77,1.88
8470617,2013,C,108,1.931
8470619,2013,C,107,1.474
8470621,2013,R,94,5.309
8470622,2013,R,30,0.19
8470626,2013,L,73,1.673
8470630,2013,D,102,0.195
8470638,2013,C,92,3.633
8470640,2013,D,86,1.041
8470642,2013,D,79,2.35
8470644,2013,R,70,0.434
8470645,2013,G,78,0.0
8470647,2013,R,57,0.039
8470654,2013,C,77,0.425
8470655,2013,R,78,2.02
8470657,2013,G,54,0.0
8470662,2013,C,33,-0.192
8470666,2013,L,65,-0.166
8470667,2013,L,79,2.356
8470685,2013,D,25,-0.104
8470699,2013,D,85,0.152
8470713,2013,L,39,0.285
8470714,2013,D,20,0.159
8470724,2013,D,87,-0.002
8470729,2013,D,18,-0.027
8470740,2013,R,86,1.43
8470750,2013,C,75,0.855
8470755,2013,R,73,0.826
8470760,2013,D,75,0.691
8470775,2013,C,85,0.5
8470778,2013,L,87,0.09
8470794,2013,C,89,4.298
8470803,2013,C,93,1.012
8470816,2013,L,34,-0.033
8470828,2013,D,82,0.837
8470834,2013,D,78,2.866
8470839,2013,D,45,-0.048
8470852,2013,L,85,3.02
8470854,2013,L,75,-0.178
8470860,2013,G,52,0.0
8470867,2013,R,47,0.232
8470871,2013,L,28,0.028
8470877,2013,R,48,0.558
8470880,2013,G,31,0.0
8470886,2013,D,76,0.046
8470920,2013,R,60,-0.157
8470966,2013,D,64,2.011
8471185,2013,L,38,0.919
8471208,2013,L,67,1.242
8471214,2013,L,78,3.868
8471215,2013,C,73,4.186
8471217,2013,L,78,2.589
8471218,2013,R,82,3.14
8471219,2013,G,28,0.0
8471220,2013,L,10,0.011
8471222,2013,D,73,-0.146
8471226,2013,R,70,1.272
8471227,2013,G,34,0.0
8471231,2013,C,80,0.434
8471232,2013,L,64,0.708
8471233,2013,C,80,1.608
8471236,2013,D,56,0.933
8471239,2013,G,45,0.0
8471240,2013,D,7,-0.048
8471241,2013,D,39,0.03
8471242,2013,D,70,1.608
8471245,2013,C,23,0.389
8471251,2013,G,21,0.0
8471254,2013,L,78,0.64
8471260,2013,L,67,0.192
8471262,2013,C,85,2.141
8471266,2013,L,66,0.439
8471269,2013,D,82,0.201
8471273,2013,C,82,2.172
8471274,2013,D,87,1.764
8471276,2013,C,92,2.782
8471280,2013,R,9,-0.031
8471283,2013,L,65,0.027
8471284,2013,D,74,1.778
8471296,2013,D,74,0.477
8471299,2013,C,66,0.248
8471303,2013,D,63,0.835
8471306,2013,G,25,0.0
8471309,2013,R,59,1.704
8471311,2013,C,67,0.458
8471323,2013,L,52,-0.031
8471326,2013,L,89,0.0
8471331,2013,C,12,-0.074
8471338,2013,C,67,-0.101
8471339,2013,R,69,1.313
8471346,2013,R,96,1.125
8471348,2013,D,71,0.386
8471352,2013,C,1,-0.013
8471362,2013,C,58,1.597
8471371,2013,R,62,0.048
8471385,2013,D,60,0.047
8471388,2013,R,5,-0.042
8471390,2013,C,49,0.92
8471392,2013,D,78,0.336
8471403,2013,G,40,0.0
8471418,2013,G,36,0.0
8471426,2013,R,82,1.536
8471428,2013,R,1,-0.001
8471436,2013,D,1,-0.007
8471450,2013,R,2,0.002
8471469,2013,G,24,0.0
8471474,2013,C,4,0.031
8471476,2013,L,85,0.645
8471482,2013,D,32,0.353
8471490,2013,R,24,-0.017
8471498,2013,R,71,0.312
8471504,2013,R,80,0.7
8471514,2013,C,62,1.192
8471636,2013,L,16,0.041
8471657,2013,L,78,0.075
8471663,2013,R,7,-0.06
8471664,2013,L,82,1.635
8471669,2013,C,78,2.809
8471675,2013,C,93,4.617
8471676,2013,R,70,1.99
8471677,2013,D,88,1.419
8471678,2013,L,105,1.688
8471679,2013,G,71,0.0
8471680,2013,C,3,-0.045
8471681,2013,R,22,0.13
8471682,2013,R,75,1.045
8471685,2013,C,108,4.212
8471686,2013,D,97,0.35
8471691,2013,C,65,1.322
8471693,2013,D,70,0.565
8471695,2013,G,70,0.0
8471698,2013,R,84,3.055
8471699,2013,C,95,1.927
8471700,2013,R,6,0.047
8471702,2013,D,94,2.162
8471703,2013,R,62,0.639
8471707,2013,L,72,3.258
8471708,2013,C,3,-0.001
8471709,2013,D,86,0.918
8471715,2013,G,57,0.0
8471716,2013,L,75,0.872
8471717,2013,D,30,0.082
8471718,2013,C,83,-0.076
8471719,2013,L,33,0.017
8471724,2013,D,50,1.442
8471729,2013,D,68,1.102
8471733,2013,L,58,-0.169
8471734,2013,G,75,0.0
8471735,2013,D,82,2.237
8471742,2013,D,79,1.127
8471743,2013,C,67,0.889
8471748,2013,D,42,-0.172
8471750,2013,G,63,0.0
8471760,2013,C,1,-0.002
8471761,2013,D,82,0.181
8471762,2013,C,18,-0.05
8471766,2013,R,30,-0.096
8471767,2013,C,14,-0.091
8471768,2013,L,28,0.176
8471769,2013,D,100,0.801
8471774,2013,G,27,0.0
8471794,2013,C,47,1.129
8471804,2013,C,81,1.033
8471816,2013,D,72,0.115
8471817,2013,R,69,-0.2
8471832,2013,C,1,-0.001
8471840,2013,L,17,0.076
8471842,2013,L,37,0.182
8471851,2013,R,57,0.203
8471856,2013,C,66,0.117
8471862,2013,C,76,0.197
8471873,2013,D,106,0.211
8471887,2013,R,76,2.696
8471956,2013,L,88,0.286
8471958,2013,D,106,0.713
8471976,2013,C,96,1.859
8471996,2013,C,25,0.126
8472368,2013,R,19,0.05
8472382,2013,D,82,0.937
8472394,2013,D,33,0.006
8472410,2013,C,66,0.321
8472424,2013,L,2,-0.008
8473404,2013,G,21,0.0
8473412,2013,C,82,2.988
8473419,2013,L,94,2.121
8473422,2013,L,74,1.351
8473426,2013,D,68,-0.145
8473432,2013,R,74,-0.061
8473434,2013,G,27,0.0
8473446,2013,D,87,1.442
8473449,2013,R,71,3.214
8473453,2013,C,99,-0.03
8473461,2013,G,66,0.0
8473465,2013,L,86,1.529
8473466,2013,C,52,0.114
8473468,2013,D,57,0.248
8473473,2013,L,92,2.291
8473482,2013,L,68,1.102
8473485,2013,R,63,0.905
8473492,2013,L,60,1.063
8473499,2013,G,31,0.0
8473503,2013,G,36,0.0
8473504,2013,R,73,0.655
8473505,2013,C,1,-0.014
8473507,2013,D,80,0.329
8473512,2013,R,89,3.553
8473514,2013,L,42,0.008
8473523,2013,G,28,0.0
8473533,2013,C,82,1.22
8473534,2013,C,82,0.837
8473536,2013,C,74,0.813
8473537,2013,L,70,0.401
8473541,2013,G,55,0.0
8473542,2013,L,77,-0.09
8473544,2013,C,104,1.826
8473546,2013,L,64,1.246
8473548,2013,R,82,3.603
8473553,2013,G,20,0.0
8473558,2013,C,18,0.01
8473562,2013,C,36,-0.16
8473563,2013,C,82,3.492
8473564,2013,R,81,1.516
8473565,2013,D,47,0.248
8473571,2013,D,69,0.347
8473573,2013,C,87,1.721
8473574,2013,L,77,0.969
8473575,2013,G,70,0.0
8473579,2013,L,70,0.084
8473584,2013,D,89,0.711
8473588,2013,R,76,0.193
8473589,2013,D,18,0.065
8473600,2013,R,2,-0.011
8473604,2013,C,95,3.265
8473607,2013,G,15,0.0
8473614,2013,G,3,0.0
8473618,2013,C,80,1.698
8473638,2013,G,1,0.0
8473646,2013,L,62,-0.004
8473658,2013,D,50,0.046
8473673,2013,D,48,0.142
8473682,2013,C,9,-0.038
8473700,2013,D,32,0.231
8473712,2013,L,27,-0.162
8473722,2013,L,56,-0.402
8473908,2013,R,48,0.066
8473911,2013,R,6,0.038
8473914,2013,C,88,1.333
8473921,2013,D,2,-0.011
8473927,2013,C,3,-0.029
8473932,2013,C,1,-0.01
8473933,2013,D,91,0.519
8473942,2013,C,28,0.253
8473953,2013,D,14,0.014
8473962,2013,L,85,1.467
8473970,2013,L,72,0.476
8473972,2013,G,56,0.0
8473986,2013,L,86,1.426
8473989,2013,L,67,-0.164
8473991,2013,D,82,0.314
8473992,2013,D,21,0.015
8473994,2013,L,87,3.674
8474001,2013,L,62,0.382
8474005,2013,D,2,0.093
8474008,2013,C,15,-0.067
8474009,2013,C,90,2.466
8474012,2013,C,9,0.01
8474013,2013,D,46,0.332
8474025,2013,L,55,-0.013
8474027,2013,D,89,0.434
8474030,2013,R,2,-0.008
8474031,2013,D,87,2.39
8474034,2013,L,75,1.459
8474037,2013,L,80,3.022
8474038,2013,L,47,0.641
8474040,2013,C,67,0.796
8474048,2013,D,16,-0.025
8474052,2013,L,10,0.101
8474053,2013,C,72,3.588
8474056,2013,D,99,2.661
8474059,2013,L,14,-0.055
8474061,2013,R,53,0.05
8474062,2013,C,73,0.621
8474066,2013,D,82,0.606
8474068,2013,C,82,2.654
8474074,2013,D,20,0.02
8474077,2013,R,1,-0.008
8474089,2013,C,38,-0.017
8474090,2013,D,76,0.484
8474091,2013,C,94,1.536
8474094,2013,R,46,0.241
8474095,2013,C,7,-0.085
8474096,2013,C,71,0.862
8474098,2013,C,32,0.644
8474100,2013,L,103,1.185
8474102,2013,L,78,2.535
8474125,2013,D,80,0.314
8474130,2013,R,55,0.162
8474134,2013,D,49,0.376
8474135,2013,D,64,0.022
8474137,2013,L,70,0.179
8474138,2013,L,34,-0.032
8474141,2013,R,88,4.273
8474145,2013,D,62,0.264
8474150,2013,C,76,1.443
8474151,2013,D,102,2.592
8474157,2013,L,90,3.45
8474161,2013,R,89,2.752
8474162,2013,D,102,1.383
8474164,2013,D,15,-0.012
8474166,2013,D,87,1.413
8474168,2013,C,66,0.484
8474176,2013,L,97,1.519
8474184,2013,D,51,0.148
8474189,2013,C,94,1.307
8474190,2013,R,89,3.294
8474192,2013,R,44,0.135
8474201,2013,L,13,-0.138
8474202,2013,G,2,0.0
8474207,2013,D,61,1.192
8474218,2013,D,82,1.386
8474236,2013,L,4,-0.031
8474250,2013,C,82,0.637
8474291,2013,C,62,0.087
8474497,2013,D,31,0.615
8474498,2013,C,52,0.728
8474519,2013,D,13,-0.031
8474520,2013,D,81,1.223
8474535,2013,C,13,-0.056
8474550,2013,G,70,0.0
8474551,2013,L,58,0.162
8474563,2013,D,104,2.13
8474564,2013,C,41,2.129
8474565,2013,D,87,2.111
8474567,2013,D,55,0.12
8474568,2013,D,86,0.208
8474569,2013,C,81,0.868
8474570,2013,C,72,1.697
8474571,2013,L,82,2.164
8474573,2013,R,77,1.213
8474574,2013,D,62,0.62
8474576,2013,L,11,0.164
8474577,2013,C,80,0.705
8474578,2013,D,82,3.364
8474579,2013,D,32,0.143
8474581,2013,D,80,1.166
8474582,2013,R,15,-0.078
8474584,2013,D,67,0.478
8474586,2013,R,80,3.138
8474589,2013,R,80,1.783
8474590,2013,D,82,1.433
8474593,2013,G,16,0.0
8474594,2013,D,108,1.36
8474597,2013,D,5,-0.021
8474598,2013,C,3,-0.014
8474600,2013,D,72,1.769
8474601,2013,D,3,-0.017
8474602,2013,D,74,1.117
8474603,2013,C,30,0.156
8474604,2013,D,20,0.07
8474605,2013,D,53,0.93
8474606,2013,D,16,0.047
8474609,2013,C,12,-0.052
8474610,2013,C,55,0.106
8474611,2013,D,9,-0.03
8474612,2013,D,69,0.382
8474613,2013,C,106,2.723
8474616,2013,C,9,0.137
8474618,2013,D,89,0.388
8474625,2013,R,55,0.712
8474628,2013,D,70,0.614
8474636,2013,G,3,0.0
8474638,2013,D,3,0.006
8474641,2013,C,77,1.698
8474642,2013,L,78,0.061
8474646,2013,L,22,0.17
8474651,2013,G,48,0.0
8474659,2013,D,52,0.606
8474660,2013,D,6,0.06
8474668,2013,R,16,1.269
8474673,2013,D,81,1.001
8474674,2013,C,59,-0.063
8474679,2013,R,62,2.223
8474681,2013,C,68,0.39
8474682,2013,G,8,0.0
8474683,2013,C,20,0.032
8474685,2013,L,62,0.766
8474690,2013,G,28,0.0
8474697,2013,D,13,0.016
8474707,2013,D,30,0.504
8474709,2013,L,79,0.228
8474715,2013,R,85,2.227
8474716,2013,D,80,1.007
8474717,2013,D,51,0.223
8474727,2013,R,94,1.325
8474736,2013,C,74,-0.433
8474739,2013,C,84,1.434
8474743,2013,D,10,0.124
8474744,2013,C,6,0.026
8474749,2013,D,72,0.519
8474754,2013,G,1,0.0
8474765,2013,G,27,0.0
8474774,2013,D,51,0.009
8474818,2013,D,84,0.666
8474837,2013,D,4,-0.006
8474849,2013,L,87,0.815
8474850,2013,L,6,-0.007
8474855,2013,G,1,0.0
8474870,2013,C,86,2.155
8474873,2013,D,80,-0.201
8474884,2013,C,25,0.15
8474889,2013,G,21,0.0
8474939,2013,C,1,-0.009
8475060,2013,D,7,-0.039
8475098,2013,C,58,1.929
8475118,2013,D,16,0.015
8475119,2013,C,20,-0.182
8475147,2013,C,25,0.057
8475148,2013,D,2,-0.024
8475149,2013,L,80,1.402
8475150,2013,R,42,-0.093
8475151,2013,C,80,1.561
8475153,2013,D,44,0.445
8475154,2013,R,32,0.029
8475155,2013,D,34,0.097
8475157,2013,C,4,-0.047
8475158,2013,C,87,3.049
8475159,2013,L,3,0.031
8475160,2013,L,95,-0.118
8475161,2013,R,12,0.016
8475163,2013,R,85,1.56
8475164,2013,R,65,1.006
8475165,2013,C,27,-0.234
8475166,2013,C,59,2.859
8475167,2013,D,79,2.402
8475168,2013,C,73,3.772
8475169,2013,L,63,1.574
8475170,2013,C,89,1.677
8475171,2013,D,80,1.798
8475172,2013,C,78,1.481
8475174,2013,D,68,0.265
8475175,2013,L,55,0.256
8475176,2013,D,80,1.22
8475177,2013,D,51,0.527
8475178,2013,R,73,0.847
8475179,2013,D,81,0.433
8475180,2013,C,43,0.117
8475181,2013,D,100,1.395
8475182,2013,D,17,-0.008
8475183,2013,C,8,-0.075
8475184,2013,L,81,1.937
8475185,2013,C,27,0.078
8475186,2013,D,95,0.479
8475188,2013,D,12,-0.07
8475190,2013,L,2,-0.014
8475191,2013,R,94,2.489
8475192,2013,L,7,-0.073
8475193,2013,L,78,1.784
8475194,2013,D,5,-0.031
8475195,2013,G,19,0.0
8475196,2013,R,11,0.046
8475197,2013,D,67,1.89
8475198,2013,C,1,-0.001
8475199,2013,D,60,1.186
8475200,2013,D,54,0.22
8475204,2013,C,49,0.982
8475206,2013,D,1,0.056
8475208,2013,D,6,-0.004
8475209,2013,R,52,0.16
8475213,2013,C,24,0.235
8475214,2013,L,26,0.573
8475215,2013,G,36,0.0
8475218,2013,D,62,0.077
8475220,2013,L,74,0.027
8475222,2013,D,53,0.933
8475223,2013,R,18,0.049
8475224,2013,C,26,-0.009
8475225,2013,C,79,2.326
8475231,2013,C,80,0.6
8475233,2013,D,76,0.521
8475235,2013,L,17,-0.084
8475236,2013,C,87,1.588
8475246,2013,D,40,0.273
8475247,2013,C,17,0.116
8475248,2013,D,20,0.034
8475252,2013,G,8,0.0
8475253,2013,L,3,-0.022
8475254,2013,C,2,-0.003
8475260,2013,C,7,0.067
8475264,2013,C,3,0.022
8475268,2013,L,74,0.714
8475275,2013,D,9,0.108
8475279,2013,D,1,-0.006
8475283,2013,L,7,0.063
8475287,2013,L,59,0.783
8475296,2013,R,1,-0.011
8475299,2013,G,9,0.0
8475303,2013,G,2,0.0
8475309,2013,R,22,0.071
8475311,2013,G,32,0.0
8475314,2013,L,22,0.745
8475321,2013,C,9,0.036
8475323,2013,C,100,0.99
8475325,2013,C,67,0.03
8475332,2013,D,2,0.051
8475361,2013,G,29,0.0
8475414,2013,L,2,-0.002
8475423,2013,R,16,0.083
8475455,2013,D,82,0.279
8475462,2013,D,76,0.671
8475567,2013,D,10,0.026
8475598,2013,D,64,0.565
8475602,2013,C,13,0.088
8475613,2013,D,63,0.04
8475619,2013,L,41,-0.174
8475622,2013,G,40,0.0
8475625,2013,D,64,0.75
8475637,2013,R,2,0.027
8475640,2013,D,33,0.387
8475648,2013,D,9,0.069
8475650,2013,L,97,0.017
8475660,2013,G,23,0.0
8475663,2013,G,41,0.0
8475671,2013,R,18,0.05
8475681,2013,G,40,0.0
8475683,2013,G,64,0.0
8475690,2013,D,64,0.453
8475692,2013,R,102,3.354
8475714,2013,C,12,0.482
8475716,2013,D,44,-0.079
8475720,2013,G,1,0.0
8475722,2013,L,21,0.133
8475726,2013,C,88,1.717
8475727,2013,C,23,0.316
8475728,2013,L,28,-0.164
8475733,2013,C,8,0.035
8475735,2013,C,1,0.008
8475739,2013,L,74,0.297
8475744,2013,C,17,0.456
8475745,2013,C,83,0.92
8475747,2013,D,13,-0.104
8475749,2013,L,2,-0.018
8475750,2013,D,52,0.122
8475752,2013,C,10,-0.02
8475753,2013,D,76,1.021
8475754,2013,C,72,1.299
8475755,2013,D,7,0.025
8475757,2013,R,5,-0.048
8475758,2013,R,31,0.636
8475759,2013,D,5,-0.037
8475760,2013,C,76,1.489
8475761,2013,R,33,0.311
8475764,2013,D,83,1.463
8475765,2013,R,70,2.321
8475767,2013,C,3,0.029
8475768,2013,L,86,2.44
8475769,2013,C,16,0.191
8475770,2013,R,33,0.388
8475771,2013,G,1,0.0
8475772,2013,C,47,0.742
8475774,2013,D,1,0.0
8475775,2013,L,18,0.077
8475784,2013,L,71,2.889
8475789,2013,G,1,0.0
8475790,2013,D,65,0.134
8475791,2013,L,75,3.596
8475792,2013,R,11,-0.071
8475793,2013,C,88,3.166
8475794,2013,C,86,4.509
8475795,2013,D,2,-0.003
8475796,2013,D,44,0.0
8475797,2013,D,22,-0.032
8475798,2013,C,76,1.445
8475799,2013,R,94,1.444
8475800,2013,L,3,-0.026
8475807,2013,C,23,0.034
8475808,2013,C,17,-0.078
8475815,2013,D,1,-0.004
8475824,2013,G,1,0.0
8475831,2013,G,17,0.0
8475833,2013,C,1,-0.02
8475844,2013,L,8,0.057
8475845,2013,L,10,0.077
8475848,2013,R,98,2.145
8475852,2013,G,9,0.0
8475855,2013,R,14,-0.084
8475878,2013,C,11,-0.092
8475883,2013,G,35,0.0
8475889,2013,R,5,-0.031
8475902,2013,D,2,-0.009
8475913,2013,R,19,0.378
8475917,2013,R,8,0.144
8476043,2013,C,13,-0.065
8476062,2013,R,41,0.526
8476086,2013,R,2,-0.023
8476116,2013,C,81,1.34
8476158,2013,L,13,0.007
8476162,2013,D,33,0.331
8476166,2013,D,4,0.096
8476177,2013,R,82,1.28
8476179,2013,C,30,0.169
8476191,2013,D,58,0.136
8476195,2013,C,79,0.773
8476205,2013,C,12,0.195
8476206,2013,C,7,0.04
8476207,2013,C,49,0.75
8476209,2013,R,14,-0.037
8476227,2013,R,1,-0.01
8476235,2013,R,75,0.617
8476244,2013,D,67,0.3
8476289,2013,D,1,-0.008
8476292,2013,L,84,2.527
8476302,2013,D,15,-0.007
8476304,2013,L,5,0.021
8476319,2013,G,7,0.0
8476346,2013,L,1,0.048
8476367,2013,L,10,-0.014
8476381,2013,R,92,1.8
8476389,2013,C,20,0.336
8476410,2013,L,7,0.049
8476411,2013,D,1,-0.009
8476419,2013,C,28,0.002
8476423,2013,C,23,0.225
8476427,2013,R,2,-0.006
8476429,2013,D,5,-0.015
8476430,2013,R,39,0.554
8476432,2013,C,78,1.213
8476433,2013,G,1,0.0
8476434,2013,G,7,0.0
8476435,2013,C,1,0.0
8476436,2013,R,18,-0.044
8476438,2013,L,97,2.653
8476440,2013,C,7,0.122
8476442,2013,L,73,1.116
8476443,2013,D,5,-0.031
8476445,2013,C,11,-0.016
8476450,2013,D,1,-0.001
8476451,2013,L,3,-0.025
8476452,2013,D,14,0.126
8476453,2013,R,54,0.92
8476454,2013,C,80,1.762
8476455,2013,L,88,2.866
8476456,2013,L,69,1.128
8476457,2013,D,26,-0.012
8476458,2013,C,37,0.842
8476459,2013,C,69,1.286
8476460,2013,C,63,1.007
8476461,2013,C,89,1.389
8476462,2013,D,76,1.26
8476463,2013,D,92,0.22
8476465,2013,D,48,0.382
8476466,2013,L,26,0.321
8476467,2013,D,7,-0.043
8476468,2013,C,34,0.139
8476470,2013,D,24,0.115
8476472,2013,D,17,0.083
8476473,2013,D,30,0.235
8476480,2013,C,4,-0.027
8476482,2013,R,17,0.213
8476483,2013,R,22,0.133
8476522,2013,C,2,-0.031
8476763,2013,G,1,0.0
8476765,2013,L,20,-0.08
8476779,2013,D,3,-0.009
8476792,2013,D,91,2.296
8476798,2013,D,2,-0.013
8476799,2013,D,1,-0.013
8476805,2013,L,1,0.007
8476806,2013,R,67,0.597
8476808,2013,C,79,0.123
8476819,2013,C,19,-0.044
8476822,2013,C,61,0.139
8476827,2013,D,10,0.098
8476839,2013,G,12,0.0
8476844,2013,G,1,0.0
8476846,2013,G,1,0.0
8476850,2013,D,71,0.616
8476851,2013,C,70,1.45
8476853,2013,D,73,1.081
8476854,2013,D,89,1.216
8476855,2013,R,63,0.845
8476856,2013,D,13,0.044
8476871,2013,L,49,0.779
8476874,2013,D,91,1.268
8476878,2013,C,70,0.7
8476879,2013,D,49,0.192
8476880,2013,R,82,0.011
8476881,2013,C,44,1.742
8476882,2013,C,3,-0.044
8476885,2013,D,65,1.162
8476887,2013,L,13,0.137
8476888,2013,C,18,-0.026
8476925,2013,C,17,0.088
8476931,2013,D,7,0.0
8476941,2013,D,34,0.153
8476975,2013,C,6,0.097
8476992,2013,G,25,0.0
8477059,2013,R,60,0.937
8477082,2013,D,3,0.041
8477126,2013,C,38,0.206
8477201,2013,L,9,0.052
8477202,2013,G,1,0.0
8477205,2013,D,46,0.067
8477214,2013,D,3,0.001
8477215,2013,D,70,0.66
8477220,2013,D,29,0.208
8477227,2013,R,15,-0.034
8477228,2013,C,2,-0.024
8477244,2013,D,21,-0.107
8477289,2013,D,57,-0.05
8477290,2013,L,75,0.726
8477293,2013,G,25,0.0
8477356,2013,G,3,0.0
8477492,2013,C,89,3.331
8477493,2013,C,54,0.656
8477495,2013,D,77,0.792
8477496,2013,C,58,0.389
8477497,2013,C,75,1.357
8477499,2013,D,34,-0.02
8477501,2013,R,85,1.194
8477507,2013,D,7,0.001
8477666,2013,C,6,0.072
8477814,2013,D,13,0.038
8477816,2013,L,2,0.033
8477832,2013,R,1,-0.005
8477836,2013,L,2,0.028
8477847,2013,L,6,-0.051
8477850,2013,D,1,0.038
8448208,2014,R,77,1.923
8455710,2014,G,7,0.0
8458951,2014,D,48,0.333
8459670,2014,D,34,-0.105
8460542,2014,C,69,1.323
8460626,2014,D,15,0.012
8460705,2014,G,11,0.0
8460720,2014,L,10,0.077
8462038,2014,R,79,1.156
8462042,2014,R,82,2.151
8462196,2014,D,52,0.128
8464956,2014,D,36,-0.157
8464975,2014,C,57,0.219
8464977,2014,C,74,-0.39
8464989,2014,C,68,1.016
8465009,2014,D,63,0.749
8465058,2014,D,75,0.344
8465166,2014,R,70,-0.219
8465185,2014,D,66,-0.083
8465951,2014,L,36,0.241
8465978,2014,L,46,-0.094
8466138,2014,C,78,2.628
8466139,2014,C,82,2.637
8466140,2014,C,62,-0.046
8466141,2014,G,61,0.0
8466142,2014,D,44,0.268
8466148,2014,R,105,3.42
8466149,2014,R,17,-0.058
8466158,2014,D,58,-0.034
8466160,2014,L,94,-0.463
8466251,2014,L,91,0.47
8466285,2014,D,82,0.784
8466333,2014,D,70,0.289
8466339,2014,G,3,0.0
8466378,2014,R,93,2.368
8466393,2014,R,16,0.447
8467096,2014,D,84,1.167
8467329,2014,C,57,0.644
8467330,2014,C,83,0.695
8467331,2014,D,65,0.284
8467332,2014,D,11,-0.006
8467334,2014,C,58,0.322
8467338,2014,L,80,1.947
8467344,2014,D,67,0.082
8467346,2014,L,23,0.023
8467351,2014,C,58,0.982
8467370,2014,C,62,1.219
8467371,2014,C,88,1.602
8467389,2014,C,99,1.448
8467391,2014,G,5,0.0
8467396,2014,L,68,1.606
8467400,2014,D,80,1.074
8467407,2014,R,69,1.343
8467423,2014,C,76,0.887
8467452,2014,D,87,-0.209
8467493,2014,R,40,-0.031
8467496,2014,D,93,1.981
8467514,2014,C,70,3.152
8467545,2014,R,47,0.577
8467875,2014,L,88,3.53
8467876,2014,C,88,2.596
8467890,2014,D,86,0.397
8467899,2014,R,40,0.342
8467917,2014,D,52,-0.061
8467950,2014,G,39,0.0
8467967,2014,C,80,0.846
8467972,2014,G,10,0.0
8467977,2014,R,8,-0.062
8467988,2014,L,6,-0.021
8468001,2014,C,82,0.225
8468011,2014,G,48,0.0
8468064,2014,R,79,0.604
8468083,2014,C,84,2.423
8468085,2014,R,85,3.242
8468208,2014,R,96,1.422
8468309,2014,D,81,2.162
8468478,2014,D,31,0.102
8468482,2014,L,6,-0.019
8468483,2014,R,69,2.37
8468486,2014,L,77,2.701
8468493,2014,D,81,-0.047
8468498,2014,D,92,0.576
8468501,2014,D,47,0.17
8468504,2014,R,78,1.34
8468505,2014,C,84,-0.293
8468508,2014,R,81,1.565
8468509,2014,D,86,1.686
8468513,2014,D,80,0.212
8468518,2014,R,64,-0.196
8468524,2014,G,8,0.0
8468526,2014,C,73,0.152
8468535,2014,C,102,1.187
8468540,2014,G,8,0.0
8468542,2014,D,79,0.504
8468575,2014,C,101,1.521
8468598,2014,D,57,0.945
8468611,2014,C,71,0.146
8468635,2014,L,44,0.113
8468639,2014,D,57,1.017
8468674,2014,D,87,0.212
8468685,2014,G,65,0.0
8468700,2014,C,79,0.667
8468778,2014,R,1,-0.007
8469455,2014,C,82,2.149
8469457,2014,C,54,0.999
8469459,2014,C,90,1.636
8469462,2014,L,77,-0.074
8469465,2014,D,65,0.76
8469466,2014,R,76,1.025
8469469,2014,C,67,0.167
8469470,2014,D,33,0.292
8469473,2014,C,78,0.148
8469476,2014,D,86,0.088
8469485,2014,C,72,1.153
8469490,2014,R,64,-0.06
8469492,2014,D,67,0.272
8469500,2014,L,68,1.616
8469501,2014,R,85,0.196
8469506,2014,R,92,2.556
8469508,2014,C,82,0.679
8469521,2014,C,94,2.509
8469531,2014,D,55,0.116
8469542,2014,L,12,0.016
8469544,2014,L,91,2.563
8469547,2014,R,68,0.22
8469548,2014,G,31,0.0
8469555,2014,D,49,0.389
8469591,2014,C,33,0.086
8469598,2014,D,66,0.311
8469608,2014,G,62,0.0
8469619,2014,D,82,0.224
8469622,2014,L,13,0.042
8469623,2014,D,90,1.174
8469638,2014,L,81,1.556
8469639,2014,C,80,0.817
8469664,2014,R,60,0.28
8469665,2014,D,99,0.227
8469707,2014,R,64,0.928
8469759,2014,C,80,1.709
8469760,2014,D,74,0.165
8469770,2014,D,91,2.763
8470018,2014,L,39,-0.1
8470039,2014,L,72,0.816
8470041,2014,L,98,4.581
8470047,2014,C,108,1.444
8470054,2014,D,14,-0.003
8470063,2014,R,20,0.012
8470065,2014,C,2,-0.01
8470093,2014,G,1,0.0
8470104,2014,D,84,0.368
8470105,2014,R,63,0.311
8470110,2014,D,68,1.662
8470120,2014,R,57,0.409
8470121,2014,D,82,0.094
8470140,2014,G,65,0.0
8470144,2014,C,85,2.492
8470147,2014,G,32,0.0
8470151,2014,D,78,-0.008
8470152,2014,C,53,0.165
8470159,2014,C,68,0.742
8470162,2014,C,70,0.73
8470169,2014,C,70,0.094
8470171,2014,C,81,0.193
8470176,2014,L,59,0.676
8470180,2014,L,60,0.014
8470187,2014,D,79,1.664
8470189,2014,L,1,0.001
8470201,2014,R,89,3.999
8470207,2014,L,55,0.707
8470222,2014,D,69,1.402
8470230,2014,L,71,0.074
8470257,2014,L,80,3.22
8470274,2014,L,83,1.619
8470281,2014,D,103,2.69
8470289,2014,C,86,0.676
8470302,2014,R,71,-0.145
8470317,2014,D,76,0.36
8470318,2014,D,89,0.226
8470320,2014,G,51,0.0
8470324,2014,D,46,-0.104
8470358,2014,R,73,1.392
8470378,2014,D,59,0.007
8470543,2014,L,79,1.338
8470594,2014,G,69,0.0
8470595,2014,C,77,2.145
8470598,2014,L,90,2.41
8470599,2014,L,72,1.452
8470600,2014,D,87,1.102
8470601,2014,D,69,0.317
8470602,2014,D,70,1.201
8470604,2014,C,82,2.815
8470606,2014,R,82,0.721
8470607,2014,D,105,1.675
8470609,2014,R,67,1.553
8470610,2014,L,84,3.822
8470611,2014,C,79,1.443
8470612,2014,C,93,3.627
8470613,2014,D,82,2.878
8470614,2014,D,74,0.299
8470616,2014,C,97,2.752
8470617,2014,C,53,0.282
8470619,2014,C,107,1.321
8470621,2014,R,83,3.982
8470622,2014,R,47,1.181
8470626,2014,L,81,1.948
8470630,2014,D,79,1.282
8470638,2014,C,81,2.775
8470640,2014,D,84,0.538
8470642,2014,D,80,1.89
8470644,2014,R,20,0.33
8470645,2014,G,77,0.0
8470647,2014,R,58,-0.149
8470654,2014,C,85,0.189
8470655,2014,R,86,2.499
8470657,2014,G,54,0.0
8470662,2014,C,1,-0.004
8470666,2014,L,39,0.216
8470667,2014,L,68,1.54
8470699,2014,D,81,0.02
8470714,2014,D,8,-0.012
8470719,2014,C,3,-0.039
8470724,2014,D,80,0.59
8470729,2014,D,46,-0.088
8470740,2014,R,75,1.248
8470750,2014,C,68,0.74
8470755,2014,R,50,0.885
8470760,2014,D,51,0.171
8470775,2014,C,92,0.727
8470778,2014,L,89,-0.109
8470794,2014,C,82,3.782
8470798,2014,D,1,0.0
8470803,2014,C,83,0.505
8470828,2014,D,64,0.782
8470834,2014,D,73,2.206
8470839,2014,D,9,0.018
8470852,2014,L,77,1.868
8470854,2014,L,85,-0.405
8470860,2014,G,66,0.0
8470867,2014,R,5,-0.03
8470871,2014,L,27,-0.123
8470877,2014,R,78,1.152
8470880,2014,G,47,0.0
8470886,2014,D,85,0.055
8470920,2014,R,61,0.257
8470966,2014,D,61,2.172
8471185,2014,L,81,1.104
8471214,2014,L,95,4.261
8471215,2014,C,74,3.386
8471217,2014,L,85,2.7
8471218,2014,R,83,2.951
8471219,2014,G,20,0.0
8471222,2014,D,31,-0.071
8471226,2014,R,80,1.638
8471227,2014,G,68,0.0
8471231,2014,C,70,0.252
8471232,2014,L,69,0.401
8471233,2014,C,74,0.446
8471236,2014,D,60,0.297
8471239,2014,G,69,0.0
8471240,2014,D,9,-0.002
8471241,2014,D,9,-0.053
8471242,2014,D,86,2.351
8471245,2014,C,53,0.875
8471251,2014,G,12,0.0
8471254,2014,L,98,0.647
8471260,2014,L,66,1.049
8471262,2014,C,82,1.535
8471266,2014,L,59,0.285
8471269,2014,D,68,0.339
8471273,2014,C,47,1.471
8471274,2014,D,81,1.343
8471276,2014,C,47,1.009
8471283,2014,L,94,0.137
8471284,2014,D,73,0.69
8471296,2014,D,80,0.238
8471299,2014,C,4,0.026
8471303,2014,D,80,1.165
8471306,2014,G,20,0.0
8471309,2014,R,33,0.836
8471311,2014,C,41,0.431
8471326,2014,L,1,-0.009
8471338,2014,C,77,0.398
8471339,2014,R,102,2.466
8471346,2014,R,73,1.281
8471348,2014,D,42,0.271
8471362,2014,C,54,0.648
8471371,2014,R,12,-0.129
8471385,2014,D,57,0.341
8471388,2014,R,42,-0.181
8471390,2014,C,83,1.384
8471392,2014,D,56,0.251
8471403,2014,G,41,0.0
8471418,2014,G,34,0.0
8471426,2014,R,96,1.532
8471436,2014,D,61,0.343
8471469,2014,G,70,0.0
8471474,2014,C,6,-0.04
8471476,2014,L,84,0.876
8471482,2014,D,24,0.053
8471490,2014,R,17,-0.125
8471498,2014,R,87,1.325
8471504,2014,R,51,0.27
8471636,2014,L,15,-0.004
8471657,2014,L,82,-0.125
8471663,2014,R,2,-0.036
8471664,2014,L,65,0.849
8471669,2014,C,80,1.67
8471675,2014,C,82,3.896
8471676,2014,R,84,2.584
8471677,2014,D,79,1.595
8471678,2014,L,58,1.225
8471679,2014,G,78,0.0
8471681,2014,R,45,0.106
8471682,2014,R,12,-0.079
8471685,2014,C,79,2.32
8471686,2014,D,99,0.529
8471691,2014,C,37,0.973
8471693,2014,D,36,0.451
8471695,2014,G,70,0.0
8471698,2014,R,78,2.58
8471699,2014,C,98,1.143
8471702,2014,D,96,1.211
8471703,2014,R,77,0.869
8471707,2014,L,73,1.968
8471709,2014,D,70,0.72
8471710,2014,D,12,-0.038
8471715,2014,G,54,0.0
8471716,2014,L,76,1.926
8471717,2014,D,63,-0.075
8471718,2014,C,74,0.049
8471724,2014,D,69,2.787
8471729,2014,D,90,1.381
8471733,2014,L,1,-0.006
8471734,2014,G,72,0.0
8471735,2014,D,103,2.617
8471742,2014,D,83,1.485
8471748,2014,D,34,0.0
8471750,2014,G,87,0.0
8471761,2014,D,33,0.344
8471762,2014,C,72,0.108
8471766,2014,R,72,-0.367
8471767,2014,C,4,-0.042
8471769,2014,D,105,0.689
8471774,2014,G,22,0.0
8471794,2014,C,82,1.553
8471804,2014,C,78,1.096
8471816,2014,D,74,0.013
8471817,2014,R,87,0.0
8471840,2014,L,6,0.093
8471856,2014,C,70,0.19
8471862,2014,C,26,-0.104
8471873,2014,D,108,1.917
8471879,2014,D,16,-0.039
8471887,2014,R,69,2.987
8471916,2014,L,3,-0.033
8471956,2014,L,90,-0.101
8471958,2014,D,101,0.821
8471976,2014,C,93,1.063
8472365,2014,R,3,-0.036
8472368,2014,R,2,-0.013
8472382,2014,D,82,0.511
8472394,2014,D,43,0.07
8472410,2014,C,61,0.369
8472424,2014,L,16,-0.043
8473404,2014,G,19,0.0
8473412,2014,C,74,2.419
8473415,2014,D,7,0.026
8473419,2014,L,77,1.488
8473422,2014,L,79,3.259
8473426,2014,D,64,-0.144
8473432,2014,R,85,0.496
8473434,2014,G,19,0.0
8473446,2014,D,47,0.925
8473449,2014,R,67,2.834
8473453,2014,C,73,0.78
8473461,2014,G,51,0.0
8473463,2014,R,62,0.683
8473465,2014,L,19,0.195
8473466,2014,C,34,0.243
8473468,2014,D,81,0.145
8473473,2014,L,81,1.222
8473482,2014,L,76,0.926
8473485,2014,R,89,1.075
8473492,2014,L,81,1.465
8473499,2014,G,19,0.0
8473503,2014,G,35,0.0
8473504,2014,R,83,0.394
8473507,2014,D,90,0.827
8473512,2014,R,81,2.696
8473514,2014,L,20,0.012
8473523,2014,G,50,0.0
8473533,2014,C,46,0.714
8473534,2014,C,83,0.956
8473536,2014,C,84,0.317
8473537,2014,L,31,0.34
8473541,2014,G,58,0.0
8473542,2014,L,3,0.05
8473544,2014,C,99,2.572
8473546,2014,L,36,0.565
8473548,2014,R,82,2.482
8473553,2014,G,1,0.0
8473560,2014,D,34,0.117
8473563,2014,C,96,3.342
8473564,2014,R,86,1.501
8473565,2014,D,59,0.008
8473571,2014,D,26,0.342
8473573,2014,C,52,1.017
8473574,2014,L,84,1.134
8473575,2014,G,57,0.0
8473579,2014,L,89,1.107
8473584,2014,D,58,0.19
8473588,2014,R,74,0.817
8473589,2014,D,20,0.054
8473604,2014,C,104,3.507
8473607,2014,G,33,0.0
8473614,2014,G,7,0.0
8473618,2014,C,65,1.764
8473646,2014,L,54,0.227
8473647,2014,D,4,0.045
8473658,2014,D,41,0.32
8473673,2014,D,55,0.129
8473682,2014,C,24,0.16
8473700,2014,D,3,-0.006
8473722,2014,L,38,-0.049
8473911,2014,R,18,0.075
8473914,2014,C,54,0.573
8473921,2014,D,1,-0.019
8473933,2014,D,65,0.521
8473942,2014,C,54,0.06
8473962,2014,L,82,1.081
8473970,2014,L,69,-0.186
8473972,2014,G,59,0.0
8473986,2014,L,97,2.047
8473989,2014,L,40,-0.171
8473991,2014,D,96,0.71
8473992,2014,D,18,0.084
8473994,2014,L,82,3.965
8474000,2014,D,25,0.105
8474001,2014,L,38,-0.229
8474008,2014,C,10,-0.04
8474009,2014,C,81,2.067
8474013,2014,D,79,0.641
8474025,2014,L,7,-0.061
8474027,2014,D,70,0.731
8474031,2014,D,62,2.601
8474034,2014,L,87,1.706
8474037,2014,L,82,2.658
8474038,2014,L,57,0.482
8474040,2014,C,81,1.055
8474048,2014,D,31,-0.113
8474052,2014,L,57,0.767
8474053,2014,C,82,3.631
8474056,2014,D,94,2.746
8474061,2014,R,49,-0.175
8474062,2014,C,68,0.752
8474066,2014,D,88,0.855
8474068,2014,C,88,2.799
8474074,2014,D,42,0.14
8474089,2014,C,65,0.295
8474090,2014,D,81,0.252
8474091,2014,C,85,1.593
8474094,2014,R,48,0.163
8474095,2014,C,3,-0.029
8474096,2014,C,87,0.476
8474098,2014,C,71,1.01
8474100,2014,L,81,0.718
8474102,2014,L,86,1.699
8474113,2014,D,6,0.02
8474125,2014,D,67,0.312
8474130,2014,R,61,-0.171
8474134,2014,D,71,0.915
8474135,2014,D,49,0.276
8474137,2014,L,3,-0.025
8474141,2014,R,84,4.465
8474145,2014,D,51,0.249
8474150,2014,C,63,0.949
8474151,2014,D,90,1.702
8474152,2014,G,19,0.0
8474157,2014,L,91,3.617
8474161,2014,R,82,3.766
8474162,2014,D,76,1.829
8474164,2014,D,4,0.023
8474166,2014,D,56,0.875
8474168,2014,C,75,0.187
8474176,2014,L,101,1.444
8474184,2014,D,1,0.047
8474189,2014,C,89,0.857
8474190,2014,R,75,2.619
8474192,2014,R,9,-0.062
8474202,2014,G,2,0.0
8474207,2014,D,78,0.262
8474218,2014,D,81,0.784
8474230,2014,L,4,-0.022
8474250,2014,C,40,-0.115
8474291,2014,C,76,1.026
8474497,2014,D,7,0.081
8474516,2014,C,2,0.065
8474519,2014,D,38,0.1
8474520,2014,D,93,1.358
8474535,2014,C,7,0.078
8474550,2014,G,61,0.0
8474563,2014,D,82,1.721
8474564,2014,C,108,3.993
8474565,2014,D,87,2.132
8474567,2014,D,62,0.604
8474568,2014,D,58,0.474
8474569,2014,C,83,1.997
8474570,2014,C,78,-0.044
8474571,2014,L,45,1.058
8474573,2014,R,77,1.889
8474574,2014,D,75,0.898
8474576,2014,L,31,0.016
8474577,2014,C,75,0.616
8474578,2014,D,88,3.152
8474579,2014,D,82,0.175
8474581,2014,D,79,0.702
8474584,2014,D,64,1.286
8474586,2014,R,81,2.798
8474589,2014,R,78,2.025
8474590,2014,D,96,2.772
8474591,2014,G,2,0.0
8474593,2014,G,3,0.0
8474594,2014,D,6,0.04
8474596,2014,G,43,0.0
8474597,2014,D,36,0.262
8474600,2014,D,87,2.387
8474602,2014,D,81,1.235
8474603,2014,C,11,-0.011
8474605,2014,D,62,0.501
8474606,2014,D,12,0.013
8474609,2014,C,3,-0.026
8474610,2014,C,21,0.044
8474612,2014,D,71,1.243
8474613,2014,C,87,2.845
8474616,2014,C,1,-0.003
8474618,2014,D,74,0.913
8474625,2014,R,72,1.411
8474627,2014,C,80,1.08
8474628,2014,D,81,0.411
8474636,2014,G,38,0.0
8474638,2014,D,33,-0.135
8474641,2014,C,75,1.5
8474642,2014,L,80,1.006
8474646,2014,L,60,-0.223
8474651,2014,G,86,0.0
8474659,2014,D,14,0.118
8474660,2014,D,4,0.032
8474661,2014,D,38,0.255
8474668,2014,R,91,0.939
8474673,2014,D,92,1.872
8474679,2014,R,89,2.961
8474682,2014,G,17,0.0
8474685,2014,L,56,0.683
8474688,2014,D,24,0.106
8474690,2014,G,1,0.0
8474697,2014,D,69,0.143
8474709,2014,L,85,0.124
8474715,2014,R,78,2.232
8474716,2014,D,76,1.102
8474717,2014,D,53,0.035
8474722,2014,D,16,-0.121
8474727,2014,R,80,0.307
8474736,2014,C,58,-0.308
8474739,2014,C,75,1.412
8474743,2014,D,59,0.713
8474744,2014,C,8,0.014
8474748,2014,D,12,0.049
8474749,2014,D,47,-0.012
8474765,2014,G,26,0.0
8474772,2014,D,9,0.039
8474774,2014,D,63,-0.007
8474793,2014,C,5,0.014
8474818,2014,D,73,0.362
8474849,2014,L,80,0.648
8474870,2014,C,103,4.2
8474873,2014,D,11,0.037
8474884,2014,C,85,2.338
8474889,2014,G,15,0.0
8475098,2014,C,82,1.832
8475119,2014,C,63,-0.19
8475147,2014,C,28,0.295
8475148,2014,D,42,0.124
8475149,2014,L,96,1.752
8475150,2014,R,30,-0.276
8475151,2014,C,73,1.203
8475153,2014,D,44,0.217
8475154,2014,R,7,-0.033
8475155,2014,D,91,1.2
8475157,2014,C,10,-0.03
8475158,2014,C,82,2.334
8475159,2014,L,2,-0.001
8475160,2014,L,80,0.198
8475161,2014,R,5,0.026
8475162,2014,D,7,0.029
8475163,2014,R,80,0.763
8475164,2014,R,97,2.715
8475165,2014,C,38,0.843
8475166,2014,C,89,4.175
8475167,2014,D,85,2.414
8475168,2014,C,82,2.557
8475169,2014,L,37,0.881
8475170,2014,C,82,1.889
8475171,2014,D,82,1.996
8475172,2014,C,73,1.563
8475174,2014,D,54,0.115
8475175,2014,L,10,-0.029
8475176,2014,D,64,1.408
8475177,2014,D,70,0.417
8475178,2014,R,42,0.362
8475179,2014,D,73,0.78
8475180,2014,C,62,0.882
8475181,2014,D,85,1.727
8475182,2014,D,54,0.561
8475184,2014,L,99,2.141
8475185,2014,C,62,0.518
8475186,2014,D,57,0.375
8475188,2014,D,71,0.847
8475191,2014,R,81,1.427
8475192,2014,L,67,0.24
8475193,2014,L,89,3.001
8475194,2014,D,4,-0.018
8475197,2014,D,80,2.255
8475199,2014,D,61,0.652
8475203,2014,D,1,-0.004
8475204,2014,C,49,1.178
8475206,2014,D,5,-0.032
8475208,2014,D,13,0.005
8475209,2014,R,76,0.256
8475213,2014,C,12,0.039
8475214,2014,L,43,0.183
8475215,2014,G,25,0.0
8475218,2014,D,86,0.464
8475220,2014,L,57,0.229
8475222,2014,D,83,2.272
8475223,2014,R,76,0.42
8475224,2014,C,9,-0.05
8475225,2014,C,88,2.435
8475231,2014,C,77,0.761
8475233,2014,D,82,1.153
8475235,2014,L,82,-0.166
8475236,2014,C,78,1.751
8475243,2014,C,1,-0.005
8475246,2014,D,62,0.753
8475247,2014,C,57,-0.157
8475250,2014,C,54,0.602
8475252,2014,G,5,0.0
8475253,2014,L,2,-0.001
8475254,2014,C,3,-0.014
8475260,2014,C,2,0.004
8475266,2014,C,7,0.001
8475268,2014,L,74,0.052
8475274,2014,D,22,-0.03
8475279,2014,D,42,0.205
8475287,2014,L,74,0.313
8475294,2014,D,6,-0.036
8475295,2014,R,20,0.031
8475299,2014,G,6,0.0
8475309,2014,R,9,-0.088
8475310,2014,L,36,-0.087
8475311,2014,G,32,0.0
8475314,2014,L,81,2.078
8475321,2014,C,28,-0.044
8475323,2014,C,104,0.895
8475325,2014,C,60,-0.079
8475342,2014,D,1,0.002
8475361,2014,G,7,0.0
8475414,2014,L,51,0.007
8475430,2014,D,11,0.104
8475455,2014,D,80,0.002
8475461,2014,L,1,0.047
8475462,2014,D,31,0.101
8475567,2014,D,1,-0.005
8475598,2014,D,54,0.376
8475613,2014,D,64,0.14
8475619,2014,L,2,-0.012
8475622,2014,G,18,0.0
8475625,2014,D,53,0.862
8475650,2014,L,73,-0.265
8475660,2014,G,36,0.0
8475663,2014,G,45,0.0
8475671,2014,R,60,0.142
8475680,2014,G,2,0.0
8475681,2014,G,57,0.0
8475683,2014,G,51,0.0
8475690,2014,D,76,0.796
8475692,2014,R,83,2.08
8475714,2014,C,80,0.468
8475715,2014,L,1,0.001
8475716,2014,D,41,0.011
8475717,2014,G,16,0.0
8475722,2014,L,61,1.297
8475723,2014,R,3,0.078
8475726,2014,C,76,2.185
8475727,2014,C,29,0.742
8475728,2014,L,39,0.329
8475729,2014,D,1,-0.002
8475732,2014,D,10,0.071
8475733,2014,C,4,-0.034
8475734,2014,L,1,-0.018
8475735,2014,C,3,-0.03
8475739,2014,L,29,0.122
8475744,2014,C,94,1.627
8475745,2014,C,92,1.138
8475747,2014,D,22,0.044
8475749,2014,L,18,-0.032
8475750,2014,D,66,0.277
8475752,2014,C,17,-0.107
8475753,2014,D,82,2.153
8475754,2014,C,88,2.574
8475755,2014,D,33,-0.021
8475758,2014,R,86,0.309
8475759,2014,D,27,0.101
8475760,2014,C,72,1.778
8475761,2014,R,51,0.197
8475763,2014,R,98,1.871
8475764,2014,D,96,1.75
8475765,2014,R,83,4.36
8475767,2014,C,13,0.05
8475768,2014,L,81,2.859
8475770,2014,R,57,0.392
8475772,2014,C,86,1.305
8475774,2014,D,7,-0.044
8475775,2014,L,51,-0.004
8475780,2014,R,11,-0.075
8475781,2014,G,1,0.0
8475784,2014,L,77,1.488
8475790,2014,D,76,0.303
8475791,2014,L,53,1.572
8475792,2014,R,55,0.386
8475793,2014,C,82,3.338
8475794,2014,C,71,4.067
8475795,2014,D,1,-0.004
8475796,2014,D,7,0.096
8475797,2014,D,13,0.064
8475798,2014,C,78,1.217
8475799,2014,R,90,1.678
8475800,2014,L,31,0.257
8475807,2014,C,41,-0.189
8475808,2014,C,33,0.045
8475810,2014,R,14,0.052
8475816,2014,R,2,0.042
8475826,2014,R,3,-0.017
8475829,2014,D,1,0.001
8475831,2014,G,2,0.0
8475839,2014,G,7,0.0
8475842,2014,C,16,0.07
8475848,2014,R,94,2.601
8475852,2014,G,36,0.0
8475855,2014,R,77,0.429
8475868,2014,D,7,-0.033
8475869,2014,D,12,0.018
8475878,2014,C,18,-0.086
8475883,2014,G,70,0.0
8475896,2014,L,1,-0.01
8475902,2014,D,27,0.16
8475906,2014,D,65,1.795
8475907,2014,L,35,0.24
8475913,2014,R,86,3.193
8475917,2014,R,13,-0.118
8475958,2014,C,3,0.025
8475980,2014,C,4,-0.033
8475996,2014,C,12,-0.09
8476043,2014,C,3,-0.034
8476062,2014,R,77,0.553
8476116,2014,C,67,0.905
8476147,2014,L,6,0.032
8476158,2014,L,2,-0.006
8476162,2014,D,1,-0.007
8476166,2014,D,7,0.216
8476177,2014,R,80,0.691
8476179,2014,C,3,-0.036
8476191,2014,D,41,0.154
8476195,2014,C,15,0.068
8476207,2014,C,25,-0.054
8476209,2014,R,10,-0.06
8476214,2014,L,2,-0.003
8476227,2014,R,4,0.015
8476234,2014,G,19,0.0
8476235,2014,R,77,1.271
8476244,2014,D,59,-0.039
8476279,2014,D,51,0.225
8476289,2014,D,16,0.005
8476292,2014,L,101,3.035
8476293,2014,C,4,-0.03
8476300,2014,D,44,0.531
8476302,2014,D,10,0.023
8476312,2014,D,28,-0.063
8476316,2014,G,1,0.0
8476336,2014,R,17,0.064
8476339,2014,C,2,-0.012
8476341,2014,G,5,0.0
8476344,2014,C,3,-0.002
8476346,2014,L,91,3.33
8476356,2014,L,72,0.666
8476363,2014,R,7,0.002
8476381,2014,R,102,1.571
8476384,2014,R,1,-0.016
8476386,2014,L,2,0.04
8476389,2014,C,50,0.752
8476392,2014,C,84,0.496
8476393,2014,C,11,0.0
8476394,2014,D,1,0.052
8476397,2014,D,2,-0.005
8476403,2014,D,23,0.096
8476404,2014,C,18,0.01
8476406,2014,C,34,0.04
8476410,2014,L,9,0.014
8476419,2014,C,56,1.007
8476423,2014,C,11,0.006
8476426,2014,D,4,0.08
8476427,2014,R,11,0.038
8476428,2014,R,7,0.01
8476429,2014,D,2,-0.003
8476430,2014,R,70,0.59
8476431,2014,D,21,0.048
8476432,2014,C,31,0.753
8476434,2014,G,23,0.0
8476435,2014,C,3,0.026
8476436,2014,R,60,0.497
8476437,2014,C,80,1.105
8476438,2014,L,105,2.588
8476439,2014,R,31,0.389
8476440,2014,C,51,0.584
8476442,2014,L,72,1.015
8476443,2014,D,21,0.052
8476447,2014,R,1,0.069
8476448,2014,C,21,0.11
8476449,2014,D,10,-0.037
8476451,2014,L,26,0.132
8476452,2014,D,7,-0.015
8476453,2014,R,108,3.922
8476454,2014,C,76,1.801
8476455,2014,L,82,2.676
8476456,2014,L,79,2.479
8476457,2014,D,64,0.814
8476458,2014,C,88,2.232
8476459,2014,C,86,1.918
8476460,2014,C,86,1.607
8476461,2014,C,82,1.26
8476462,2014,D,72,1.834
8476463,2014,D,81,0.189
8476464,2014,D,1,-0.007
8476465,2014,D,37,0.479
8476466,2014,L,20,0.162
8476467,2014,D,36,0.345
8476468,2014,C,77,0.912
8476469,2014,R,1,-0.018
8476470,2014,D,69,0.259
8476472,2014,D,60,0.66
8476473,2014,D,73,0.021
8476474,2014,R,1,-0.003
8476476,2014,D,15,0.001
8476477,2014,L,13,0.119
8476478,2014,D,9,0.178
8476479,2014,C,2,-0.025
8476480,2014,C,55,0.492
8476482,2014,R,5,-0.019
8476483,2014,R,87,1.012
8476495,2014,C,30,0.247
8476536,2014,C,1,-0.008
8476539,2014,R,4,0.011
8476549,2014,R,5,0.023
8476624,2014,C,60,0.1
8476769,2014,R,11,-0.056
8476779,2014,D,11,0.09
8476792,2014,D,78,1.853
8476798,2014,D,10,-0.057
8476799,2014,D,4,-0.032
8476806,2014,R,76,-0.029
8476807,2014,D,27,0.286
8476808,2014,C,69,0.599
8476822,2014,C,89,0.915
8476839,2014,G,26,0.0
8476844,2014,G,18,0.0
8476850,2014,D,12,0.051
8476851,2014,C,92,2.113
8476852,2014,D,9,0.005
8476853,2014,D,81,1.0
8476854,2014,D,94,1.684
8476855,2014,R,81,1.156
8476856,2014,D,68,0.813
8476868,2014,C,3,-0.04
8476870,2014,C,7,-0.021
8476871,2014,L,42,0.523
8476872,2014,C,31,0.091
8476874,2014,D,20,0.387
8476876,2014,G,1,0.0
8476878,2014,C,61,1.01
8476879,2014,D,87,0.678
8476880,2014,R,80,0.316
8476881,2014,C,82,1.078
8476882,2014,C,52,0.6
8476883,2014,G,20,0.0
8476884,2014,D,34,0.275
8476885,2014,D,69,0.937
8476886,2014,D,3,-0.01
8476887,2014,L,88,3.143
8476888,2014,C,25,-0.044
8476904,2014,G,1,0.0
8476906,2014,D,2,-0.013
8476919,2014,C,43,0.781
8476921,2014,L,8,-0.035
8476923,2014,D,51,0.424
8476931,2014,D,2,-0.01
8476944,2014,L,2,-0.003
8476967,2014,D,1,-0.019
8476975,2014,C,88,0.458
8476981,2014,R,6,-0.013
8476989,2014,D,23,0.089
8476992,2014,G,2,0.0
8477059,2014,R,17,0.173
8477070,2014,C,13,0.021
8477084,2014,G,2,0.0
8477092,2014,G,1,0.0
8477126,2014,C,12,-0.06
8477127,2014,D,1,-0.006
8477202,2014,G,26,0.0
8477205,2014,D,98,0.138
8477213,2014,L,18,-0.032
8477214,2014,D,4,-0.022
8477215,2014,D,87,1.02
8477220,2014,D,39,0.103
8477227,2014,R,4,-0.006
8477228,2014,C,2,-0.011
8477234,2014,G,2,0.0
8477244,2014,D,4,0.021
8477249,2014,C,9,0.245
8477290,2014,L,67,1.025
8477293,2014,G,14,0.0
8477407,2014,L,18,0.243
8477410,2014,C,1,-0.007
8477413,2014,R,12,0.078
8477429,2014,C,1,0.057
8477444,2014,L,64,0.725
8477448,2014,C,35,0.899
8477451,2014,R,5,-0.002
8477455,2014,L,45,-0.077
8477486,2014,L,6,-0.006
8477492,2014,C,64,1.941
8477493,2014,C,71,1.157
8477494,2014,L,76,0.904
8477495,2014,D,88,1.165
8477496,2014,C,81,1.343
8477497,2014,C,92,2.588
8477498,2014,D,2,-0.02
8477499,2014,D,78,0.561
8477500,2014,C,74,1.26
8477501,2014,R,8,-0.062
8477505,2014,C,68,0.613
8477507,2014,D,60,0.321
8477508,2014,C,73,0.298
8477509,2014,D,39,-0.03
8477510,2014,L,5,0.098
8477589,2014,L,35,0.361
8477591,2014,R,69,0.819
8477715,2014,C,2,-0.02
8477845,2014,D,22,-0.008
8477850,2014,D,40,0.359
8477851,2014,D,6,0.029
8477887,2014,C,7,-0.073
8477902,2014,R,55,0.182
8477913,2014,L,4,-0.054
8477916,2014,R,11,0.012
8477922,2014,C,53,1.017
8477930,2014,L,81,0.221
8477932,2014,D,81,1.646
8477933,2014,C,9,-0.02
8477934,2014,C,37,0.079
8477935,2014,C,12,0.173
8477942,2014,L,2,-0.007
8477956,2014,R,46,1.095
8478042,2014,L,6,-0.031
8478137,2014,L,76,0.405
8478376,2014,R,6,0.045
8478393,2014,R,3,-0.038
8448208,2015,R,85,2.845
8460542,2015,C,16,0.226
8460720,2015,L,6,-0.056
8462038,2015,R,72,1.915
8462042,2015,R,82,1.781
8464977,2015,C,64,-0.173
8464989,2015,C,106,1.919
8465009,2015,D,80,1.348
8465058,2015,D,55,0.434
8465185,2015,D,46,0.006
8465978,2015,L,54,-0.089
8466138,2015,C,106,3.601
8466139,2015,C,106,2.794
8466141,2015,G,68,0.0
8466148,2015,R,71,1.879
8466251,2015,L,94,1.581
8466285,2015,D,88,1.061
8466333,2015,D,6,-0.052
8466393,2015,R,18,0.01
8467096,2015,D,78,1.081
8467329,2015,C,54,0.421
8467330,2015,C,79,0.229
8467331,2015,D,6,-0.033
8467338,2015,L,70,0.973
8467351,2015,C,34,0.022
8467370,2015,C,84,0.596
8467371,2015,C,93,1.009
8467389,2015,C,73,1.043
8467400,2015,D,82,1.159
8467407,2015,R,79,0.868
8467423,2015,C,64,0.531
8467452,2015,D,68,0.134
8467493,2015,R,80,0.061
8467496,2015,D,82,1.708
8467514,2015,C,71,1.797
8467875,2015,L,82,2.877
8467876,2015,C,74,1.461
8467890,2015,D,87,-0.164
8467899,2015,R,2,0.045
8467950,2015,G,60,0.0
8467967,2015,C,11,0.035
8468001,2015,C,70,0.649
8468011,2015,G,51,0.0
8468038,2015,G,1,0.0
8468083,2015,C,87,1.407
8468085,2015,R,63,1.273
8468208,2015,R,103,2.378
8468309,2015,D,68,0.917
8468483,2015,R,58,1.184
8468486,2015,L,79,2.003
8468493,2015,D,81,0.466
8468498,2015,D,47,0.238
8468504,2015,R,60,0.992
8468505,2015,C,30,-0.011
8468508,2015,R,94,2.348
8468509,2015,D,69,0.853
8468513,2015,D,87,0.018
8468526,2015,C,84,0.087
8468535,2015,C,76,0.853
8468542,2015,D,102,0.472
8468575,2015,C,85,0.697
8468611,2015,C,68,0.207
8468635,2015,L,29,-0.09
8468639,2015,D,81,0.714
8468674,2015,D,69,0.267
8468685,2015,G,70,0.0
8468700,2015,C,77,0.179
8469455,2015,C,88,3.013
8469459,2015,C,88,1.626
8469462,2015,L,33,-0.257
8469465,2015,D,58,0.328
8469466,2015,R,88,1.663
8469469,2015,C,39,0.322
8469470,2015,D,36,0.079
8469490,2015,R,2,-0.01
8469492,2015,D,61,-0.264
8469500,2015,L,42,1.775
8469501,2015,R,82,-0.069
8469506,2015,R,81,1.447
8469508,2015,C,77,0.278
8469514,2015,G,1,0.0
8469521,2015,C,82,1.912
8469544,2015,L,89,2.686
8469547,2015,R,66,-0.155
8469555,2015,D,48,0.424
8469598,2015,D,77,0.323
8469608,2015,G,32,0.0
8469619,2015,D,61,0.352
8469623,2015,D,58,0.62
8469638,2015,L,87,2.091
8469639,2015,C,81,0.296
8469665,2015,D,95,0.626
8469707,2015,R,77,1.796
8469759,2015,C,95,1.256
8469760,2015,D,70,0.023
8469770,2015,D,51,0.752
8470039,2015,L,80,0.617
8470041,2015,L,65,1.978
8470047,2015,C,93,0.921
8470104,2015,D,45,-0.136
8470105,2015,R,87,0.458
8470110,2015,D,97,1.377
8470120,2015,R,15,0.014
8470121,2015,D,3,-0.017
8470140,2015,G,54,0.0
8470144,2015,C,92,3.177
8470147,2015,G,18,0.0
8470151,2015,D,92,0.513
8470159,2015,C,65,0.343
8470162,2015,C,80,0.325
8470169,2015,C,82,-0.003
8470171,2015,C,38,0.103
8470180,2015,L,47,-0.115
8470187,2015,D,81,0.98
8470201,2015,R,78,1.784
8470207,2015,L,46,0.655
8470222,2015,D,1,-0.006
8470230,2015,L,12,-0.097
8470257,2015,L,87,2.641
8470274,2015,L,33,-0.073
8470281,2015,D,73,1.93
8470317,2015,D,29,-0.154
8470318,2015,D,76,0.247
8470320,2015,G,52,0.0
8470324,2015,D,77,-0.048
8470358,2015,R,79,0.773
8470378,2015,D,2,-0.012
8470543,2015,L,104,1.797
8470594,2015,G,60,0.0
8470595,2015,C,88,1.201
8470598,2015,L,74,1.588
8470599,2015,L,45,0.457
8470600,2015,D,88,2.083
8470601,2015,D,97,0.104
8470602,2015,D,71,1.287
8470604,2015,C,82,2.935
8470606,2015,R,87,0.792
8470607,2015,D,88,2.133
8470609,2015,R,30,0.095
8470610,2015,L,70,2.767
8470611,2015,C,78,0.577
8470612,2015,C,84,2.352
8470613,2015,D,106,5.091
8470614,2015,D,64,-0.306
8470616,2015,C,86,2.818
8470617,2015,C,51,0.157
8470619,2015,C,93,0.962
8470621,2015,R,89,3.073
8470622,2015,R,63,0.932
8470626,2015,L,82,2.814
8470630,2015,D,74,1.094
8470638,2015,C,80,3.393
8470640,2015,D,78,0.257
8470642,2015,D,92,2.516
8470644,2015,R,8,-0.008
8470645,2015,G,65,0.0
8470655,2015,R,99,1.943
8470657,2015,G,39,0.0
8470667,2015,L,4,-0.043
8470714,2015,D,1,-0.007
8470724,2015,D,51,0.404
8470729,2015,D,2,-0.004
8470740,2015,R,82,1.978
8470750,2015,C,71,0.806
8470755,2015,R,82,0.861
8470760,2015,D,69,-0.016
8470775,2015,C,56,-0.035
8470778,2015,L,28,-0.165
8470794,2015,C,106,4.754
8470803,2015,C,96,0.119
8470828,2015,D,72,0.229
8470834,2015,D,81,2.473
8470852,2015,L,81,0.763
8470854,2015,L,61,-0.176
8470860,2015,G,36,0.0
8470871,2015,L,67,-0.224
8470877,2015,R,81,0.212
8470880,2015,G,60,0.0
8470886,2015,D,51,0.045
8470920,2015,R,23,0.115
8470966,2015,D,82,2.603
8471186,2015,G,2,0.0
8471214,2015,L,91,4.441
8471215,2015,C,80,3.462
8471217,2015,L,85,2.101
8471218,2015,R,82,3.541
8471219,2015,G,25,0.0
8471222,2015,D,22,-0.064
8471226,2015,R,78,1.259
8471227,2015,G,73,0.0
8471231,2015,C,70,0.019
8471232,2015,L,71,0.574
8471233,2015,C,74,1.423
8471239,2015,G,58,0.0
8471240,2015,D,1,-0.003
8471242,2015,D,79,1.613
8471245,2015,C,25,0.033
8471254,2015,L,25,-0.095
8471260,2015,L,81,0.994
8471262,2015,C,82,2.019
8471269,2015,D,58,0.0
8471273,2015,C,75,2.227
8471274,2015,D,95,1.609
8471276,2015,C,72,2.606
8471283,2015,L,35,-0.012
8471284,2015,D,81,1.234
8471296,2015,D,72,0.064
8471303,2015,D,52,0.699
8471306,2015,G,52,0.0
8471309,2015,R,2,0.032
8471311,2015,C,50,0.338
8471331,2015,C,41,-0.204
8471338,2015,C,71,0.711
8471339,2015,R,89,0.698
8471346,2015,R,82,1.511
8471348,2015,D,11,-0.032
8471362,2015,C,58,0.887
8471371,2015,R,58,-0.133
8471385,2015,D,23,0.098
8471390,2015,C,70,0.574
8471392,2015,D,103,0.368
8471403,2015,G,37,0.0
8471418,2015,G,9,0.0
8471426,2015,R,102,1.906
8471436,2015,D,60,0.072
8471469,2015,G,80,0.0
8471476,2015,L,88,0.162
8471490,2015,R,52,0.132
8471498,2015,R,67,1.292
8471504,2015,R,49,0.132
8471657,2015,L,82,-0.071
8471663,2015,R,27,0.115
8471664,2015,L,29,0.045
8471669,2015,C,84,2.275
8471675,2015,C,104,4.042
8471676,2015,R,81,2.657
8471677,2015,D,60,0.279
8471678,2015,L,55,1.581
8471679,2015,G,12,0.0
8471681,2015,R,74,0.445
8471685,2015,C,86,3.723
8471686,2015,D,82,0.36
8471691,2015,C,64,1.361
8471693,2015,D,45,0.211
8471695,2015,G,64,0.0
8471698,2015,R,92,2.601
8471699,2015,C,89,0.997
8471702,2015,D,94,1.125
8471703,2015,R,26,0.113
8471707,2015,L,96,2.878
8471709,2015,D,91,2.091
8471710,2015,D,62,0.054
8471715,2015,G,33,0.0
8471716,2015,L,87,1.43
8471717,2015,D,64,0.031
8471724,2015,D,94,4.387
8471729,2015,D,74,0.809
8471733,2015,L,19,0.07
8471734,2015,G,73,0.0
8471735,2015,D,87,2.041
8471742,2015,D,59,0.604
8471750,2015,G,72,0.0
8471752,2015,D,4,-0.029
8471760,2015,C,23,-0.14
8471761,2015,D,5,-0.029
8471762,2015,C,85,-0.068
8471766,2015,R,30,-0.051
8471769,2015,D,88,0.681
8471774,2015,G,13,0.0
8471794,2015,C,82,0.914
8471804,2015,C,47,0.038
8471811,2015,C,20,0.133
8471816,2015,D,69,-0.003
8471817,2015,R,69,-0.358
8471856,2015,C,1,-0.003
8471862,2015,C,31,0.523
8471873,2015,D,79,1.459
8471887,2015,R,106,3.515
8471916,2015,L,4,0.031
8471956,2015,L,83,-0.047
8471958,2015,D,76,0.536
8471976,2015,C,65,0.769
8471996,2015,C,2,0.009
8472382,2015,D,82,0.081
8472410,2015,C,82,-0.229
8473404,2015,G,4,0.0
8473412,2015,C,57,1.853
8473415,2015,D,51,0.134
8473419,2015,L,77,2.468
8473422,2015,L,72,1.388
8473426,2015,D,47,-0.058
8473431,2015,C,1,-0.009
8473432,2015,R,71,0.251
8473434,2015,G,45,0.0
8473446,2015,D,73,1.14
8473449,2015,R,90,3.552
8473453,2015,C,80,0.483
8473461,2015,G,57,0.0
8473463,2015,R,67,1.428
8473465,2015,L,91,1.643
8473466,2015,C,79,0.175
8473468,2015,D,53,-0.109
8473473,2015,L,86,1.943
8473482,2015,L,30,-0.115
8473485,2015,R,63,0.814
8473492,2015,L,80,1.105
8473499,2015,G,14,0.0
8473503,2015,G,41,0.0
8473504,2015,R,88,0.728
8473507,2015,D,51,0.607
8473512,2015,R,84,2.488
8473523,2015,G,16,0.0
8473533,2015,C,82,1.969
8473534,2015,C,62,0.885
8473537,2015,L,80,0.618
8473541,2015,G,38,0.0
8473542,2015,L,4,0.03
8473544,2015,C,85,2.067
8473546,2015,L,80,0.427
8473548,2015,R,106,3.99
8473550,2015,D,37,0.056
8473553,2015,G,16,0.0
8473560,2015,D,29,0.012
8473562,2015,C,1,-0.013
8473563,2015,C,87,2.9
8473564,2015,R,64,1.234
8473565,2015,D,52,0.057
8473571,2015,D,48,0.261
8473573,2015,C,84,1.604
8473574,2015,L,71,0.985
8473575,2015,G,57,0.0
8473579,2015,L,92,0.484
8473584,2015,D,34,0.244
8473588,2015,R,57,0.138
8473589,2015,D,3,0.014
8473604,2015,C,87,2.308
8473607,2015,G,35,0.0
8473614,2015,G,1,0.0
8473618,2015,C,71,1.517
8473646,2015,L,62,0.199
8473658,2015,D,10,-0.034
8473673,2015,D,67,0.816
8473722,2015,L,12,-0.045
8473914,2015,C,82,0.49
8473933,2015,D,90,0.438
8473962,2015,L,82,1.614
8473970,2015,L,14,-0.064
8473972,2015,G,26,0.0
8473986,2015,L,98,1.944
8473989,2015,L,29,-0.071
8473991,2015,D,94,0.638
8473992,2015,D,24,0.113
8473994,2015,L,95,4.769
8474000,2015,D,47,-0.002
8474005,2015,D,5,-0.007
8474008,2015,C,4,0.033
8474009,2015,C,87,1.97
8474013,2015,D,94,0.384
8474019,2015,D,3,0.029
8474024,2015,C,4,-0.054
8474025,2015,L,1,-0.006
8474027,2015,D,104,0.863
8474031,2015,D,92,2.757
8474034,2015,L,72,0.813
8474037,2015,L,40,1.552
8474038,2015,L,62,0.416
8474040,2015,C,59,0.494
8474052,2015,L,68,0.042
8474053,2015,C,76,3.361
8474056,2015,D,68,2.148
8474061,2015,R,35,-0.023
8474062,2015,C,64,0.873
8474066,2015,D,73,0.897
8474068,2015,C,57,0.787
8474074,2015,D,26,-0.012
8474089,2015,C,57,-0.179
8474090,2015,D,66,0.557
8474091,2015,C,20,0.418
8474094,2015,R,30,0.009
8474096,2015,C,82,0.032
8474098,2015,C,82,0.926
8474100,2015,L,52,0.102
8474102,2015,L,78,1.607
8474113,2015,D,7,-0.003
8474125,2015,D,91,0.084
8474134,2015,D,45,0.116
8474138,2015,L,7,0.015
8474141,2015,R,89,5.286
8474145,2015,D,45,0.072
8474150,2015,C,82,2.129
8474151,2015,D,76,1.385
8474152,2015,G,29,0.0
8474157,2015,L,82,3.034
8474161,2015,R,79,2.369
8474162,2015,D,87,1.999
8474166,2015,D,79,1.208
8474168,2015,C,34,-0.015
8474176,2015,L,104,2.175
8474189,2015,C,79,0.844
8474190,2015,R,87,3.169
8474207,2015,D,82,0.617
8474218,2015,D,75,0.994
8474230,2015,L,16,-0.053
8474250,2015,C,81,1.292
8474291,2015,C,69,0.882
8474497,2015,D,15,-0.03
8474516,2015,C,6,-0.032
8474520,2015,D,89,0.364
8474550,2015,G,53,0.0
8474554,2015,L,1,-0.01
8474563,2015,D,87,2.214
8474564,2015,C,78,2.885
8474565,2015,D,93,2.052
8474567,2015,D,64,0.823
8474568,2015,D,77,0.47
8474569,2015,C,78,1.467
8474570,2015,C,39,0.261
8474571,2015,L,80,1.969
8474573,2015,R,90,1.025
8474574,2015,D,73,1.096
8474577,2015,C,73,1.695
8474578,2015,D,82,3.819
8474579,2015,D,41,0.126
8474581,2015,D,79,1.156
8474584,2015,D,52,0.373
8474586,2015,R,69,2.447
8474588,2015,R,50,-0.174
8474589,2015,R,23,0.377
8474590,2015,D,68,2.455
8474593,2015,G,33,0.0
8474596,2015,G,52,0.0
8474597,2015,D,43,0.135
8474600,2015,D,95,3.305
8474602,2015,D,78,0.921
8474604,2015,D,8,0.081
8474605,2015,D,52,-0.069
8474610,2015,C,5,0.011
8474612,2015,D,83,0.728
8474613,2015,C,77,2.55
8474616,2015,C,2,-0.004
8474618,2015,D,79,0.689
8474625,2015,R,75,0.873
8474627,2015,C,99,0.775
8474628,2015,D,75,1.479
8474636,2015,G,30,0.0
8474638,2015,D,6,0.028
8474641,2015,C,80,1.836
8474642,2015,L,44,0.049
8474651,2015,G,78,0.0
8474660,2015,D,22,0.026
8474661,2015,D,36,-0.122
8474668,2015,R,75,1.012
8474673,2015,D,70,1.911
8474679,2015,R,87,1.76
8474682,2015,G,6,0.0
8474683,2015,C,15,-0.022
8474685,2015,L,73,0.577
8474688,2015,D,38,0.166
8474697,2015,D,63,-0.166
8474698,2015,D,7,-0.029
8474709,2015,L,91,0.177
8474715,2015,R,81,2.876
8474716,2015,D,83,1.252
8474717,2015,D,30,0.395
8474722,2015,D,6,-0.021
8474727,2015,R,22,0.196
8474736,2015,C,52,-0.221
8474739,2015,C,90,0.44
8474743,2015,D,37,0.191
8474744,2015,C,2,-0.015
8474749,2015,D,80,0.43
8474765,2015,G,19,0.0
8474774,2015,D,64,0.072
8474818,2015,D,65,0.277
8474849,2015,L,93,0.786
8474850,2015,L,43,-0.03
8474870,2015,C,86,1.936
8474884,2015,C,78,2.438
8474889,2015,G,89,0.0
8475060,2015,D,6,-0.021
8475098,2015,C,57,1.069
8475119,2015,C,10,-0.014
8475147,2015,C,28,0.068
8475149,2015,L,86,2.188
8475150,2015,R,4,-0.034
8475151,2015,C,82,2.462
8475153,2015,D,8,0.0
8475155,2015,D,39,0.015
8475157,2015,C,68,0.032
8475158,2015,C,71,2.279
8475160,2015,L,60,0.165
8475161,2015,R,1,-0.005
8475163,2015,R,77,-0.075
8475164,2015,R,89,1.802
8475165,2015,C,61,-0.129
8475166,2015,C,89,3.293
8475167,2015,D,95,2.894
8475168,2015,C,76,2.257
8475169,2015,L,65,1.134
8475170,2015,C,86,2.732
8475171,2015,D,75,2.762
8475172,2015,C,76,1.874
8475174,2015,D,37,-0.028
8475175,2015,L,51,0.277
8475176,2015,D,93,1.572
8475177,2015,D,83,0.484
8475178,2015,R,36,0.065
8475179,2015,D,80,0.596
8475180,2015,C,65,1.274
8475181,2015,D,92,1.834
8475182,2015,D,12,0.03
8475184,2015,L,84,1.804
8475185,2015,C,58,0.236
8475186,2015,D,73,0.629
8475188,2015,D,86,0.145
8475191,2015,R,88,2.279
8475192,2015,L,2,-0.028
8475193,2015,L,86,2.124
8475194,2015,D,4,-0.02
8475195,2015,G,29,0.0
8475197,2015,D,78,2.342
8475199,2015,D,40,0.192
8475200,2015,D,93,1.229
8475204,2015,C,61,1.27
8475206,2015,D,21,0.273
8475208,2015,D,103,0.798
8475209,2015,R,36,0.391
8475213,2015,C,2,0.025
8475215,2015,G,21,0.0
8475218,2015,D,96,1.772
8475220,2015,L,75,0.505
8475222,2015,D,78,1.912
8475223,2015,R,41,0.35
8475225,2015,C,93,1.667
8475227,2015,D,64,0.424
8475231,2015,C,91,1.535
8475233,2015,D,65,0.92
8475234,2015,G,8,0.0
8475235,2015,L,70,0.11
8475236,2015,C,95,1.485
8475246,2015,D,65,0.627
8475247,2015,C,43,0.138
8475250,2015,C,55,0.86
8475253,2015,L,35,-0.232
8475260,2015,C,20,0.16
8475268,2015,L,22,-0.03
8475274,2015,D,19,-0.039
8475278,2015,C,56,0.223
8475279,2015,D,70,0.282
8475287,2015,L,81,1.518
8475292,2015,R,27,0.146
8475299,2015,G,22,0.0
8475310,2015,L,4,0.018
8475311,2015,G,21,0.0
8475314,2015,L,80,1.753
8475321,2015,C,6,0.11
8475323,2015,C,48,0.298
8475325,2015,C,52,-0.114
8475343,2015,C,5,-0.045
8475361,2015,G,24,0.0
8475414,2015,L,10,-0.005
8475430,2015,D,62,0.152
8475455,2015,D,100,0.196
8475461,2015,L,9,0.006
8475462,2015,D,82,0.293
8475598,2015,D,1,-0.004
8475613,2015,D,60,-0.028
8475622,2015,G,20,0.0
8475625,2015,D,2,-0.015
8475650,2015,L,54,-0.356
8475660,2015,G,56,0.0
8475661,2015,L,14,0.087
8475663,2015,G,34,0.0
8475681,2015,G,15,0.0
8475683,2015,G,37,0.0
8475690,2015,D,69,0.525
8475692,2015,R,86,2.629
8475714,2015,C,95,0.965
8475715,2015,L,70,0.961
8475716,2015,D,65,-0.047
8475717,2015,G,20,0.0
8475722,2015,L,77,0.818
8475726,2015,C,87,2.636
8475727,2015,C,80,2.093
8475728,2015,L,74,0.271
8475730,2015,D,27,-0.007
8475735,2015,C,16,0.01
8475736,2015,L,23,0.078
8475738,2015,C,14,-0.156
8475744,2015,C,94,3.272
8475745,2015,C,88,1.68
8475747,2015,D,38,0.261
8475749,2015,L,6,0.054
8475750,2015,D,47,0.023
8475753,2015,D,64,1.668
8475754,2015,C,92,1.99
8475755,2015,D,72,0.629
8475756,2015,L,3,-0.023
8475757,2015,R,3,-0.013
8475758,2015,R,64,0.913
8475759,2015,D,26,-0.103
8475760,2015,C,72,1.782
8475761,2015,R,34,0.326
8475762,2015,D,14,0.033
8475763,2015,R,82,1.223
8475764,2015,D,76,1.227
8475765,2015,R,100,4.457
8475766,2015,L,57,0.077
8475768,2015,L,53,1.436
8475769,2015,C,58,0.148
8475770,2015,R,58,0.534
8475772,2015,C,86,1.018
8475774,2015,D,27,-0.026
8475775,2015,L,2,-0.02
8475780,2015,R,45,0.09
8475782,2015,D,3,-0.013
8475784,2015,L,82,2.724
8475786,2015,L,16,0.261
8475788,2015,C,81,0.286
8475790,2015,D,70,-0.086
8475791,2015,L,82,3.154
8475792,2015,R,71,0.635
8475793,2015,C,94,2.31
8475794,2015,C,73,3.527
8475795,2015,D,35,0.019
8475796,2015,D,55,0.247
8475797,2015,D,10,-0.062
8475798,2015,C,88,1.454
8475799,2015,R,88,2.068
8475800,2015,L,36,0.5
8475807,2015,C,71,0.394
8475808,2015,C,8,0.121
8475809,2015,G,4,0.0
8475810,2015,R,64,0.754
8475815,2015,D,11,-0.052
8475816,2015,R,24,0.016
8475820,2015,R,100,1.886
8475829,2015,D,1,-0.003
8475831,2015,G,22,0.0
8475832,2015,R,66,0.567
8475836,2015,C,1,-0.009
8475839,2015,G,39,0.0
8475842,2015,C,3,-0.022
8475844,2015,L,2,-0.01
8475848,2015,R,53,2.167
8475852,2015,G,57,0.0
8475855,2015,R,84,0.731
8475857,2015,D,5,-0.001
8475868,2015,D,42,0.159
8475869,2015,D,51,0.279
8475878,2015,C,4,0.104
8475883,2015,G,48,0.0
8475902,2015,D,38,0.115
8475906,2015,D,89,3.002
8475907,2015,L,71,0.568
8475913,2015,R,75,2.399
8475949,2015,L,5,0.003
8475958,2015,C,1,-0.011
8475980,2015,C,8,-0.068
8476043,2015,C,7,-0.025
8476062,2015,R,20,0.016
8476116,2015,C,87,0.202
8476147,2015,L,1,-0.01
8476158,2015,L,1,0.003
8476166,2015,D,1,0.053
8476177,2015,R,85,0.565
8476191,2015,D,71,0.556
8476200,2015,R,3,-0.042
8476209,2015,R,18,0.052
8476234,2015,G,23,0.0
8476235,2015,R,64,0.234
8476244,2015,D,1,0.052
8476279,2015,D,58,0.37
8476288,2015,C,30,0.239
8476289,2015,D,69,0.238
8476292,2015,L,79,1.927
8476293,2015,C,24,0.18
8476300,2015,D,66,0.26
8476302,2015,D,39,0.169
8476309,2015,G,1,0.0
8476312,2015,D,72,0.598
8476316,2015,G,5,0.0
8476323,2015,L,20,0.082
8476326,2015,R,1,-0.007
8476331,2015,D,45,0.044
8476336,2015,R,63,0.271
8476341,2015,G,4,0.0
8476343,2015,G,17,0.0
8476344,2015,C,2,-0.02
8476346,2015,L,79,3.62
8476352,2015,L,17,0.042
8476356,2015,L,82,1.423
8476368,2015,D,16,-0.018
8476370,2015,L,7,0.06
8476379,2015,D,13,0.186
8476381,2015,R,84,1.556
8476384,2015,R,5,-0.055
8476386,2015,L,73,0.692
8476388,2015,D,13,-0.074
8476389,2015,C,78,2.379
8476392,2015,C,74,0.546
8476393,2015,C,42,0.539
8476394,2015,D,1,-0.005
8476400,2015,R,56,0.014
8476401,2015,C,11,-0.102
8476403,2015,D,71,-0.1
8476404,2015,C,61,0.19
8476406,2015,C,69,-0.042
8476409,2015,C,12,0.142
8476410,2015,L,12,0.174
8476412,2015,G,1,0.0
8476414,2015,R,6,-0.032
8476415,2015,C,9,-0.06
8476419,2015,C,82,1.995
8476422,2015,D,29,0.291
8476423,2015,C,39,0.755
8476427,2015,R,13,0.264
8476428,2015,R,22,0.122
8476429,2015,D,6,0.014
8476430,2015,R,44,0.105
8476431,2015,D,29,0.246
8476432,2015,C,82,2.507
8476433,2015,G,1,0.0
8476434,2015,G,42,0.0
8476435,2015,C,5,-0.045
8476436,2015,R,71,0.4
8476437,2015,C,80,1.64
8476438,2015,L,78,2.804
8476439,2015,R,10,-0.024
8476440,2015,C,47,0.152
8476441,2015,D,83,0.181
8476442,2015,L,83,0.443
8476443,2015,D,5,0.035
8476444,2015,G,4,0.0
8476447,2015,R,75,-0.067
8476448,2015,C,81,0.731
8476449,2015,D,15,-0.04
8476451,2015,L,12,0.016
8476452,2015,D,11,0.009
8476453,2015,R,94,3.716
8476454,2015,C,55,1.091
8476455,2015,L,75,1.936
8476456,2015,L,82,3.158
8476457,2015,D,82,0.296
8476458,2015,C,79,0.85
8476459,2015,C,81,2.243
8476460,2015,C,71,2.832
8476461,2015,C,64,1.449
8476462,2015,D,82,2.113
8476463,2015,D,74,-0.077
8476465,2015,D,35,0.349
8476466,2015,L,69,1.096
8476467,2015,D,19,0.047
8476468,2015,C,87,1.44
8476469,2015,R,43,0.146
8476470,2015,D,64,0.684
8476471,2015,C,1,-0.012
8476472,2015,D,30,0.509
8476473,2015,D,78,0.392
8476474,2015,R,1,-0.011
8476476,2015,D,33,0.223
8476477,2015,L,26,-0.068
8476478,2015,D,3,-0.014
8476479,2015,C,51,0.192
8476480,2015,C,97,1.134
8476483,2015,R,79,1.827
8476495,2015,C,4,-0.003
8476505,2015,C,1,0.035
8476525,2015,D,42,0.63
8476539,2015,R,50,0.78
8476545,2015,R,7,-0.029
8476624,2015,C,14,0.024
8476766,2015,L,2,0.014
8476769,2015,R,53,0.151
8476772,2015,R,22,-0.103
8476779,2015,D,7,-0.01
8476792,2015,D,81,2.147
8476806,2015,R,87,0.602
8476807,2015,D,29,0.152
8476808,2015,C,56,0.351
8476819,2015,C,2,-0.026
8476822,2015,C,86,1.188
8476826,2015,C,2,0.03
8476850,2015,D,82,0.695
8476851,2015,C,82,2.321
8476852,2015,D,29,-0.134
8476853,2015,D,82,1.471
8476854,2015,D,87,1.33
8476855,2015,R,60,0.842
8476856,2015,D,87,1.266
8476857,2015,L,2,-0.014
8476858,2015,L,41,0.485
8476867,2015,C,20,-0.053
8476869,2015,D,12,0.067
8476870,2015,C,32,-0.129
8476871,2015,L,84,1.416
8476872,2015,C,74,0.627
8476874,2015,D,85,0.853
8476875,2015,D,8,0.022
8476878,2015,C,71,0.451
8476879,2015,D,75,0.954
8476880,2015,R,94,0.282
8476881,2015,C,101,2.505
8476882,2015,C,85,1.296
8476883,2015,G,32,0.0
8476884,2015,D,24,0.313
8476885,2015,D,81,0.78
8476886,2015,D,19,0.079
8476887,2015,L,96,2.979
8476888,2015,C,74,0.754
8476889,2015,C,58,0.825
8476890,2015,D,1,0.042
8476892,2015,D,99,1.822
8476894,2015,L,6,0.082
8476897,2015,C,20,-0.002
8476899,2015,G,34,0.0
8476902,2015,D,4,-0.03
8476904,2015,G,1,0.0
8476905,2015,C,9,-0.051
8476906,2015,D,70,2.41
8476910,2015,R,8,0.113
8476913,2015,C,3,-0.036
8476914,2015,G,31,0.0
8476915,2015,L,15,-0.031
8476917,2015,D,9,0.071
8476919,2015,C,103,0.957
8476921,2015,L,81,0.578
8476923,2015,D,72,0.723
8476925,2015,C,44,0.019
8476931,2015,D,77,0.249
8476934,2015,L,21,0.017
8476941,2015,D,19,0.097
8476944,2015,L,5,-0.045
8476945,2015,G,26,0.0
8476948,2015,L,3,0.074
8476953,2015,D,2,-0.018
8476955,2015,L,6,-0.019
8476958,2015,D,63,0.822
8476960,2015,C,42,0.812
8476967,2015,D,8,-0.041
8476975,2015,C,73,0.035
8476979,2015,D,46,0.597
8476981,2015,R,12,0.097
8476989,2015,D,10,-0.054
8476994,2015,C,7,-0.042
8476999,2015,G,20,0.0
8477006,2015,C,3,-0.022
8477010,2015,C,41,0.45
8477015,2015,R,7,0.258
8477018,2015,D,75,0.948
8477033,2015,D,4,0.09
8477076,2015,R,9,-0.004
8477126,2015,C,6,0.081
8477202,2015,G,24,0.0
8477205,2015,D,94,0.73
8477210,2015,R,3,0.087
8477213,2015,L,17,0.108
8477215,2015,D,83,0.505
8477220,2015,D,82,0.607
8477237,2015,G,55,0.0
8477244,2015,D,1,0.001
8477249,2015,C,6,-0.042
8477290,2015,L,88,1.008
8477293,2015,G,28,0.0
8477300,2015,D,30,0.087
8477326,2015,R,6,0.0
8477356,2015,G,1,0.0
8477392,2015,R,7,0.056
8477406,2015,C,85,1.054
8477407,2015,L,81,1.855
8477413,2015,R,44,0.722
8477415,2015,L,11,-0.047
8477416,2015,R,12,0.385
8477424,2015,G,1,0.0
8477425,2015,L,1,0.002
8477426,2015,L,24,0.042
8477427,2015,R,6,0.019
8477429,2015,C,77,0.484
8477433,2015,D,5,0.028
8477444,2015,L,91,1.338
8477445,2015,C,8,0.087
8477446,2015,C,20,0.028
8477447,2015,D,25,0.384
8477448,2015,C,34,0.266
8477450,2015,C,1,0.055
8477451,2015,R,3,0.019
8477453,2015,D,31,-0.003
8477455,2015,L,22,-0.179
8477460,2015,C,8,-0.02
8477463,2015,D,1,0.002
8477464,2015,C,26,0.096
8477467,2015,D,2,-0.004
8477473,2015,R,8,-0.003
8477486,2015,L,2,-0.026
8477488,2015,D,69,0.439
8477492,2015,C,72,2.249
8477493,2015,C,72,3.255
8477494,2015,L,38,0.773
8477495,2015,D,81,1.185
8477496,2015,C,82,1.132
8477497,2015,C,81,2.399
8477498,2015,D,69,0.096
8477499,2015,D,82,1.623
8477500,2015,C,82,1.933
8477501,2015,R,89,0.958
8477503,2015,C,81,2.106
8477504,2015,D,1,0.0
8477505,2015,C,69,1.649
8477506,2015,D,21,0.268
8477507,2015,D,22,-0.063
8477508,2015,C,76,0.402
8477509,2015,D,11,-0.036
8477510,2015,L,32,0.296
8477511,2015,R,10,0.108
8477512,2015,C,7,0.007
8477527,2015,L,1,-0.034
8477566,2015,L,2,0.037
8477589,2015,L,8,-0.086
8477591,2015,R,59,0.262
8477642,2015,D,10,-0.038
8477715,2015,C,14,0.014
8477810,2015,D,10,0.278
8477816,2015,L,3,0.014
8477831,2015,G,1,0.0
8477839,2015,L,67,0.718
8477845,2015,D,89,0.282
8477846,2015,C,1,-0.011
8477850,2015,D,26,0.064
8477851,2015,D,17,0.188
8477887,2015,C,7,0.054
8477901,2015,L,23,0.336
8477902,2015,R,15,-0.112
8477903,2015,R,14,0.058
8477914,2015,G,1,0.0
8477916,2015,R,3,-0.027
8477922,2015,C,89,0.801
8477923,2015,L,1,-0.006
8477929,2015,C,44,0.22
8477930,2015,L,79,0.341
8477931,2015,L,6,-0.052
8477932,2015,D,84,1.648
8477933,2015,C,79,1.94
8477934,2015,C,72,1.921
8477935,2015,C,77,1.339
8477937,2015,R,55,0.355
8477939,2015,R,22,0.367
8477940,2015,L,72,1.444
8477941,2015,L,33,-0.074
8477942,2015,L,5,0.056
8477946,2015,C,85,1.808
8477947,2015,L,3,0.014
8477952,2015,C,92,2.249
8477953,2015,R,9,-0.08
8477955,2015,L,69,0.525
8477956,2015,R,51,1.078
8477958,2015,R,9,0.037
8477997,2015,D,13,0.009
8478004,2015,D,1,-0.003
8478029,2015,L,2,-0.013
8478042,2015,L,70,0.554
8478137,2015,L,39,0.0
8478366,2015,R,39,0.409
8478373,2015,R,11,0.276
8478393,2015,R,2,-0.017
8478396,2015,D,79,0.879
8478401,2015,C,1,0.111
8478402,2015,C,45,2.39
8478403,2015,C,81,2.209
8478420,2015,R,9,-0.055
8478430,2015,D,1,-0.007
8478466,2015,R,18,0.001
8478528,2015,C,17,0.06
8478541,2015,L,4,-0.03
8478542,2015,C,2,0.109
8478550,2015,L,87,3.662
8478559,2015,G,1,0.0
8478561,2015,L,55,0.013
8478562,2015,D,27,0.197
8478563,2015,D,45,0.344
8478564,2015,C,44,-0.014
8478566,2015,C,78,-0.093
8478567,2015,D,8,-0.048
8478569,2015,C,19,-0.082
8478584,2015,D,7,-0.045
8478585,2015,C,6,0.03
8478866,2015,C,3,0.048
8478928,2015,L,45,-0.225
8478963,2015,D,3,-0.027
8478999,2015,G,2,0.0
8479268,2015,D,7,0.167
8479292,2015,G,1,0.0
8479293,2015,L,3,-0.036
8448208,2016,R,82,1.899
8462038,2016,R,74,0.51
8462042,2016,R,80,0.489
8464989,2016,C,97,1.794
8465009,2016,D,81,1.021
8465058,2016,D,22,0.075
8465978,2016,L,50,-0.145
8466138,2016,C,83,1.113
8466139,2016,C,88,1.933
8466141,2016,G,40,0.0
8466148,2016,R,77,1.757
8466251,2016,L,82,0.984
8466285,2016,D,84,0.323
8467370,2016,C,92,1.477
8467371,2016,C,46,0.415
8467400,2016,D,81,0.31
8467407,2016,R,82,0.838
8467493,2016,R,55,-0.136
8467496,2016,D,68,1.429
8467875,2016,L,82,1.508
8467876,2016,C,82,1.056
8467950,2016,G,59,0.0
8467967,2016,C,84,0.003
8468001,2016,C,82,0.445
8468011,2016,G,54,0.0
8468038,2016,G,4,0.0
8468083,2016,C,82,2.18
8468085,2016,R,81,2.39
8468208,2016,R,84,0.888
8468309,2016,D,71,1.176
8468483,2016,R,56,0.715
8468486,2016,L,82,1.328
8468493,2016,D,97,0.467
8468498,2016,D,92,0.326
8468505,2016,C,59,-0.057
8468508,2016,R,93,2.106
8468509,2016,D,57,0.317
8468513,2016,D,28,0.051
8468535,2016,C,89,0.757
8468542,2016,D,87,0.66
8468575,2016,C,88,0.685
8468611,2016,C,42,0.075
8468639,2016,D,42,0.147
8468674,2016,D,85,0.378
8468685,2016,G,69,0.0
8469455,2016,C,68,1.899
8469459,2016,C,85,2.552
8469465,2016,D,79,0.262
8469466,2016,R,15,0.26
8469492,2016,D,69,0.109
8469500,2016,L,61,1.129
8469501,2016,R,64,-0.249
8469506,2016,R,83,1.981
8469508,2016,C,65,-0.047
8469514,2016,G,60,0.0
8469521,2016,C,84,1.174
8469544,2016,L,48,0.67
8469547,2016,R,52,-0.017
8469598,2016,D,89,0.388
8469608,2016,G,55,0.0
8469619,2016,D,73,0.599
8469638,2016,L,69,0.585
8469665,2016,D,56,0.064
8469707,2016,R,72,0.989
8469759,2016,C,68,0.032
8469760,2016,D,3,-0.027
8469770,2016,D,57,0.524
8470041,2016,L,79,1.973
8470047,2016,C,79,1.306
8470104,2016,D,18,0.149
8470105,2016,R,84,0.242
8470110,2016,D,77,0.816
8470121,2016,D,26,-0.028
8470140,2016,G,59,0.0
8470144,2016,C,79,1.539
8470147,2016,G,21,0.0
8470151,2016,D,92,-0.05
8470159,2016,C,13,0.045
8470162,2016,C,84,0.533
8470187,2016,D,66,0.885
8470201,2016,R,32,0.266
8470257,2016,L,86,2.0
8470281,2016,D,84,2.047
8470318,2016,D,51,0.059
8470320,2016,G,61,0.0
8470324,2016,D,66,-0.303
8470358,2016,R,90,1.009
8470543,2016,L,91,1.177
8470594,2016,G,53,0.0
8470595,2016,C,87,2.625
8470598,2016,L,68,2.441
8470599,2016,L,5,0.042
8470600,2016,D,87,1.293
8470601,2016,D,80,0.115
8470602,2016,D,100,1.092
8470604,2016,C,82,3.185
8470606,2016,R,80,1.276
8470607,2016,D,83,1.472
8470610,2016,L,74,2.281
8470611,2016,C,53,0.355
8470612,2016,C,91,3.665
8470613,2016,D,88,3.66
8470614,2016,D,42,0.066
8470616,2016,C,99,2.728
8470619,2016,C,81,1.159
8470621,2016,R,99,2.834
8470622,2016,R,86,2.604
8470626,2016,L,65,0.714
8470630,2016,D,61,0.382
8470638,2016,C,85,2.754
8470640,2016,D,6,0.027
8470642,2016,D,84,1.642
8470644,2016,R,3,0.051
8470645,2016,G,59,0.0
8470655,2016,R,80,1.479
8470657,2016,G,26,0.0
8470667,2016,L,23,0.18
8470724,2016,D,75,0.341
8470740,2016,R,82,1.379
8470750,2016,C,65,-0.387
8470755,2016,R,16,0.467
8470760,2016,D,86,0.095
8470775,2016,C,47,0.013
8470778,2016,L,55,-0.139
8470794,2016,C,87,3.068
8470803,2016,C,79,0.493
8470828,2016,D,60,0.093
8470834,2016,D,80,2.204
8470852,2016,L,81,1.378
8470854,2016,L,18,0.12
8470860,2016,G,28,0.0
8470880,2016,G,53,0.0
8470886,2016,D,14,0.071
8470966,2016,D,85,1.676
8471214,2016,L,95,3.295
8471215,2016,C,87,4.601
8471217,2016,L,78,0.877
8471218,2016,R,82,3.171
8471219,2016,G,19,0.0
8471226,2016,R,64,0.664
8471227,2016,G,70,0.0
8471228,2016,R,82,2.454
8471232,2016,L,69,0.521
8471233,2016,C,80,1.352
8471239,2016,G,60,0.0
8471242,2016,D,72,1.376
8471251,2016,G,3,0.0
8471254,2016,L,11,-0.007
8471260,2016,L,77,0.065
8471262,2016,C,80,0.085
8471269,2016,D,3,-0.013
8471273,2016,C,85,1.309
8471274,2016,D,82,1.065
8471276,2016,C,85,1.792
8471284,2016,D,91,1.487
8471296,2016,D,78,-0.021
8471303,2016,D,68,0.474
8471306,2016,G,51,0.0
8471331,2016,C,2,-0.025
8471338,2016,C,81,0.47
8471339,2016,R,18,-0.017
8471346,2016,R,73,1.675
8471385,2016,D,4,-0.012
8471392,2016,D,77,0.064
8471418,2016,G,16,0.0
8471426,2016,R,78,0.495
8471436,2016,D,78,0.474
8471469,2016,G,83,0.0
8471476,2016,L,85,0.609
8471490,2016,R,69,0.417
8471498,2016,R,49,0.628
8471504,2016,R,65,0.273
8471657,2016,L,74,-0.194
8471663,2016,R,2,0.001
8471664,2016,L,4,-0.045
8471669,2016,C,73,1.204
8471675,2016,C,99,4.909
8471676,2016,R,81,1.502
8471677,2016,D,87,0.723
8471678,2016,L,80,-0.158
8471679,2016,G,68,0.0
8471681,2016,R,55,0.173
8471682,2016,R,45,0.22
8471685,2016,C,76,2.226
8471686,2016,D,84,-0.091
8471691,2016,C,76,1.546
8471693,2016,D,39,-0.072
8471695,2016,G,71,0.0
8471698,2016,R,81,3.081
8471699,2016,C,99,1.216
8471702,2016,D,91,1.672
8471707,2016,L,92,2.244
8471709,2016,D,81,1.069
8471710,2016,D,18,0.207
8471715,2016,G,8,0.0
8471716,2016,L,64,0.501
8471717,2016,D,79,0.168
8471724,2016,D,41,1.729
8471729,2016,D,81,0.376
8471734,2016,G,17,0.0
8471735,2016,D,82,1.546
8471742,2016,D,68,0.32
8471743,2016,C,12,0.194
8471750,2016,G,39,0.0
8471760,2016,C,9,-0.079
8471761,2016,D,1,-0.008
8471762,2016,C,81,-0.021
8471766,2016,R,59,-0.184
8471768,2016,L,96,0.286
8471769,2016,D,77,0.414
8471774,2016,G,2,0.0
8471794,2016,C,50,0.522
8471811,2016,C,11,0.03
8471816,2016,D,4,0.091
8471817,2016,R,91,-0.02
8471873,2016,D,73,0.693
8471887,2016,R,89,2.822
8471956,2016,L,46,-0.196
8471958,2016,D,75,0.404
8471976,2016,C,62,0.294
8471996,2016,C,2,-0.025
8472382,2016,D,66,0.24
8472410,2016,C,26,0.108
8473412,2016,C,59,1.959
8473415,2016,D,36,-0.061
8473419,2016,L,86,3.951
8473422,2016,L,83,2.164
8473432,2016,R,14,0.162
8473434,2016,G,37,0.0
8473446,2016,D,46,0.647
8473449,2016,R,65,1.725
8473453,2016,C,82,0.393
8473461,2016,G,58,0.0
8473463,2016,R,88,1.056
8473465,2016,L,72,0.269
8473466,2016,C,68,0.189
8473468,2016,D,43,0.088
8473473,2016,L,95,2.189
8473485,2016,R,84,0.575
8473492,2016,L,52,-0.194
8473499,2016,G,7,0.0
8473503,2016,G,43,0.0
8473504,2016,R,66,0.52
8473507,2016,D,86,0.968
8473512,2016,R,82,1.661
8473523,2016,G,6,0.0
8473533,2016,C,75,2.016
8473534,2016,C,93,1.362
8473537,2016,L,92,0.161
8473541,2016,G,43,0.0
8473542,2016,L,13,0.025
8473544,2016,C,100,1.124
8473546,2016,L,88,2.171
8473548,2016,R,107,4.074
8473553,2016,G,13,0.0
8473560,2016,D,37,0.114
8473563,2016,C,95,3.74
8473564,2016,R,86,1.39
8473565,2016,D,5,0.058
8473571,2016,D,3,-0.019
8473573,2016,C,68,1.652
8473574,2016,L,45,0.131
8473575,2016,G,24,0.0
8473579,2016,L,72,0.511
8473584,2016,D,73,0.401
8473588,2016,R,13,-0.102
8473604,2016,C,76,2.584
8473607,2016,G,28,0.0
8473614,2016,G,5,0.0
8473618,2016,C,65,1.909
8473673,2016,D,68,0.904
8473914,2016,C,91,2.117
8473933,2016,D,82,-0.302
8473942,2016,C,1,-0.003
8473962,2016,L,12,-0.063
8473986,2016,L,81,1.059
8473989,2016,L,11,-0.055
8473991,2016,D,89,0.147
8473992,2016,D,52,0.021
8473994,2016,L,77,2.776
8474000,2016,D,11,0.062
8474008,2016,C,7,-0.049
8474009,2016,C,101,1.693
8474013,2016,D,106,1.353
8474018,2016,L,3,0.002
8474019,2016,D,1,0.05
8474027,2016,D,87,0.145
8474031,2016,D,93,2.769
8474034,2016,L,94,1.823
8474037,2016,L,88,3.199
8474038,2016,L,87,1.72
8474040,2016,C,86,2.119
8474052,2016,L,14,0.14
8474053,2016,C,79,2.454
8474056,2016,D,88,2.117
8474062,2016,C,87,0.462
8474066,2016,D,76,0.657
8474068,2016,C,97,1.933
8474074,2016,D,65,0.48
8474090,2016,D,63,0.314
8474091,2016,C,81,1.212
8474092,2016,G,10,0.0
8474098,2016,C,80,0.65
8474100,2016,L,86,0.0
8474102,2016,L,93,1.297
8474125,2016,D,67,0.0
8474130,2016,R,1,-0.01
8474134,2016,D,95,0.033
8474141,2016,R,86,3.873
8474145,2016,D,48,-0.034
8474150,2016,C,85,2.803
8474151,2016,D,89,1.995
8474152,2016,G,32,0.0
8474157,2016,L,87,2.712
8474161,2016,R,82,2.767
8474162,2016,D,82,0.994
8474166,2016,D,82,1.561
8474176,2016,L,76,0.754
8474189,2016,C,94,1.027
8474190,2016,R,82,2.585
8474207,2016,D,91,1.313
8474218,2016,D,81,0.946
8474230,2016,L,58,0.195
8474250,2016,C,93,1.288
8474291,2016,C,94,1.101
8474520,2016,D,70,-0.006
8474550,2016,G,37,0.0
8474563,2016,D,82,1.605
8474564,2016,C,17,1.035
8474565,2016,D,91,2.105
8474567,2016,D,56,0.044
8474568,2016,D,78,-0.099
8474569,2016,C,84,1.229
8474571,2016,L,85,0.758
8474573,2016,R,82,2.152
8474574,2016,D,11,0.153
8474577,2016,C,62,-0.15
8474578,2016,D,96,4.416
8474579,2016,D,82,0.097
8474581,2016,D,88,1.701
8474584,2016,D,51,0.791
8474586,2016,R,95,2.148
8474589,2016,R,51,0.237
8474590,2016,D,85,1.776
8474593,2016,G,26,0.0
8474596,2016,G,72,0.0
8474597,2016,D,33,-0.007
8474600,2016,D,94,2.865
8474602,2016,D,99,2.852
8474604,2016,D,2,-0.009
8474605,2016,D,57,0.281
8474610,2016,C,9,0.085
8474611,2016,D,12,0.152
8474612,2016,D,49,0.365
8474613,2016,C,93,2.309
8474618,2016,D,76,0.232
8474625,2016,R,58,-0.058
8474627,2016,C,72,0.479
8474628,2016,D,68,0.282
8474636,2016,G,28,0.0
8474641,2016,C,82,1.456
8474642,2016,L,64,-0.258
8474651,2016,G,76,0.0
8474660,2016,D,7,0.012
8474668,2016,R,64,0.207
8474673,2016,D,86,1.354
8474679,2016,R,76,2.114
8474682,2016,G,1,0.0
8474683,2016,C,46,-0.059
8474685,2016,L,69,0.427
8474688,2016,D,36,0.265
8474697,2016,D,72,-0.34
8474707,2016,D,26,0.141
8474709,2016,L,88,-0.154
8474715,2016,R,87,3.121
8474716,2016,D,81,1.588
8474717,2016,D,60,0.24
8474722,2016,D,34,0.039
8474727,2016,R,40,0.115
8474739,2016,C,82,0.053
8474743,2016,D,16,0.171
8474749,2016,D,28,-0.054
8474774,2016,D,29,0.133
8474818,2016,D,77,0.343
8474849,2016,L,60,0.758
8474870,2016,C,66,1.456
8474873,2016,D,5,-0.025
8474884,2016,C,93,2.881
8474889,2016,G,71,0.0
8475098,2016,C,84,2.029
8475147,2016,C,37,0.418
8475149,2016,L,95,2.467
8475151,2016,C,80,2.001
8475155,2016,D,1,-0.015
8475158,2016,C,72,2.399
8475160,2016,L,73,0.035
8475163,2016,R,85,0.431
8475164,2016,R,96,2.71
8475165,2016,C,22,0.079
8475166,2016,C,77,2.989
8475167,2016,D,79,3.193
8475168,2016,C,77,1.65
8475169,2016,L,70,1.661
8475170,2016,C,79,2.265
8475171,2016,D,79,1.38
8475172,2016,C,88,2.832
8475175,2016,L,40,0.565
8475176,2016,D,93,2.256
8475177,2016,D,82,0.89
8475178,2016,R,92,0.52
8475179,2016,D,47,-0.231
8475180,2016,C,48,0.267
8475181,2016,D,81,1.773
8475184,2016,L,87,2.35
8475185,2016,C,38,0.284
8475186,2016,D,63,0.733
8475188,2016,D,49,-0.064
8475191,2016,R,80,1.087
8475192,2016,L,5,-0.055
8475193,2016,L,82,1.619
8475195,2016,G,26,0.0
8475197,2016,D,74,1.511
8475199,2016,D,27,-0.089
8475200,2016,D,95,1.299
8475204,2016,C,60,0.403
8475208,2016,D,95,0.462
8475209,2016,R,86,1.627
8475210,2016,R,3,0.026
8475213,2016,C,14,-0.08
8475215,2016,G,59,0.0
8475218,2016,D,104,0.857
8475220,2016,L,80,0.261
8475222,2016,D,83,1.183
8475223,2016,R,4,-0.041
8475225,2016,C,88,0.895
8475227,2016,D,91,0.671
8475231,2016,C,59,1.198
8475233,2016,D,79,0.652
8475234,2016,G,14,0.0
8475235,2016,L,42,-0.217
8475236,2016,C,60,0.012
8475246,2016,D,24,-0.084
8475250,2016,C,19,0.154
8475254,2016,C,39,0.045
8475263,2016,C,3,0.049
8475268,2016,L,6,-0.062
8475274,2016,D,9,-0.012
8475278,2016,C,6,-0.059
8475279,2016,D,59,0.352
8475287,2016,L,76,0.849
8475291,2016,R,1,-0.011
8475296,2016,R,4,-0.029
8475310,2016,L,53,0.489
8475311,2016,G,18,0.0
8475314,2016,L,81,2.366
8475321,2016,C,7,-0.054
8475323,2016,C,74,0.32
8475324,2016,D,49,0.447
8475325,2016,C,46,-0.112
8475343,2016,C,70,0.488
8475361,2016,G,7,0.0
8475413,2016,C,9,0.036
8475430,2016,D,65,0.243
8475436,2016,L,1,-0.006
8475455,2016,D,87,-0.021
8475462,2016,D,67,0.856
8475597,2016,R,14,0.056
8475613,2016,D,42,0.255
8475622,2016,G,30,0.0
8475625,2016,D,96,0.418
8475660,2016,G,86,0.0
8475663,2016,G,20,0.0
8475683,2016,G,68,0.0
8475690,2016,D,53,0.108
8475692,2016,R,92,2.71
8475714,2016,C,102,1.169
8475715,2016,L,77,0.672
8475716,2016,D,31,0.17
8475717,2016,G,50,0.0
8475722,2016,L,84,1.921
8475726,2016,C,63,1.328
8475727,2016,C,82,1.635
8475728,2016,L,36,0.164
8475730,2016,D,61,0.185
8475735,2016,C,46,-0.017
8475738,2016,C,23,0.686
8475739,2016,L,19,0.001
8475744,2016,C,95,2.723
8475745,2016,C,87,2.175
8475747,2016,D,40,-0.057
8475750,2016,D,51,-0.088
8475752,2016,C,31,0.433
8475753,2016,D,75,1.591
8475754,2016,C,81,1.969
8475755,2016,D,49,0.342
8475758,2016,R,53,0.043
8475760,2016,C,54,0.27
8475761,2016,R,65,0.244
8475762,2016,D,82,0.308
8475763,2016,R,88,2.121
8475764,2016,D,93,2.061
8475765,2016,R,93,3.833
8475766,2016,L,99,0.262
8475768,2016,L,89,2.622
8475769,2016,C,5,-0.019
8475770,2016,R,3,-0.042
8475772,2016,C,80,-0.103
8475774,2016,D,10,-0.071
8475780,2016,R,60,0.061
8475784,2016,L,79,3.337
8475786,2016,L,88,0.954
8475788,2016,C,49,0.239
8475789,2016,G,1,0.0
8475790,2016,D,30,0.105
8475791,2016,L,72,2.509
8475792,2016,R,73,0.663
8475793,2016,C,96,2.393
8475794,2016,C,82,3.25
8475795,2016,D,6,0.052
8475796,2016,D,82,0.29
8475798,2016,C,86,2.808
8475799,2016,R,87,2.568
8475800,2016,L,13,0.004
8475807,2016,C,82,-0.153
8475808,2016,C,68,-0.125
8475810,2016,R,80,1.481
8475815,2016,D,18,-0.034
8475820,2016,R,66,0.494
8475831,2016,G,25,0.0
8475832,2016,R,68,0.367
8475834,2016,L,25,0.144
8475839,2016,G,31,0.0
8475841,2016,D,1,-0.011
8475844,2016,L,7,0.108
8475848,2016,R,70,1.209
8475852,2016,G,50,0.0
8475855,2016,R,80,0.519
8475857,2016,D,49,0.157
8475868,2016,D,29,0.19
8475869,2016,D,41,-0.072
8475876,2016,G,8,0.0
8475878,2016,C,27,-0.025
8475883,2016,G,72,0.0
8475906,2016,D,80,1.908
8475907,2016,L,80,0.723
8475913,2016,R,90,2.361
8475949,2016,L,16,-0.007
8475958,2016,C,38,0.119
8475982,2016,D,2,-0.012
8476043,2016,C,6,0.036
8476116,2016,C,27,-0.143
8476158,2016,L,35,0.132
8476162,2016,D,11,-0.016
8476166,2016,D,27,0.155
8476177,2016,R,63,0.349
8476191,2016,D,64,0.312
8476195,2016,C,11,0.126
8476200,2016,R,21,-0.027
8476219,2016,C,3,-0.023
8476234,2016,G,26,0.0
8476279,2016,D,41,0.062
8476285,2016,C,10,0.01
8476288,2016,C,96,1.088
8476289,2016,D,41,0.157
8476292,2016,L,75,1.942
8476293,2016,C,98,1.055
8476300,2016,D,50,0.554
8476302,2016,D,4,-0.01
8476303,2016,D,3,-0.011
8476310,2016,C,64,0.246
8476312,2016,D,99,0.547
8476316,2016,G,9,0.0
8476323,2016,L,7,-0.028
8476326,2016,R,14,0.027
8476331,2016,D,25,0.283
8476336,2016,R,15,0.094
8476341,2016,G,1,0.0
8476344,2016,C,52,0.066
8476346,2016,L,76,2.772
8476356,2016,L,80,1.067
8476368,2016,D,47,0.512
8476370,2016,L,10,-0.038
8476374,2016,C,12,0.043
8476381,2016,R,73,0.679
8476386,2016,L,50,0.614
8476389,2016,C,82,2.048
8476390,2016,C,59,-0.004
8476391,2016,C,3,-0.013
8476392,2016,C,82,1.354
8476393,2016,C,60,0.471
8476399,2016,L,23,-0.04
8476400,2016,R,64,-0.03
8476403,2016,D,43,0.126
8476404,2016,C,36,-0.239
8476406,2016,C,70,0.255
8476409,2016,C,61,0.407
8476410,2016,L,13,0.499
8476414,2016,R,3,-0.024
8476415,2016,C,24,-0.045
8476416,2016,D,3,-0.022
8476418,2016,D,19,-0.122
8476419,2016,C,101,1.854
8476422,2016,D,17,-0.05
8476423,2016,C,39,0.317
8476425,2016,C,13,-0.106
8476427,2016,R,9,0.036
8476428,2016,R,4,0.06
8476429,2016,D,25,0.393
8476430,2016,R,29,-0.172
8476431,2016,D,31,0.41
8476432,2016,C,87,1.457
8476433,2016,G,2,0.0
8476434,2016,G,68,0.0
8476436,2016,R,53,0.142
8476437,2016,C,82,1.36
8476438,2016,L,87,2.361
8476439,2016,R,78,0.7
8476440,2016,C,69,1.176
8476441,2016,D,80,0.492
8476442,2016,L,59,0.048
8476443,2016,D,66,0.194
8476447,2016,R,11,-0.102
8476448,2016,C,86,1.039
8476449,2016,D,25,0.041
8476450,2016,D,27,0.238
8476452,2016,D,4,-0.004
8476453,2016,R,74,4.191
8476454,2016,C,95,1.6
8476455,2016,L,72,1.067
8476456,2016,L,31,1.205
8476457,2016,D,92,0.648
8476458,2016,C,69,1.032
8476459,2016,C,68,1.843
8476460,2016,C,79,3.712
8476461,2016,C,66,1.118
8476462,2016,D,85,2.08
8476463,2016,D,73,0.797
8476464,2016,D,3,-0.029
8476465,2016,D,27,-0.015
8476466,2016,L,68,1.278
8476467,2016,D,41,0.145
8476468,2016,C,94,2.03
8476469,2016,R,57,0.624
8476470,2016,D,79,1.058
8476471,2016,C,1,-0.003
8476472,2016,D,94,1.88
8476473,2016,D,77,0.293
8476474,2016,R,44,0.285
8476476,2016,D,22,-0.039
8476477,2016,L,40,0.214
8476479,2016,C,88,1.278
8476480,2016,C,74,0.757
8476482,2016,R,7,-0.077
8476483,2016,R,86,2.843
8476495,2016,C,24,-0.022
8476511,2016,C,1,0.041
8476525,2016,D,65,0.429
8476526,2016,L,3,0.002
8476539,2016,R,75,1.831
8476545,2016,R,13,-0.048
8476619,2016,R,11,-0.085
8476624,2016,C,3,0.027
8476766,2016,L,4,0.032
8476769,2016,R,3,-0.011
8476779,2016,D,12,0.256
8476792,2016,D,81,2.301
8476798,2016,D,11,0.063
8476805,2016,L,1,-0.005
8476806,2016,R,64,-0.195
8476807,2016,D,45,0.109
8476808,2016,C,52,0.132
8476822,2016,C,74,0.384
8476826,2016,C,20,0.308
8476850,2016,D,60,0.154
8476851,2016,C,67,1.464
8476852,2016,D,1,0.049
8476853,2016,D,82,1.266
8476854,2016,D,83,0.645
8476855,2016,R,40,0.084
8476856,2016,D,81,1.265
8476857,2016,L,31,0.082
8476858,2016,L,36,0.091
8476866,2016,L,5,-0.016
8476867,2016,C,57,-0.208
8476869,2016,D,92,1.855
8476871,2016,L,80,1.817
8476872,2016,C,2,0.01
8476873,2016,L,1,-0.008
8476874,2016,D,80,0.258
8476875,2016,D,81,0.431
8476876,2016,G,1,0.0
8476877,2016,D,10,0.034
8476878,2016,C,75,0.316
8476879,2016,D,98,0.217
8476880,2016,R,95,0.168
8476881,2016,C,55,0.85
8476882,2016,C,81,1.36
8476883,2016,G,50,0.0
8476884,2016,D,11,-0.073
8476885,2016,D,60,1.469
8476886,2016,D,29,0.08
8476887,2016,L,104,3.073
8476888,2016,C,75,0.407
8476889,2016,C,80,1.41
8476891,2016,D,2,-0.014
8476892,2016,D,92,1.589
8476897,2016,C,10,-0.056
8476899,2016,G,60,0.0
8476902,2016,D,73,0.4
8476903,2016,G,1,0.0
8476904,2016,G,1,0.0
8476905,2016,C,4,-0.034
8476906,2016,D,76,1.865
8476911,2016,C,3,-0.052
8476913,2016,C,82,1.147
8476914,2016,G,14,0.0
8476915,2016,L,10,-0.014
8476917,2016,D,44,0.291
8476918,2016,L,92,1.049
8476919,2016,C,86,0.512
8476921,2016,L,77,0.876
8476922,2016,C,1,-0.014
8476923,2016,D,80,0.988
8476924,2016,R,2,-0.019
8476925,2016,C,80,0.598
8476931,2016,D,76,0.379
8476932,2016,G,7,0.0
8476934,2016,L,57,0.615
8476941,2016,D,73,0.085
8476945,2016,G,56,0.0
8476948,2016,L,3,0.065
8476955,2016,L,10,0.043
8476958,2016,D,82,1.193
8476960,2016,C,64,1.15
8476966,2016,C,17,0.141
8476967,2016,D,21,-0.01
8476975,2016,C,58,0.22
8476981,2016,R,83,1.02
8476982,2016,C,3,0.028
8476983,2016,D,22,0.301
8476986,2016,G,1,0.0
8476988,2016,D,74,0.559
8476989,2016,D,7,-0.033
8476992,2016,G,4,0.0
8476994,2016,C,50,0.4
8476999,2016,G,1,0.0
8477003,2016,R,3,-0.032
8477006,2016,C,5,0.021
8477009,2016,D,35,0.267
8477010,2016,C,27,0.151
8477015,2016,R,88,1.175
8477018,2016,D,71,0.487
8477034,2016,D,1,-0.008
8477041,2016,D,5,-0.033
8477070,2016,C,1,-0.008
8477091,2016,D,1,-0.009
8477126,2016,C,58,-0.101
8477180,2016,G,20,0.0
8477202,2016,G,6,0.0
8477205,2016,D,80,0.182
8477210,2016,R,4,-0.028
8477213,2016,L,65,0.339
8477215,2016,D,82,-0.092
8477220,2016,D,71,0.741
8477225,2016,G,14,0.0
8477237,2016,G,43,0.0
8477240,2016,C,47,0.202
8477244,2016,D,40,0.283
8477290,2016,L,52,0.075
8477293,2016,G,30,0.0
8477312,2016,G,2,0.0
8477320,2016,L,19,0.009
8477326,2016,R,18,0.024
8477346,2016,D,3,-0.029
8477353,2016,C,33,0.121
8477356,2016,G,1,0.0
8477380,2016,C,6,0.06
8477391,2016,C,1,-0.005
8477392,2016,R,10,-0.029
8477401,2016,C,13,0.118
8477402,2016,L,46,0.722
8477404,2016,C,65,2.444
8477407,2016,L,58,0.471
8477413,2016,R,46,0.762
8477415,2016,L,53,0.204
8477416,2016,R,31,0.665
8477417,2016,L,11,-0.01
8477424,2016,G,23,0.0
8477425,2016,L,60,0.515
8477426,2016,L,1,0.006
8477429,2016,C,64,0.367
8477433,2016,D,15,0.004
8477444,2016,L,77,1.586
8477445,2016,C,7,-0.021
8477446,2016,C,32,0.014
8477447,2016,D,48,0.717
8477448,2016,C,38,0.397
8477450,2016,C,10,0.028
8477451,2016,R,80,1.179
8477452,2016,D,3,0.03
8477454,2016,L,26,-0.062
8477455,2016,L,9,-0.112
8477456,2016,L,21,0.078
8477458,2016,L,2,0.059
8477460,2016,C,24,-0.009
8477461,2016,L,18,0.06
8477462,2016,D,1,0.016
8477463,2016,D,38,0.147
8477464,2016,C,54,0.299
8477465,2016,G,1,0.0
8477466,2016,R,5,0.003
8477467,2016,D,13,0.076
8477473,2016,R,32,-0.037
8477476,2016,L,79,1.167
8477478,2016,L,41,0.186
8477479,2016,L,7,-0.063
8477480,2016,G,1,0.0
8477482,2016,L,43,0.15
8477484,2016,G,3,0.0
8477488,2016,D,82,0.443
8477491,2016,R,14,0.143
8477492,2016,C,82,2.256
8477493,2016,C,61,2.442
8477494,2016,L,73,2.052
8477495,2016,D,80,1.763
8477496,2016,C,72,1.749
8477497,2016,C,86,2.527
8477498,2016,D,57,0.496
8477499,2016,D,79,1.709
8477500,2016,C,81,2.13
8477502,2016,L,1,-0.012
8477503,2016,C,59,1.261
8477504,2016,D,82,0.445
8477505,2016,C,85,1.716
8477506,2016,D,1,-0.001
8477507,2016,D,56,0.017
8477508,2016,C,38,-0.078
8477509,2016,D,4,0.103
8477511,2016,R,60,1.464
8477512,2016,C,21,0.159
8477520,2016,C,1,-0.005
8477566,2016,L,2,0.026
8477591,2016,R,54,0.14
8477715,2016,C,4,0.009
8477810,2016,D,7,-0.013
8477816,2016,L,1,-0.01
8477831,2016,G,1,0.0
8477839,2016,L,83,2.786
8477845,2016,D,62,0.518
8477846,2016,C,11,0.163
8477850,2016,D,53,0.099
8477851,2016,D,2,-0.015
8477881,2016,C,4,-0.043
8477887,2016,C,14,-0.128
8477901,2016,L,33,0.24
8477903,2016,R,26,0.116
8477916,2016,R,1,0.0
8477919,2016,C,17,0.058
8477922,2016,C,73,0.606
8477929,2016,C,71,-0.041
8477930,2016,L,82,0.052
8477931,2016,L,11,0.07
8477932,2016,D,68,0.93
8477933,2016,C,79,2.454
8477934,2016,C,95,4.158
8477935,2016,C,85,0.651
8477937,2016,R,10,-0.044
8477939,2016,R,87,2.684
8477940,2016,L,82,2.706
8477941,2016,L,92,1.023
8477942,2016,L,59,0.652
8477943,2016,L,57,0.671
8477944,2016,L,21,0.291
8477945,2016,D,16,0.199
8477946,2016,C,80,0.866
8477947,2016,L,5,-0.041
8477949,2016,R,6,-0.045
8477950,2016,D,39,0.569
8477951,2016,C,65,0.718
8477952,2016,C,51,1.034
8477953,2016,R,14,0.083
8477955,2016,L,29,0.158
8477956,2016,R,81,3.541
8477957,2016,R,3,0.021
8477958,2016,R,14,0.054
8477959,2016,R,21,0.218
8477960,2016,R,25,0.064
8477961,2016,C,12,0.122
8477964,2016,L,36,0.292
8477968,2016,G,1,0.0
8477971,2016,D,5,-0.003
8477973,2016,C,2,-0.026
8477986,2016,D,44,0.577
8477989,2016,C,78,0.766
8477997,2016,D,66,-0.063
8478004,2016,D,2,0.0
8478010,2016,C,68,1.643
8478027,2016,C,8,0.048
8478031,2016,D,10,-0.036
8478042,2016,L,102,3.315
8478046,2016,L,8,-0.092
8478055,2016,D,38,0.09
8478073,2016,D,12,-0.076
8478099,2016,R,55,0.61
8478131,2016,R,62,0.561
8478366,2016,R,50,0.617
8478371,2016,R,2,0.048
8478373,2016,R,56,0.091
8478376,2016,R,7,-0.03
8478396,2016,D,81,0.863
8478397,2016,D,1,-0.002
8478398,2016,L,20,0.065
8478400,2016,C,3,-0.042
8478401,2016,C,70,0.458
8478402,2016,C,95,5.435
8478403,2016,C,61,2.733
8478414,2016,R,39,0.217
8478417,2016,C,1,-0.01
8478420,2016,R,75,1.043
8478421,2016,L,5,0.049
8478425,2016,D,3,-0.012
8478427,2016,C,82,2.27
8478431,2016,L,2,0.056
8478432,2016,R,7,0.094
8478439,2016,R,70,0.916
8478440,2016,C,7,-0.038
8478443,2016,D,82,0.095
8478444,2016,R,9,0.222
8478445,2016,C,2,-0.049
8478458,2016,C,1,-0.007
8478460,2016,D,81,2.06
8478463,2016,R,66,0.652
8478469,2016,D,1,-0.003
8478474,2016,L,72,-0.069
8478480,2016,C,3,-0.015
8478483,2016,R,83,2.991
8478491,2016,D,4,-0.045
8478493,2016,C,18,0.192
8478495,2016,R,1,-0.02
8478500,2016,D,82,1.149
8478506,2016,D,7,0.037
8478512,2016,C,49,0.25
8478528,2016,C,51,0.506
8478541,2016,L,10,0.017
8478542,2016,C,30,0.034
8478550,2016,L,86,3.318
8478561,2016,L,66,-0.199
8478562,2016,D,3,-0.022
8478566,2016,C,43,-0.174
8478569,2016,C,33,0.069
8478585,2016,C,67,0.711
8478843,2016,C,47,0.313
8478851,2016,D,2,-0.01
8478866,2016,C,2,0.032
8478906,2016,D,68,0.188
8478963,2016,D,7,-0.041
8479115,2016,G,1,0.0
8479249,2016,C,2,-0.022
8479250,2016,R,43,0.028
8479252,2016,D,1,-0.008
8479268,2016,D,11,-0.077
8479290,2016,C,1,-0.007
8479291,2016,C,4,-0.043
8479292,2016,G,2,0.0
8479293,2016,L,51,-0.236
8479314,2016,L,80,2.019
8479318,2016,C,88,3.777
8479325,2016,D,6,0.078
8479339,2016,L,73,2.777
8479343,2016,R,3,0.061
8479344,2016,R,28,0.219
8479345,2016,D,68,0.621
8479370,2016,C,6,0.009
8479410,2016,D,4,-0.028
8479423,2016,L,4,0.008
8479442,2016,D,71,0.791
8479458,2016,D,86,1.244
8479465,2016,L,73,0.538
8479482,2016,D,51,0.171
8479483,2016,D,25,0.083
8479496,2016,G,1,0.0
8479648,2016,L,47,-0.057
8479969,2016,C,5,-0.046
8480081,2016,D,5,-0.033
8480083,2016,L,2,0.03
8480087,2016,R,2,-0.014
8448208,2017,R,22,0.146
8464989,2017,C,84,0.582
8465009,2017,D,85,0.798
8466138,2017,C,47,0.991
8466139,2017,C,89,1.988
8466141,2017,G,35,0.0
8466251,2017,L,76,-0.142
8467370,2017,C,28,-0.069
8467400,2017,D,71,0.41
8467407,2017,R,21,0.152
8467875,2017,L,81,2.23
8467876,2017,C,82,1.003
8467950,2017,G,58,0.0
8467967,2017,C,12,0.015
8468001,2017,C,75,0.317
8468011,2017,G,29,0.0
8468083,2017,C,82,1.156
8468085,2017,R,42,0.32
8468208,2017,R,52,0.179
8468309,2017,D,2,-0.013
8468483,2017,R,46,0.571
8468486,2017,L,66,0.561
8468493,2017,D,87,0.426
8468498,2017,D,105,0.026
8468508,2017,R,82,1.695
8468509,2017,D,79,0.775
8468535,2017,C,66,0.393
8468542,2017,D,21,-0.026
8468575,2017,C,52,0.295
8468611,2017,C,65,0.149
8468674,2017,D,99,0.577
8468685,2017,G,63,0.0
8469455,2017,C,78,0.384
8469459,2017,C,87,1.465
8469465,2017,D,80,0.567
8469466,2017,R,7,-0.101
8469500,2017,L,66,0.998
8469501,2017,R,50,-0.008
8469506,2017,R,82,0.627
8469514,2017,G,8,0.0
8469521,2017,C,84,0.873
8469544,2017,L,70,0.379
8469598,2017,D,60,-0.053
8469608,2017,G,55,0.0
8469619,2017,D,28,0.09
8469638,2017,L,60,0.325
8469639,2017,C,12,-0.042
8469665,2017,D,52,0.042
8470041,2017,L,83,1.622
8470047,2017,C,87,0.428
8470093,2017,G,2,0.0
8470105,2017,R,63,0.321
8470110,2017,D,77,0.279
8470140,2017,G,37,0.0
8470144,2017,C,79,1.251
8470147,2017,G,19,0.0
8470151,2017,D,35,0.121
8470162,2017,C,68,0.199
8470187,2017,D,58,0.515
8470257,2017,L,76,1.429
8470281,2017,D,82,0.988
8470318,2017,D,81,0.0
8470320,2017,G,43,0.0
8470324,2017,D,34,-0.068
8470358,2017,R,71,-0.041
8470543,2017,L,99,0.351
8470594,2017,G,66,0.0
8470595,2017,C,87,3.288
8470598,2017,L,86,2.375
8470600,2017,D,78,1.795
8470601,2017,D,89,0.295
8470602,2017,D,83,0.731
8470604,2017,C,31,1.019
8470606,2017,R,85,2.156
8470607,2017,D,81,0.919
8470609,2017,R,4,-0.028
8470610,2017,L,45,1.325
8470611,2017,C,28,0.189
8470612,2017,C,60,2.107
8470613,2017,D,92,3.124
8470616,2017,C,48,0.259
8470619,2017,C,74,0.478
8470621,2017,R,75,2.151
8470622,2017,R,2,0.012
8470626,2017,L,50,0.801
8470638,2017,C,75,3.552
8470642,2017,D,26,0.649
8470645,2017,G,28,0.0
8470655,2017,R,69,1.079
8470657,2017,G,60,0.0
8470724,2017,D,18,0.031
8470740,2017,R,37,0.065
8470755,2017,R,76,0.251
8470760,2017,D,36,-0.139
8470775,2017,C,73,0.061
8470794,2017,C,92,3.107
8470803,2017,C,81,1.208
8470828,2017,D,54,-0.148
8470834,2017,D,86,2.555
8470852,2017,L,14,-0.145
8470854,2017,L,16,-0.168
8470860,2017,G,54,0.0
8470880,2017,G,47,0.0
8470966,2017,D,82,1.439
8471214,2017,L,106,5.186
8471215,2017,C,87,4.891
8471217,2017,L,73,0.644
8471218,2017,R,98,4.511
8471219,2017,G,13,0.0
8471226,2017,R,61,0.407
8471227,2017,G,65,0.0
8471228,2017,R,82,2.835
8471233,2017,C,68,0.824
8471239,2017,G,44,0.0
8471242,2017,D,66,1.246
8471260,2017,L,85,0.704
8471262,2017,C,83,1.228
8471266,2017,L,28,0.088
8471273,2017,C,68,0.137
8471274,2017,D,78,1.214
8471276,2017,C,76,1.686
8471284,2017,D,36,0.195
8471296,2017,D,86,-0.058
8471301,2017,G,15,0.0
8471303,2017,D,70,1.424
8471306,2017,G,27,0.0
8471338,2017,C,64,-0.023
8471339,2017,R,82,0.252
8471346,2017,R,24,0.125
8471392,2017,D,61,0.353
8471418,2017,G,32,0.0
8471426,2017,R,76,0.237
8471433,2017,G,1,0.0
8471436,2017,D,42,0.282
8471469,2017,G,72,0.0
8471476,2017,L,86,0.136
8471490,2017,R,5,-0.019
8471498,2017,R,46,0.214
8471657,2017,L,48,-0.144
8471663,2017,R,1,0.003
8471669,2017,C,99,2.167
8471675,2017,C,94,4.247
8471676,2017,R,62,0.883
8471677,2017,D,77,0.211
8471678,2017,L,74,0.035
8471679,2017,G,49,0.0
8471685,2017,C,86,3.727
8471686,2017,D,72,-0.009
8471691,2017,C,38,0.276
8471695,2017,G,66,0.0
8471698,2017,R,98,1.954
8471699,2017,C,84,0.987
8471702,2017,D,92,1.344
8471707,2017,L,91,2.135
8471709,2017,D,91,1.182
8471710,2017,D,25,0.094
8471715,2017,G,19,0.0
8471716,2017,L,75,0.8
8471717,2017,D,50,0.06
8471724,2017,D,91,2.679
8471729,2017,D,78,0.763
8471734,2017,G,68,0.0
8471735,2017,D,82,2.232
8471742,2017,D,23,0.251
8471743,2017,C,81,0.45
8471750,2017,G,53,0.0
8471761,2017,D,6,-0.047
8471766,2017,R,10,0.003
8471768,2017,L,81,0.223
8471769,2017,D,48,0.114
8471774,2017,G,29,0.0
8471794,2017,C,75,0.6
8471804,2017,C,2,-0.02
8471811,2017,C,1,-0.009
8471817,2017,R,89,-0.165
8471873,2017,D,97,0.562
8471887,2017,R,80,3.268
8471958,2017,D,94,0.641
8471976,2017,C,71,0.518
8472382,2017,D,86,0.123
8473412,2017,C,99,1.286
8473415,2017,D,44,0.307
8473419,2017,L,80,4.572
8473422,2017,L,78,0.564
8473432,2017,R,20,0.206
8473434,2017,G,36,0.0
8473440,2017,D,1,0.005
8473446,2017,D,62,0.959
8473449,2017,R,76,1.575
8473453,2017,C,72,0.458
8473461,2017,G,14,0.0
8473463,2017,R,76,0.222
8473465,2017,L,76,0.752
8473468,2017,D,21,-0.047
8473473,2017,L,82,0.611
8473485,2017,R,54,0.603
8473492,2017,L,15,-0.174
8473499,2017,G,5,0.0
8473503,2017,G,44,0.0
8473504,2017,R,76,0.028
8473507,2017,D,82,1.681
8473512,2017,R,88,3.804
8473533,2017,C,79,1.547
8473534,2017,C,57,0.588
8473541,2017,G,41,0.0
8473544,2017,C,84,1.511
8473546,2017,L,82,1.522
8473548,2017,R,94,4.134
8473560,2017,D,16,-0.068
8473563,2017,C,101,3.097
8473564,2017,R,70,0.378
8473573,2017,C,72,1.135
8473574,2017,L,27,-0.055
8473575,2017,G,51,0.0
8473579,2017,L,13,0.009
8473584,2017,D,72,0.741
8473604,2017,C,74,1.876
8473607,2017,G,25,0.0
8473618,2017,C,79,1.444
8473673,2017,D,37,0.013
8473914,2017,C,86,0.783
8473933,2017,D,62,0.276
8473986,2017,L,99,1.523
8473991,2017,D,82,-0.088
8473992,2017,D,46,-0.153
8473994,2017,L,82,3.317
8474000,2017,D,22,-0.061
8474008,2017,C,60,0.104
8474009,2017,C,84,0.843
8474013,2017,D,73,0.678
8474018,2017,L,24,0.226
8474024,2017,C,10,-0.03
8474027,2017,D,91,1.047
8474031,2017,D,46,1.039
8474034,2017,L,79,1.328
8474037,2017,L,88,3.135
8474038,2017,L,82,1.301
8474040,2017,C,74,0.61
8474053,2017,C,88,3.038
8474056,2017,D,95,2.83
8474061,2017,R,2,-0.021
8474062,2017,C,85,1.367
8474066,2017,D,69,0.951
8474068,2017,C,89,1.843
8474074,2017,D,14,-0.016
8474089,2017,C,7,-0.041
8474090,2017,D,44,0.238
8474091,2017,C,61,1.101
8474098,2017,C,76,0.553
8474102,2017,L,85,2.399
8474125,2017,D,63,0.102
8474131,2017,R,18,0.003
8474134,2017,D,51,0.07
8474141,2017,R,82,2.984
8474145,2017,D,72,0.349
8474149,2017,L,74,2.716
8474150,2017,C,82,1.683
8474151,2017,D,80,1.192
8474152,2017,G,43,0.0
8474157,2017,L,64,1.363
8474161,2017,R,88,3.392
8474162,2017,D,76,1.599
8474166,2017,D,81,0.703
8474176,2017,L,90,0.789
8474189,2017,C,105,1.893
8474190,2017,R,81,2.033
8474207,2017,D,75,0.44
8474218,2017,D,69,0.414
8474230,2017,L,75,-0.119
8474250,2017,C,68,0.091
8474291,2017,C,102,0.855
8474520,2017,D,8,-0.023
8474550,2017,G,24,0.0
8474563,2017,D,85,2.677
8474564,2017,C,95,3.944
8474565,2017,D,78,2.436
8474567,2017,D,18,-0.106
8474568,2017,D,64,0.042
8474569,2017,C,62,0.362
8474571,2017,L,84,1.443
8474573,2017,R,76,2.674
8474574,2017,D,98,1.489
8474578,2017,D,71,2.7
8474579,2017,D,42,0.634
8474581,2017,D,89,2.132
8474584,2017,D,82,0.711
8474586,2017,R,81,2.6
8474589,2017,R,74,0.487
8474590,2017,D,106,4.011
8474593,2017,G,60,0.0
8474596,2017,G,59,0.0
8474600,2017,D,88,2.506
8474602,2017,D,75,1.349
8474604,2017,D,8,-0.012
8474610,2017,C,12,-0.083
8474612,2017,D,74,-0.01
8474613,2017,C,82,1.535
8474618,2017,D,82,0.345
8474625,2017,R,33,0.152
8474627,2017,C,68,-0.217
8474628,2017,D,82,-0.043
8474636,2017,G,3,0.0
8474641,2017,C,85,1.777
8474642,2017,L,53,0.004
8474651,2017,G,77,0.0
8474660,2017,D,20,0.16
8474667,2017,G,9,0.0
8474668,2017,R,48,-0.09
8474673,2017,D,73,0.982
8474679,2017,R,82,1.455
8474683,2017,C,70,0.728
8474685,2017,L,75,0.812
8474688,2017,D,73,0.139
8474697,2017,D,52,0.336
8474709,2017,L,50,0.177
8474715,2017,R,71,2.443
8474716,2017,D,66,1.516
8474717,2017,D,52,0.369
8474722,2017,D,31,0.106
8474736,2017,C,53,-0.299
8474739,2017,C,79,0.268
8474743,2017,D,3,-0.011
8474749,2017,D,18,0.057
8474774,2017,D,4,-0.028
8474818,2017,D,77,0.226
8474849,2017,L,73,0.036
8474870,2017,C,98,1.986
8474873,2017,D,1,-0.002
8474884,2017,C,82,1.921
8474889,2017,G,70,0.0
8475098,2017,C,88,1.552
8475147,2017,C,21,-0.026
8475149,2017,L,32,0.198
8475151,2017,C,67,1.908
8475157,2017,C,2,0.063
8475158,2017,C,81,2.037
8475160,2017,L,54,0.01
8475163,2017,R,77,0.428
8475164,2017,R,81,1.255
8475166,2017,C,82,3.5
8475167,2017,D,94,3.248
8475168,2017,C,82,2.155
8475169,2017,L,87,2.384
8475170,2017,C,82,2.576
8475171,2017,D,82,1.738
8475172,2017,C,84,2.279
8475175,2017,L,79,-0.159
8475176,2017,D,57,1.714
8475177,2017,D,33,0.407
8475178,2017,R,74,0.105
8475179,2017,D,63,0.207
8475180,2017,C,23,-0.055
8475181,2017,D,80,1.593
8475184,2017,L,58,1.462
8475185,2017,C,39,-0.023
8475186,2017,D,86,0.346
8475188,2017,D,96,0.345
8475191,2017,R,87,3.468
8475193,2017,L,90,0.742
8475195,2017,G,27,0.0
8475197,2017,D,74,2.578
8475200,2017,D,106,1.195
8475204,2017,C,2,0.142
8475208,2017,D,92,0.807
8475209,2017,R,72,1.023
8475215,2017,G,53,0.0
8475218,2017,D,94,1.347
8475220,2017,L,82,0.283
8475222,2017,D,76,1.21
8475224,2017,C,12,0.033
8475225,2017,C,92,2.323
8475227,2017,D,16,0.381
8475231,2017,C,64,0.641
8475233,2017,D,87,0.319
8475234,2017,G,13,0.0
8475235,2017,L,58,0.077
8475236,2017,C,100,0.366
8475246,2017,D,73,0.732
8475254,2017,C,30,-0.117
8475263,2017,C,1,-0.009
8475268,2017,L,64,-0.099
8475278,2017,C,48,0.173
8475279,2017,D,73,0.482
8475287,2017,L,96,2.062
8475310,2017,L,7,0.076
8475311,2017,G,29,0.0
8475314,2017,L,82,2.932
8475323,2017,C,48,-0.146
8475324,2017,D,81,0.389
8475325,2017,C,69,-0.317
8475328,2017,C,2,-0.025
8475343,2017,C,56,-0.263
8475423,2017,R,27,0.043
8475430,2017,D,71,0.572
8475436,2017,L,7,-0.005
8475455,2017,D,91,0.76
8475462,2017,D,76,0.495
8475613,2017,D,62,0.217
8475622,2017,G,32,0.0
8475625,2017,D,62,0.189
8475660,2017,G,67,0.0
8475663,2017,G,8,0.0
8475683,2017,G,71,0.0
8475690,2017,D,42,0.224
8475692,2017,R,80,1.865
8475714,2017,C,75,1.054
8475715,2017,L,66,-0.092
8475716,2017,D,2,-0.017
8475717,2017,G,1,0.0
8475718,2017,D,2,0.101
8475722,2017,L,87,2.789
8475726,2017,C,86,1.91
8475727,2017,C,59,1.392
8475728,2017,L,80,-0.132
8475729,2017,D,15,-0.056
8475730,2017,D,75,0.385
8475735,2017,C,26,0.091
8475736,2017,L,44,0.108
8475738,2017,C,70,0.524
8475739,2017,L,5,-0.062
8475744,2017,C,103,4.699
8475745,2017,C,71,1.181
8475747,2017,D,74,0.327
8475750,2017,D,42,-0.186
8475752,2017,C,80,0.532
8475753,2017,D,76,1.27
8475754,2017,C,82,0.999
8475755,2017,D,67,0.311
8475758,2017,R,99,-0.023
8475760,2017,C,82,1.962
8475761,2017,R,6,-0.06
8475762,2017,D,78,0.284
8475763,2017,R,76,1.9
8475764,2017,D,67,1.185
8475765,2017,R,80,2.796
8475766,2017,L,89,0.37
8475768,2017,L,62,2.438
8475772,2017,C,93,1.315
8475780,2017,R,79,0.105
8475784,2017,L,82,2.067
8475786,2017,L,89,1.485
8475788,2017,C,24,0.075
8475789,2017,G,5,0.0
8475790,2017,D,52,-0.093
8475791,2017,L,81,4.592
8475792,2017,R,94,0.842
8475793,2017,C,92,1.683
8475794,2017,C,82,4.1
8475796,2017,D,82,0.373
8475798,2017,C,82,2.643
8475799,2017,R,68,1.2
8475807,2017,C,75,-0.348
8475808,2017,C,9,-0.085
8475809,2017,G,20,0.0
8475810,2017,R,81,1.156
8475820,2017,R,75,1.454
8475831,2017,G,37,0.0
8475832,2017,R,81,-0.388
8475834,2017,L,42,0.289
8475839,2017,G,20,0.0
8475841,2017,D,29,0.513
8475844,2017,L,5,0.065
8475848,2017,R,82,2.6
8475852,2017,G,40,0.0
8475855,2017,R,71,0.862
8475857,2017,D,17,0.067
8475868,2017,D,32,-0.054
8475869,2017,D,51,0.147
8475878,2017,C,16,-0.128
8475883,2017,G,73,0.0
8475902,2017,D,3,-0.025
8475906,2017,D,82,2.973
8475907,2017,L,77,1.575
8475913,2017,R,58,2.559
8475949,2017,L,3,-0.022
8475982,2017,D,2,0.041
8476020,2017,C,2,-0.038
8476166,2017,D,7,0.001
8476177,2017,R,25,-0.114
8476191,2017,D,80,0.609
8476195,2017,C,38,0.353
8476207,2017,C,61,0.688
8476234,2017,G,43,0.0
8476283,2017,C,2,-0.031
8476285,2017,C,10,0.249
8476288,2017,C,79,1.188
8476292,2017,L,73,1.663
8476293,2017,C,69,-0.037
8476302,2017,D,5,-0.023
8476303,2017,D,30,-0.014
8476310,2017,C,53,0.133
8476312,2017,D,84,1.48
8476316,2017,G,14,0.0
8476322,2017,C,8,-0.065
8476323,2017,L,30,0.067
8476326,2017,R,42,-0.038
8476329,2017,C,9,-0.067
8476330,2017,G,1,0.0
8476331,2017,D,73,0.824
8476336,2017,R,40,-0.249
8476341,2017,G,35,0.0
8476344,2017,C,5,-0.054
8476346,2017,L,80,3.58
8476356,2017,L,82,0.218
8476368,2017,D,64,0.013
8476370,2017,L,2,-0.023
8476372,2017,D,27,0.173
8476374,2017,C,87,0.211
8476381,2017,R,51,0.266
8476386,2017,L,14,-0.042
8476389,2017,C,82,3.122
8476392,2017,C,62,0.769
8476393,2017,C,71,0.421
8476396,2017,C,1,-0.018
8476397,2017,D,2,0.003
8476399,2017,L,84,0.782
8476400,2017,R,72,0.082
8476401,2017,C,1,-0.009
8476403,2017,D,33,0.015
8476404,2017,C,45,0.057
8476406,2017,C,64,0.381
8476407,2017,D,10,0.044
8476409,2017,C,21,-0.096
8476410,2017,L,16,0.071
8476415,2017,C,4,0.017
8476419,2017,C,78,0.947
8476422,2017,D,57,0.579
8476423,2017,C,20,0.146
8476427,2017,R,14,0.357
8476428,2017,R,6,0.126
8476429,2017,D,47,0.251
8476430,2017,R,29,0.26
8476431,2017,D,5,0.07
8476432,2017,C,81,0.906
8476434,2017,G,64,0.0
8476436,2017,R,76,0.122
8476437,2017,C,71,0.498
8476438,2017,L,82,1.34
8476439,2017,R,71,0.169
8476440,2017,C,53,0.14
8476441,2017,D,69,0.472
8476442,2017,L,80,0.507
8476443,2017,D,45,0.16
8476444,2017,G,8,0.0
8476447,2017,R,66,-0.247
8476448,2017,C,102,3.697
8476449,2017,D,32,0.091
8476450,2017,D,16,0.14
8476453,2017,R,97,5.034
8476454,2017,C,62,2.239
8476455,2017,L,84,2.444
8476456,2017,L,82,2.951
8476457,2017,D,63,0.31
8476458,2017,C,82,0.839
8476459,2017,C,72,1.972
8476460,2017,C,77,3.272
8476461,2017,C,87,3.926
8476462,2017,D,82,1.888
8476463,2017,D,78,0.458
8476464,2017,D,21,0.053
8476465,2017,D,22,0.072
8476466,2017,L,53,0.895
8476467,2017,D,80,0.533
8476468,2017,C,99,1.893
8476469,2017,R,92,1.021
8476470,2017,D,59,0.094
8476472,2017,D,66,0.787
8476473,2017,D,76,0.333
8476474,2017,R,76,0.64
8476476,2017,D,62,0.452
8476479,2017,C,52,0.837
8476480,2017,C,81,1.728
8476483,2017,R,81,2.909
8476495,2017,C,21,-0.086
8476509,2017,G,16,0.0
8476525,2017,D,102,1.936
8476539,2017,R,97,4.196
8476617,2017,R,10,0.075
8476619,2017,R,23,0.033
8476624,2017,C,49,0.292
8476779,2017,D,45,0.699
8476792,2017,D,87,3.373
8476806,2017,R,51,-0.095
8476807,2017,D,15,-0.128
8476822,2017,C,69,0.791
8476826,2017,C,99,2.463
8476850,2017,D,50,0.322
8476851,2017,C,82,1.863
8476853,2017,D,83,2.423
8476854,2017,D,73,1.269
8476855,2017,R,58,0.327
8476856,2017,D,87,2.066
8476857,2017,L,53,0.261
8476858,2017,L,49,0.234
8476861,2017,G,4,0.0
8476866,2017,L,2,-0.007
8476867,2017,C,37,-0.153
8476869,2017,D,82,0.914
8476870,2017,C,8,-0.019
8476871,2017,L,86,1.195
8476872,2017,C,87,0.417
8476873,2017,L,72,0.763
8476874,2017,D,94,1.148
8476875,2017,D,81,0.998
8476876,2017,G,22,0.0
8476877,2017,D,13,-0.033
8476878,2017,C,71,-0.076
8476879,2017,D,82,0.322
8476880,2017,R,99,1.275
8476881,2017,C,89,2.287
8476882,2017,C,82,2.343
8476883,2017,G,82,0.0
8476884,2017,D,71,0.719
8476885,2017,D,72,1.073
8476886,2017,D,35,0.296
8476887,2017,L,80,3.484
8476889,2017,C,79,1.131
8476890,2017,D,1,0.047
8476891,2017,D,72,0.391
8476892,2017,D,82,1.376
8476894,2017,L,58,0.529
8476897,2017,C,42,-0.093
8476899,2017,G,61,0.0
8476902,2017,D,80,0.83
8476903,2017,G,11,0.0
8476905,2017,C,91,0.14
8476906,2017,D,84,3.049
8476913,2017,C,82,0.65
8476914,2017,G,18,0.0
8476915,2017,L,69,0.291
8476917,2017,D,78,0.487
8476918,2017,L,79,0.902
8476919,2017,C,92,1.179
8476921,2017,L,81,-0.186
8476922,2017,C,28,0.172
8476923,2017,D,80,0.7
8476924,2017,R,68,0.744
8476925,2017,C,94,0.649
8476931,2017,D,53,0.2
8476934,2017,L,80,1.028
8476941,2017,D,47,0.371
8476945,2017,G,84,0.0
8476948,2017,L,72,0.897
8476952,2017,C,37,-0.145
8476953,2017,D,1,-0.006
8476955,2017,L,39,-0.077
8476958,2017,D,82,1.132
8476960,2017,C,71,1.092
8476966,2017,C,46,0.173
8476967,2017,D,71,0.096
8476971,2017,C,25,0.056
8476975,2017,C,73,0.0
8476979,2017,D,35,0.658
8476981,2017,R,69,0.928
8476982,2017,C,21,-0.006
8476983,2017,D,14,0.19
8476986,2017,G,1,0.0
8476988,2017,D,73,0.822
8476994,2017,C,50,0.782
8476999,2017,G,5,0.0
8477006,2017,C,1,-0.02
8477009,2017,D,48,0.262
8477010,2017,C,3,-0.045
8477015,2017,R,89,0.727
8477018,2017,D,61,-0.07
8477021,2017,C,85,1.328
8477034,2017,D,14,-0.039
8477043,2017,D,85,0.413
8477046,2017,D,65,0.217
8477070,2017,C,3,-0.04
8477073,2017,L,34,-0.212
8477085,2017,D,5,0.074
8477126,2017,C,1,-0.006
8477180,2017,G,31,0.0
8477202,2017,G,4,0.0
8477205,2017,D,44,0.125
8477213,2017,L,93,0.513
8477215,2017,D,65,0.1
8477220,2017,D,96,1.521
8477225,2017,G,7,0.0
8477237,2017,G,31,0.0
8477240,2017,C,47,0.003
8477244,2017,D,56,-0.041
8477290,2017,L,82,0.163
8477293,2017,G,47,0.0
8477320,2017,L,1,-0.018
8477337,2017,D,28,0.108
8477341,2017,L,15,0.173
8477346,2017,D,60,0.102
8477353,2017,C,46,0.082
8477355,2017,D,86,1.848
8477359,2017,D,26,-0.026
8477369,2017,D,7,-0.025
8477380,2017,C,35,0.041
8477392,2017,R,5,-0.084
8477399,2017,L,9,-0.07
8477401,2017,C,47,0.227
8477402,2017,L,74,1.366
8477404,2017,C,94,2.504
8477406,2017,C,81,0.695
8477407,2017,L,56,0.759
8477413,2017,R,56,0.659
8477415,2017,L,50,0.199
8477416,2017,R,88,1.263
8477417,2017,L,6,0.02
8477424,2017,G,30,0.0
8477425,2017,L,81,1.0
8477426,2017,L,11,-0.052
8477428,2017,R,2,-0.007
8477429,2017,C,98,0.635
8477433,2017,D,41,-0.23
8477444,2017,L,69,0.831
8477446,2017,C,18,-0.156
8477447,2017,D,81,1.682
8477448,2017,C,23,-0.024
8477449,2017,L,1,-0.01
8477450,2017,C,27,-0.149
8477451,2017,R,87,0.948
8477452,2017,D,38,-0.044
8477453,2017,D,15,-0.005
8477454,2017,L,23,-0.01
8477455,2017,L,55,-0.009
8477456,2017,L,75,0.673
8477458,2017,L,10,0.355
8477460,2017,C,2,-0.022
8477461,2017,L,72,0.117
8477462,2017,D,72,0.008
8477463,2017,D,36,0.312
8477464,2017,C,15,-0.002
8477465,2017,G,26,0.0
8477467,2017,D,41,0.203
8477471,2017,D,6,0.02
8477472,2017,D,11,0.103
8477473,2017,R,12,0.118
8477474,2017,D,51,0.408
8477476,2017,L,66,0.464
8477478,2017,L,47,-0.19
8477479,2017,L,48,0.882
8477480,2017,G,3,0.0
8477488,2017,D,65,0.525
8477491,2017,R,33,0.021
8477492,2017,C,80,4.431
8477493,2017,C,79,3.597
8477494,2017,L,77,1.052
8477495,2017,D,84,2.693
8477496,2017,C,81,1.398
8477497,2017,C,74,2.69
8477498,2017,D,82,0.777
8477499,2017,D,73,1.552
8477500,2017,C,64,1.371
8477502,2017,L,2,-0.039
8477503,2017,C,82,1.16
8477504,2017,D,97,0.778
8477505,2017,C,69,0.767
8477506,2017,D,68,1.418
8477507,2017,D,83,0.697
8477508,2017,C,65,0.104
8477509,2017,D,31,-0.001
8477510,2017,L,4,0.064
8477511,2017,R,80,1.572
8477512,2017,C,9,0.007
8477520,2017,C,5,0.031
8477527,2017,L,24,0.089
8477529,2017,C,3,-0.039
8477541,2017,D,9,-0.047
8477573,2017,L,10,-0.005
8477583,2017,C,1,-0.008
8477591,2017,R,40,0.049
8477634,2017,D,8,0.113
8477642,2017,D,2,-0.019
8477810,2017,D,5,-0.035
8477839,2017,L,91,0.799
8477845,2017,D,79,0.379
8477846,2017,C,69,0.496
8477850,2017,D,69,0.363
8477851,2017,D,55,0.442
8477901,2017,L,38,0.51
8477903,2017,R,59,0.07
8477919,2017,C,20,0.011
8477922,2017,C,81,0.175
8477929,2017,C,27,-0.05
8477930,2017,L,92,0.377
8477931,2017,L,84,0.495
8477932,2017,D,82,1.425
8477933,2017,C,82,2.043
8477934,2017,C,78,2.95
8477935,2017,C,82,0.323
8477936,2017,L,4,-0.075
8477937,2017,R,75,0.219
8477938,2017,D,67,0.011
8477939,2017,R,89,2.39
8477940,2017,L,97,2.45
8477941,2017,L,80,0.61
8477942,2017,L,92,2.189
8477943,2017,L,74,0.571
8477944,2017,L,96,1.142
8477945,2017,D,42,0.005
8477946,2017,C,82,2.076
8477947,2017,L,58,0.607
8477948,2017,D,53,0.239
8477949,2017,R,98,1.56
8477950,2017,D,32,0.31
8477951,2017,C,78,1.612
8477953,2017,R,45,0.149
8477955,2017,L,68,0.883
8477956,2017,R,94,4.511
8477957,2017,R,26,0.014
8477958,2017,R,38,0.321
8477959,2017,R,22,0.291
8477960,2017,R,85,0.827
8477961,2017,C,2,-0.02
8477962,2017,L,9,-0.007
8477964,2017,L,53,0.059
8477967,2017,G,1,0.0
8477969,2017,D,26,0.068
8477971,2017,D,1,-0.007
8477973,2017,C,3,-0.042
8477981,2017,D,10,0.096
8477986,2017,D,84,1.27
8477987,2017,C,15,0.421
8477989,2017,C,78,1.347
8477990,2017,G,1,0.0
8477994,2017,C,5,-0.068
8477998,2017,L,2,0.149
8478004,2017,D,18,-0.063
8478010,2017,C,99,3.976
8478011,2017,D,1,0.096
8478020,2017,R,38,0.065
8478027,2017,C,11,-0.012
8478042,2017,L,91,3.089
8478046,2017,L,86,1.571
8478055,2017,D,41,0.548
8478063,2017,L,5,0.025
8478067,2017,L,27,-0.056
8478073,2017,D,48,-0.07
8478075,2017,L,30,0.238
8478099,2017,R,87,1.447
8478104,2017,L,11,0.051
8478106,2017,R,5,0.084
8478131,2017,R,70,1.478
8478146,2017,C,13,0.016
8478176,2017,D,5,0.122
8478211,2017,L,11,-0.097
8478233,2017,L,10,-0.094
8478268,2017,R,4,-0.051
8478365,2017,L,4,-0.021
8478366,2017,R,41,0.188
8478373,2017,R,15,-0.026
8478396,2017,D,79,1.349
8478397,2017,D,10,-0.05
8478398,2017,L,93,2.828
8478400,2017,C,21,0.021
8478401,2017,C,74,0.517
8478402,2017,C,82,5.532
8478403,2017,C,67,2.607
8478407,2017,D,75,0.786
8478408,2017,D,44,0.523
8478413,2017,L,11,-0.018
8478414,2017,R,91,1.5
8478420,2017,R,87,3.326
8478421,2017,L,17,0.027
8478425,2017,D,18,0.135
8478427,2017,C,78,2.461
8478431,2017,L,14,0.109
8478432,2017,R,79,1.085
8478439,2017,R,87,1.743
8478440,2017,C,21,0.257
8478443,2017,D,76,-0.21
8478444,2017,R,62,2.181
8478445,2017,C,82,3.69
8478447,2017,R,1,-0.02
8478451,2017,D,18,0.054
8478454,2017,D,23,0.018
8478458,2017,C,41,0.421
8478460,2017,D,83,1.796
8478462,2017,C,1,-0.014
8478463,2017,R,71,1.213
8478466,2017,R,8,0.144
8478469,2017,D,63,0.974
8478474,2017,L,11,-0.038
8478476,2017,D,1,-0.008
8478483,2017,R,89,3.279
8478488,2017,C,20,-0.003
8478493,2017,C,80,-0.08
8478498,2017,L,82,2.063
8478499,2017,G,4,0.0
8478500,2017,D,88,1.779
8478506,2017,D,14,0.046
8478512,2017,C,10,0.102
8478519,2017,C,35,0.445
8478528,2017,C,8,0.096
8478541,2017,L,33,0.09
8478542,2017,C,48,0.674
8478550,2017,L,87,3.708
8478561,2017,L,9,-0.093
8478567,2017,D,11,0.177
8478569,2017,C,72,-0.102
8478585,2017,C,80,0.954
8478842,2017,D,10,0.108
8478843,2017,C,51,0.51
8478846,2017,D,10,0.114
8478866,2017,C,41,0.345
8478868,2017,D,2,-0.003
8478873,2017,R,2,-0.019
8478874,2017,R,5,-0.06
8478906,2017,D,67,0.856
8478915,2017,D,1,0.056
8478965,2017,G,3,0.0
8479066,2017,L,7,0.032
8479138,2017,G,1,0.0
8479193,2017,G,14,0.0
8479206,2017,C,34,-0.125
8479250,2017,R,6,0.003
8479268,2017,D,37,0.161
8479290,2017,C,10,0.024
8479291,2017,C,1,0.006
8479292,2017,G,14,0.0
8479293,2017,L,78,0.394
8479304,2017,C,9,-0.063
8479312,2017,G,11,0.0
8479314,2017,L,68,2.422
8479316,2017,C,19,-0.023
8479318,2017,C,69,3.078
8479325,2017,D,75,1.445
8479337,2017,R,82,1.931
8479339,2017,L,99,3.251
8479343,2017,R,82,2.546
8479344,2017,R,65,0.486
8479345,2017,D,50,0.426
8479366,2017,C,4,0.025
8479370,2017,C,71,0.342
8479376,2017,D,49,0.031
8479398,2017,D,76,0.735
8479400,2017,C,88,1.589
8479404,2017,C,4,-0.005
8479407,2017,L,75,0.766
8479410,2017,D,96,1.888
8479420,2017,C,41,-0.036
8479423,2017,L,3,0.007
8479442,2017,D,68,0.071
8479458,2017,D,67,0.224
8479465,2017,L,67,0.382
8479482,2017,D,77,0.416
8479483,2017,D,33,0.37
8479496,2017,G,21,0.0
8479511,2017,C,4,-0.021
8479553,2017,C,26,-0.072
8479580,2017,C,3,-0.052
8479595,2017,D,4,0.029
8479613,2017,R,1,-0.012
8479650,2017,C,3,0.015
8479755,2017,D,47,0.172
8479944,2017,L,25,0.199
8479968,2017,C,19,0.094
8479974,2017,C,79,0.961
8479977,2017,R,9,0.105
8479999,2017,C,6,0.182
8480002,2017,C,87,1.967
8480009,2017,R,3,-0.023
8480015,2017,R,7,-0.01
8480029,2017,L,1,-0.006
8480039,2017,C,1,-0.004
8480072,2017,C,7,0.002
8480078,2017,C,9,0.097
8480082,2017,C,1,-0.017
8480113,2017,L,78,0.409
8480143,2017,D,38,0.314
8480144,2017,C,46,0.148
8480145,2017,D,28,0.578
8480147,2017,D,31,0.401
8480153,2017,C,6,-0.03
8480157,2017,D,4,0.038
8480158,2017,D,48,0.309
8480163,2017,D,1,-0.012
8480164,2017,L,5,-0.019
8480172,2017,D,57,0.653
8480222,2017,D,22,0.039
8480263,2017,G,1,0.0
8480330,2017,R,4,0.146
8480382,2017,G,10,0.0
8480420,2017,G,2,0.0
8480727,2017,D,1,-0.01
8480761,2017,D,1,-0.014
8480762,2017,L,1,-0.013
8480771,2017,D,1,0.049
8464989,2018,C,75,0.766
8465009,2018,D,85,0.298
8466138,2018,C,92,1.762
8466139,2018,C,89,0.927
8466141,2018,G,43,0.0
8467950,2018,G,50,0.0
8468001,2018,C,1,-0.002
8468011,2018,G,20,0.0
8468493,2018,D,88,0.483
8468498,2018,D,60,0.227
8468508,2018,R,97,2.092
8468509,2018,D,79,0.68
8468611,2018,C,26,-0.141
8468674,2018,D,81,-0.003
8468685,2018,G,52,0.0
8469454,2018,L,64,1.291
8469455,2018,C,87,0.517
8469459,2018,C,48,0.793
8469465,2018,D,63,-0.152
8469501,2018,R,1,-0.002
8469506,2018,R,73,1.156
8469514,2018,G,3,0.0
8469521,2018,C,3,0.067
8469608,2018,G,47,0.0
8470047,2018,C,80,1.123
8470093,2018,G,11,0.0
8470110,2018,D,44,0.149
8470144,2018,C,72,0.813
8470147,2018,G,38,0.0
8470151,2018,D,104,0.163
8470187,2018,D,78,0.553
8470257,2018,L,91,0.502
8470281,2018,D,82,1.364
8470318,2018,D,52,-0.141
8470320,2018,G,33,0.0
8470543,2018,L,56,0.047
8470594,2018,G,68,0.0
8470595,2018,C,81,1.62
8470598,2018,L,64,1.191
8470600,2018,D,82,1.508
8470601,2018,D,76,0.81
8470602,2018,D,67,-0.117
8470604,2018,C,76,0.574
8470606,2018,R,72,1.563
8470607,2018,D,78,1.199
8470610,2018,L,74,2.949
8470611,2018,C,72,0.576
8470612,2018,C,67,1.339
8470613,2018,D,102,4.547
8470616,2018,C,60,-0.14
8470619,2018,C,76,0.572
8470621,2018,R,31,0.151
8470622,2018,R,7,-0.111
8470626,2018,L,81,0.629
8470638,2018,C,89,4.144
8470642,2018,D,58,1.214
8470645,2018,G,39,0.0
8470655,2018,R,85,0.213
8470657,2018,G,55,0.0
8470740,2018,R,2,-0.017
8470755,2018,R,66,1.031
8470760,2018,D,9,-0.081
8470775,2018,C,78,-0.008
8470794,2018,C,88,3.077
8470803,2018,C,70,0.082
8470834,2018,D,48,1.615
8470860,2018,G,40,0.0
8470880,2018,G,26,0.0
8470966,2018,D,83,3.444
8471214,2018,L,88,4.154
8471215,2018,C,72,2.996
8471217,2018,L,26,0.232
8471218,2018,R,88,3.487
8471226,2018,R,57,0.151
8471227,2018,G,67,0.0
8471228,2018,R,83,3.328
8471233,2018,C,80,1.171
8471239,2018,G,26,0.0
8471242,2018,D,43,1.009
8471260,2018,L,90,-0.5
8471262,2018,C,94,2.259
8471273,2018,C,71,0.336
8471274,2018,D,76,0.739
8471276,2018,C,105,3.06
8471284,2018,D,24,0.046
8471303,2018,D,56,1.251
8471306,2018,G,44,0.0
8471339,2018,R,54,0.484
8471392,2018,D,90,-0.191
8471418,2018,G,42,0.0
8471426,2018,R,75,0.153
8471436,2018,D,14,0.012
8471469,2018,G,62,0.0
8471490,2018,R,2,-0.027
8471657,2018,L,38,-0.254
8471669,2018,C,57,1.873
8471675,2018,C,83,3.767
8471676,2018,R,78,1.221
8471677,2018,D,85,0.103
8471679,2018,G,66,0.0
8471685,2018,C,81,2.036
8471686,2018,D,79,0.03
8471691,2018,C,7,0.095
8471695,2018,G,70,0.0
8471698,2018,R,73,1.908
8471699,2018,C,91,0.041
8471702,2018,D,87,0.832
8471707,2018,L,67,0.304
8471709,2018,D,90,1.004
8471716,2018,L,71,-0.006
8471717,2018,D,50,0.03
8471724,2018,D,69,2.664
8471729,2018,D,72,0.321
8471734,2018,G,46,0.0
8471735,2018,D,82,2.458
8471743,2018,C,69,-0.197
8471750,2018,G,59,0.0
8471761,2018,D,13,0.043
8471768,2018,L,37,-0.269
8471769,2018,D,82,-0.232
8471774,2018,G,21,0.0
8471794,2018,C,61,0.114
8471817,2018,R,87,0.235
8471873,2018,D,47,0.485
8471887,2018,R,73,1.633
8471958,2018,D,66,0.447
8472382,2018,D,82,0.639
8472410,2018,C,5,-0.046
8473412,2018,C,88,0.982
8473415,2018,D,41,0.579
8473419,2018,L,103,5.26
8473422,2018,L,83,0.672
8473434,2018,G,19,0.0
8473446,2018,D,92,0.823
8473449,2018,R,78,0.519
8473453,2018,C,44,0.114
8473463,2018,R,90,0.0
8473465,2018,L,19,0.145
8473468,2018,D,10,-0.048
8473473,2018,L,79,-0.297
8473492,2018,L,4,0.01
8473503,2018,G,36,0.0
8473504,2018,R,80,0.275
8473507,2018,D,82,1.815
8473512,2018,R,82,2.703
8473533,2018,C,65,1.509
8473534,2018,C,23,-0.145
8473541,2018,G,35,0.0
8473544,2018,C,79,0.018
8473546,2018,L,41,0.581
8473548,2018,R,86,3.376
8473560,2018,D,22,0.091
8473563,2018,C,87,2.923
8473564,2018,R,70,1.073
8473573,2018,C,78,1.005
8473575,2018,G,49,0.0
8473584,2018,D,47,0.193
8473588,2018,R,6,-0.014
8473604,2018,C,82,3.24
8473607,2018,G,7,0.0
8473614,2018,G,1,0.0
8473618,2018,C,87,0.546
8473673,2018,D,18,-0.021
8473914,2018,C,2,-0.033
8473933,2018,D,84,-0.033
8473986,2018,L,86,1.045
8473991,2018,D,9,0.002
8473992,2018,D,10,-0.039
8473994,2018,L,91,2.225
8474000,2018,D,38,0.16
8474008,2018,C,7,-0.093
8474009,2018,C,87,1.052
8474013,2018,D,83,0.43
8474025,2018,L,6,-0.012
8474027,2018,D,98,0.033
8474031,2018,D,73,1.485
8474034,2018,L,100,0.694
8474037,2018,L,66,2.125
8474038,2018,L,56,1.231
8474040,2018,C,32,0.341
8474053,2018,C,101,3.605
8474056,2018,D,69,1.215
8474061,2018,R,4,-0.034
8474062,2018,C,85,-0.005
8474066,2018,D,44,-0.137
8474068,2018,C,61,0.306
8474089,2018,C,16,-0.148
8474090,2018,D,63,0.412
8474091,2018,C,26,0.129
8474098,2018,C,59,0.35
8474102,2018,L,83,2.065
8474125,2018,D,44,0.27
8474131,2018,R,52,-0.048
8474134,2018,D,62,0.098
8474141,2018,R,81,4.92
8474145,2018,D,76,0.313
8474149,2018,L,82,2.988
8474150,2018,C,82,1.922
8474151,2018,D,86,1.785
8474152,2018,G,8,0.0
8474157,2018,L,73,1.925
8474161,2018,R,78,2.52
8474162,2018,D,87,1.338
8474166,2018,D,60,0.473
8474176,2018,L,65,0.175
8474189,2018,C,88,1.272
8474190,2018,R,81,0.912
8474207,2018,D,62,0.35
8474218,2018,D,35,0.12
8474230,2018,L,54,-0.22
8474250,2018,C,70,0.54
8474291,2018,C,57,0.205
8474520,2018,D,17,-0.061
8474550,2018,G,17,0.0
8474563,2018,D,82,1.438
8474564,2018,C,86,4.561
8474565,2018,D,97,2.657
8474567,2018,D,65,0.386
8474568,2018,D,26,0.014
8474569,2018,C,77,1.223
8474571,2018,L,71,0.916
8474573,2018,R,90,2.239
8474574,2018,D,86,0.951
8474578,2018,D,72,2.702
8474579,2018,D,9,-0.019
8474581,2018,D,69,1.02
8474584,2018,D,42,0.289
8474586,2018,R,86,1.725
8474589,2018,R,56,0.834
8474590,2018,D,87,3.307
8474593,2018,G,60,0.0
8474596,2018,G,47,0.0
8474597,2018,D,5,-0.017
8474600,2018,D,88,2.8
8474602,2018,D,33,0.708
8474610,2018,C,1,0.043
8474611,2018,D,2,-0.007
8474612,2018,D,74,0.65
8474613,2018,C,72,0.713
8474618,2018,D,63,0.205
8474627,2018,C,27,-0.058
8474628,2018,D,14,0.149
8474636,2018,G,9,0.0
8474641,2018,C,82,1.109
8474651,2018,G,66,0.0
8474659,2018,D,2,0.045
8474668,2018,R,51,0.073
8474673,2018,D,84,1.216
8474679,2018,R,101,2.689
8474683,2018,C,56,0.319
8474685,2018,L,90,0.616
8474688,2018,D,80,-0.236
8474697,2018,D,53,-0.031
8474709,2018,L,75,-0.264
8474715,2018,R,90,3.621
8474716,2018,D,82,1.613
8474717,2018,D,12,0.02
8474722,2018,D,34,-0.046
8474736,2018,C,23,-0.063
8474749,2018,D,2,0.039
8474774,2018,D,20,-0.029
8474818,2018,D,81,0.671
8474849,2018,L,65,0.771
8474870,2018,C,84,1.649
8474873,2018,D,4,0.041
8474884,2018,C,82,2.696
8474889,2018,G,82,0.0
8475098,2018,C,98,1.735
8475149,2018,L,80,1.247
8475151,2018,C,74,1.983
8475156,2018,G,55,0.0
8475158,2018,C,108,4.067
8475160,2018,L,72,0.528
8475163,2018,R,73,1.327
8475164,2018,R,73,1.394
8475166,2018,C,89,4.493
8475167,2018,D,72,2.672
8475168,2018,C,83,2.66
8475169,2018,L,95,2.198
8475170,2018,C,98,2.248
8475171,2018,D,81,1.634
8475172,2018,C,75,1.715
8475175,2018,L,80,0.029
8475176,2018,D,88,1.728
8475177,2018,D,86,0.324
8475178,2018,R,79,0.259
8475179,2018,D,63,-0.107
8475181,2018,D,90,0.693
8475184,2018,L,79,1.935
8475186,2018,D,71,0.196
8475188,2018,D,88,0.276
8475191,2018,R,81,2.429
8475193,2018,L,80,2.235
8475195,2018,G,36,0.0
8475197,2018,D,90,2.869
8475200,2018,D,89,0.981
8475204,2018,C,32,0.747
8475206,2018,D,3,0.039
8475208,2018,D,80,0.713
8475209,2018,R,75,0.816
8475215,2018,G,54,0.0
8475218,2018,D,86,1.522
8475220,2018,L,82,0.027
8475222,2018,D,50,0.601
8475225,2018,C,82,1.302
8475227,2018,D,25,0.195
8475231,2018,C,81,1.415
8475233,2018,D,92,0.835
8475235,2018,L,48,-0.279
8475236,2018,C,85,1.341
8475246,2018,D,50,0.113
8475253,2018,L,54,0.175
8475260,2018,C,23,-0.011
8475263,2018,C,11,0.011
8475268,2018,L,67,-0.192
8475277,2018,G,3,0.0
8475279,2018,D,84,0.472
8475287,2018,L,15,0.169
8475311,2018,G,55,0.0
8475314,2018,L,90,2.27
8475321,2018,C,47,0.007
8475323,2018,C,74,0.168
8475324,2018,D,87,0.538
8475325,2018,C,14,-0.04
8475343,2018,C,71,0.777
8475413,2018,C,24,-0.147
8475423,2018,R,12,0.024
8475430,2018,D,39,-0.01
8475455,2018,D,102,0.525
8475461,2018,L,11,0.04
8475462,2018,D,77,0.6
8475613,2018,D,15,-0.059
8475622,2018,G,50,0.0
8475625,2018,D,44,0.151
8475660,2018,G,35,0.0
8475683,2018,G,72,0.0
8475690,2018,D,55,0.227
8475692,2018,R,61,1.822
8475714,2018,C,85,0.307
8475715,2018,L,55,0.377
8475716,2018,D,24,0.136
8475717,2018,G,17,0.0
8475718,2018,D,11,-0.01
8475722,2018,L,81,1.474
8475726,2018,C,82,1.101
8475727,2018,C,52,-0.058
8475728,2018,L,73,0.328
8475729,2018,D,2,-0.008
8475735,2018,C,55,0.082
8475736,2018,L,14,0.113
8475738,2018,C,63,0.294
8475744,2018,C,83,3.246
8475745,2018,C,105,1.421
8475747,2018,D,81,0.081
8475750,2018,D,64,0.425
8475752,2018,C,53,0.026
8475753,2018,D,97,1.657
8475754,2018,C,90,1.902
8475755,2018,D,35,-0.113
8475758,2018,R,57,-0.1
8475760,2018,C,68,0.538
8475762,2018,D,81,0.0
8475763,2018,R,77,2.439
8475764,2018,D,59,0.691
8475765,2018,R,102,3.715
8475766,2018,L,43,0.352
8475768,2018,L,95,1.735
8475772,2018,C,82,0.397
8475780,2018,R,88,0.134
8475784,2018,L,82,2.747
8475786,2018,L,78,1.805
8475789,2018,G,31,0.0
8475790,2018,D,80,0.031
8475791,2018,L,33,1.594
8475792,2018,R,88,1.583
8475793,2018,C,86,2.205
8475794,2018,C,95,4.21
8475795,2018,D,7,-0.02
8475796,2018,D,70,0.062
8475798,2018,C,85,1.589
8475799,2018,R,97,2.012
8475807,2018,C,93,-0.035
8475808,2018,C,32,-0.055
8475810,2018,R,76,1.111
8475820,2018,R,92,1.196
8475831,2018,G,49,0.0
8475832,2018,R,44,0.04
8475834,2018,L,98,0.962
8475839,2018,G,26,0.0
8475841,2018,D,40,0.457
8475842,2018,C,6,-0.043
8475844,2018,L,63,0.357
8475848,2018,R,82,2.457
8475852,2018,G,51,0.0
8475855,2018,R,66,0.135
8475857,2018,D,36,-0.01
8475868,2018,D,36,-0.041
8475869,2018,D,10,0.0
8475883,2018,G,67,0.0
8475902,2018,D,13,0.004
8475906,2018,D,77,2.175
8475907,2018,L,78,1.509
8475913,2018,R,84,3.484
8475982,2018,D,4,-0.024
8476043,2018,C,21,-0.024
8476166,2018,D,61,0.316
8476177,2018,R,12,-0.104
8476191,2018,D,39,0.121
8476195,2018,C,1,-0.022
8476207,2018,C,64,0.306
8476234,2018,G,41,0.0
8476278,2018,C,6,-0.073
8476285,2018,C,39,0.111
8476288,2018,C,87,1.856
8476292,2018,L,68,1.031
8476293,2018,C,15,-0.01
8476310,2018,C,47,0.032
8476312,2018,D,74,0.133
8476316,2018,G,21,0.0
8476323,2018,L,14,-0.042
8476326,2018,R,68,0.378
8476329,2018,C,54,0.518
8476331,2018,D,77,0.62
8476343,2018,G,20,0.0
8476346,2018,L,87,4.209
8476356,2018,L,67,-0.257
8476368,2018,D,37,0.067
8476370,2018,L,19,-0.279
8476372,2018,D,71,0.065
8476374,2018,C,91,0.731
8476381,2018,R,63,1.795
8476389,2018,C,55,0.982
8476392,2018,C,84,0.714
8476393,2018,C,81,0.578
8476396,2018,C,10,-0.081
8476399,2018,L,78,1.429
8476407,2018,D,26,0.092
8476409,2018,C,13,0.128
8476410,2018,L,76,0.624
8476412,2018,G,58,0.0
8476415,2018,C,6,0.007
8476419,2018,C,39,0.194
8476422,2018,D,57,0.178
8476423,2018,C,1,-0.01
8476427,2018,R,50,0.318
8476428,2018,R,58,0.473
8476429,2018,D,87,0.56
8476431,2018,D,11,0.016
8476432,2018,C,87,1.341
8476434,2018,G,58,0.0
8476436,2018,R,37,0.026
8476437,2018,C,49,-0.161
8476438,2018,L,80,1.742
8476439,2018,R,54,-0.355
8476440,2018,C,77,0.588
8476441,2018,D,86,0.369
8476442,2018,L,76,0.656
8476443,2018,D,19,0.076
8476444,2018,G,2,0.0
8476447,2018,R,39,0.15
8476448,2018,C,89,2.129
8476449,2018,D,83,0.747
8476453,2018,R,85,5.683
8476454,2018,C,82,3.155
8476455,2018,L,85,3.314
8476456,2018,L,82,4.333
8476457,2018,D,82,0.329
8476458,2018,C,81,0.808
8476459,2018,C,82,3.19
8476460,2018,C,88,3.229
8476461,2018,C,80,3.131
8476462,2018,D,97,2.056
8476463,2018,D,82,0.19
8476465,2018,D,3,0.035
8476466,2018,L,26,0.432
8476467,2018,D,61,0.334
8476468,2018,C,79,1.348
8476469,2018,R,57,0.774
8476470,2018,D,48,0.313
8476472,2018,D,61,1.04
8476473,2018,D,52,0.406
8476474,2018,R,41,-0.036
8476476,2018,D,41,0.065
8476477,2018,L,8,-0.02
8476479,2018,C,81,2.168
8476480,2018,C,78,0.7
8476483,2018,R,69,1.524
8476509,2018,G,1,0.0
8476525,2018,D,71,1.221
8476539,2018,R,89,2.387
8476545,2018,R,22,-0.117
8476617,2018,R,17,0.073
8476624,2018,C,102,0.049
8476779,2018,D,42,0.458
8476792,2018,D,88,3.086
8476799,2018,D,4,0.036
8476806,2018,R,56,-0.06
8476807,2018,D,4,-0.023
8476822,2018,C,78,0.446
8476826,2018,C,84,1.562
8476850,2018,D,56,1.006
8476851,2018,C,72,1.425
8476853,2018,D,89,3.386
8476854,2018,D,76,0.741
8476856,2018,D,32,0.923
8476857,2018,L,59,0.616
8476858,2018,L,24,-0.053
8476867,2018,C,3,0.135
8476869,2018,D,78,0.801
8476871,2018,L,80,0.6
8476872,2018,C,82,0.903
8476873,2018,L,84,1.039
8476874,2018,D,61,0.455
8476875,2018,D,75,0.856
8476876,2018,G,21,0.0
8476877,2018,D,20,0.0
8476878,2018,C,72,-0.005
8476879,2018,D,74,0.717
8476880,2018,R,70,1.499
8476881,2018,C,96,4.196
8476882,2018,C,97,3.122
8476883,2018,G,57,0.0
8476884,2018,D,62,0.174
8476885,2018,D,88,1.973
8476886,2018,D,31,0.19
8476887,2018,L,70,2.374
8476889,2018,C,94,0.94
8476891,2018,D,86,0.656
8476892,2018,D,106,1.37
8476894,2018,L,62,0.422
8476897,2018,C,99,1.232
8476899,2018,G,54,0.0
8476902,2018,D,95,1.148
8476905,2018,C,70,-0.279
8476906,2018,D,78,1.608
8476907,2018,L,29,0.103
8476913,2018,C,76,0.461
8476914,2018,G,27,0.0
8476915,2018,L,60,0.221
8476917,2018,D,86,0.674
8476918,2018,L,81,1.123
8476919,2018,C,81,1.249
8476921,2018,L,92,0.762
8476922,2018,C,43,0.136
8476923,2018,D,82,1.525
8476924,2018,R,30,0.012
8476925,2018,C,81,0.814
8476927,2018,C,29,0.272
8476931,2018,D,59,0.313
8476932,2018,G,18,0.0
8476934,2018,L,97,0.665
8476941,2018,D,34,0.405
8476945,2018,G,69,0.0
8476948,2018,L,32,-0.058
8476952,2018,C,2,0.053
8476953,2018,D,1,0.001
8476958,2018,D,97,1.492
8476960,2018,C,76,2.139
8476966,2018,C,17,0.028
8476967,2018,D,57,0.577
8476971,2018,C,3,-0.024
8476975,2018,C,84,0.314
8476979,2018,D,79,2.595
8476981,2018,R,92,1.408
8476982,2018,C,1,0.005
8476983,2018,D,33,0.132
8476988,2018,D,70,0.567
8476994,2018,C,72,1.39
8476999,2018,G,37,0.0
8477009,2018,D,20,-0.072
8477010,2018,C,9,-0.074
8477015,2018,R,89,0.387
8477018,2018,D,69,0.451
8477021,2018,C,90,1.199
8477034,2018,D,28,0.067
8477043,2018,D,48,0.251
8477046,2018,D,64,0.133
8477073,2018,L,11,-0.034
8477085,2018,D,17,-0.024
8477180,2018,G,27,0.0
8477205,2018,D,5,-0.04
8477213,2018,L,47,-0.045
8477215,2018,D,52,0.624
8477220,2018,D,68,1.355
8477237,2018,G,2,0.0
8477240,2018,C,62,0.361
8477244,2018,D,18,0.056
8477290,2018,L,67,0.105
8477293,2018,G,12,0.0
8477320,2018,L,1,-0.02
8477337,2018,D,5,-0.033
8477341,2018,L,80,1.795
8477343,2018,D,2,0.098
8477346,2018,D,64,0.462
8477353,2018,C,74,0.036
8477355,2018,D,78,0.956
8477357,2018,R,43,0.083
8477361,2018,G,11,0.0
8477365,2018,D,37,0.214
8477366,2018,C,15,-0.08
8477380,2018,C,13,0.008
8477384,2018,D,37,-0.046
8477399,2018,L,2,-0.019
8477401,2018,C,54,-0.329
8477402,2018,L,64,1.268
8477404,2018,C,86,3.125
8477405,2018,G,4,0.0
8477406,2018,C,88,0.292
8477407,2018,L,74,1.083
8477413,2018,R,69,0.244
8477416,2018,R,87,1.503
8477417,2018,L,20,0.12
8477424,2018,G,32,0.0
8477425,2018,L,63,0.576
8477426,2018,L,20,-0.023
8477429,2018,C,75,1.053
8477433,2018,D,51,-0.137
8477435,2018,D,26,0.17
8477444,2018,L,83,0.548
8477447,2018,D,86,2.043
8477448,2018,C,8,-0.087
8477450,2018,C,80,0.688
8477451,2018,R,83,0.438
8477452,2018,D,19,0.013
8477454,2018,L,68,0.267
8477455,2018,L,60,-0.195
8477456,2018,L,78,1.359
8477458,2018,L,28,0.084
8477460,2018,C,1,0.003
8477461,2018,L,16,-0.15
8477462,2018,D,82,0.624
8477463,2018,D,39,-0.035
8477464,2018,C,18,0.064
8477465,2018,G,2,0.0
8477471,2018,D,6,0.054
8477472,2018,D,38,0.032
8477473,2018,R,11,-0.022
8477474,2018,D,50,0.215
8477476,2018,L,82,0.753
8477478,2018,L,61,-0.058
8477479,2018,L,73,1.597
8477480,2018,G,1,0.0
8477482,2018,L,68,0.426
8477488,2018,D,88,1.136
8477492,2018,C,94,4.98
8477493,2018,C,82,4.082
8477494,2018,L,81,1.733
8477495,2018,D,85,2.314
8477496,2018,C,86,3.02
8477497,2018,C,83,3.834
8477498,2018,D,82,1.49
8477499,2018,D,78,1.599
8477500,2018,C,82,1.958
8477501,2018,R,58,-0.1
8477502,2018,L,5,-0.048
8477503,2018,C,82,2.542
8477504,2018,D,65,1.196
8477505,2018,C,79,0.142
8477506,2018,D,90,1.425
8477507,2018,D,82,0.151
8477508,2018,C,1,-0.006
8477509,2018,D,53,0.147
8477510,2018,L,2,-0.028
8477511,2018,R,67,1.758
8477512,2018,C,77,0.093
8477520,2018,C,23,0.094
8477527,2018,L,17,0.102
8477529,2018,C,53,-0.077
8477541,2018,D,1,-0.008
8477573,2018,L,3,0.015
8477680,2018,R,21,0.072
8477810,2018,D,17,-0.057
8477831,2018,G,27,0.0
8477839,2018,L,78,0.958
8477845,2018,D,87,0.312
8477846,2018,C,68,0.284
8477850,2018,D,45,0.131
8477851,2018,D,71,0.582
8477865,2018,D,5,-0.049
8477887,2018,C,8,-0.089
8477901,2018,L,6,0.013
8477903,2018,R,81,0.181
8477919,2018,C,55,-0.235
8477922,2018,C,99,-0.234
8477930,2018,L,82,0.431
8477931,2018,L,75,0.264
8477932,2018,D,82,1.488
8477933,2018,C,82,2.481
8477934,2018,C,82,4.229
8477935,2018,C,76,0.887
8477936,2018,L,29,0.096
8477937,2018,R,70,0.43
8477938,2018,D,29,-0.062
8477939,2018,R,61,0.726
8477940,2018,L,68,1.265
8477941,2018,L,60,0.847
8477942,2018,L,83,1.111
8477943,2018,L,68,0.509
8477944,2018,L,89,1.566
8477945,2018,D,29,0.09
8477946,2018,C,76,2.996
8477947,2018,L,8,-0.014
8477948,2018,D,82,1.291
8477949,2018,R,81,2.012
8477950,2018,D,61,1.291
8477951,2018,C,40,0.625
8477952,2018,C,42,-0.073
8477953,2018,R,85,1.282
8477955,2018,L,81,0.994
8477956,2018,R,90,4.324
8477957,2018,R,8,-0.007
8477958,2018,R,63,0.599
8477959,2018,R,10,-0.022
8477960,2018,R,81,0.432
8477961,2018,C,19,-0.189
8477962,2018,L,63,0.414
8477963,2018,R,42,0.204
8477964,2018,L,105,0.651
8477967,2018,G,9,0.0
8477968,2018,G,1,0.0
8477969,2018,D,88,0.865
8477971,2018,D,3,-0.01
8477972,2018,D,1,-0.009
8477973,2018,C,23,0.079
8477979,2018,R,9,-0.069
8477986,2018,D,82,1.16
8477987,2018,C,56,0.934
8477989,2018,C,20,0.037
8477994,2018,C,4,-0.063
8477996,2018,C,40,-0.034
8477998,2018,L,92,0.318
8478010,2018,C,83,4.205
8478011,2018,D,2,-0.014
8478017,2018,D,1,-0.004
8478020,2018,R,43,0.242
8478027,2018,C,96,0.641
8478029,2018,L,1,-0.01
8478031,2018,D,1,-0.009
8478036,2018,C,60,-0.174
8478038,2018,D,56,0.872
8478042,2018,L,64,1.934
8478046,2018,L,101,1.001
8478047,2018,L,5,0.011
8478055,2018,D,43,0.186
8478056,2018,C,22,-0.037
8478067,2018,L,81,1.131
8478073,2018,D,2,-0.012
8478075,2018,L,20,-0.113
8478078,2018,C,13,-0.019
8478099,2018,R,102,2.072
8478104,2018,L,47,-0.076
8478106,2018,R,33,0.087
8478109,2018,L,6,0.133
8478131,2018,R,30,0.892
8478136,2018,D,3,0.04
8478176,2018,D,11,-0.084
8478211,2018,L,31,0.21
8478233,2018,L,49,0.329
8478268,2018,R,6,-0.058
8478365,2018,L,9,0.026
8478366,2018,R,81,1.387
8478373,2018,R,5,-0.059
8478396,2018,D,85,1.176
8478397,2018,D,84,0.739
8478398,2018,L,88,3.218
8478399,2018,D,30,0.058
8478400,2018,C,71,1.302
8478401,2018,C,61,0.607
8478402,2018,C,78,5.447
8478403,2018,C,77,3.441
8478406,2018,G,23,0.0
8478407,2018,D,98,1.853
8478408,2018,D,71,0.657
8478409,2018,C,1,-0.01
8478413,2018,L,81,0.36
8478414,2018,R,98,3.528
8478415,2018,D,2,-0.009
8478416,2018,D,62,0.627
8478417,2018,C,28,0.131
8478420,2018,R,86,4.044
8478421,2018,L,15,-0.005
8478425,2018,D,8,0.025
8478427,2018,C,97,4.031
8478430,2018,D,38,0.187
8478432,2018,R,71,0.182
8478439,2018,R,82,1.596
8478440,2018,C,78,1.877
8478442,2018,C,6,-0.046
8478443,2018,D,96,0.056
8478444,2018,R,69,2.088
8478445,2018,C,90,2.627
8478449,2018,C,71,0.875
8478452,2018,D,17,0.212
8478454,2018,D,21,0.172
8478455,2018,L,62,0.665
8478458,2018,C,83,0.5
8478460,2018,D,92,1.835
8478462,2018,C,6,-0.048
8478463,2018,R,89,0.915
8478465,2018,D,8,-0.035
8478466,2018,R,63,0.596
8478468,2018,D,16,-0.083
8478469,2018,D,70,2.377
8478470,2018,G,11,0.0
8478472,2018,R,74,0.71
8478474,2018,L,81,0.373
8478476,2018,D,2,-0.012
8478483,2018,R,89,4.182
8478485,2018,R,2,0.058
8478488,2018,C,5,-0.009
8478491,2018,D,49,-0.109
8478493,2018,C,58,0.294
8478495,2018,R,21,-0.008
8478498,2018,L,92,2.141
8478499,2018,G,13,0.0
8478500,2018,D,82,0.778
8478502,2018,D,1,-0.01
8478506,2018,D,1,-0.007
8478512,2018,C,55,0.433
8478519,2018,C,86,1.789
8478541,2018,L,45,0.002
8478542,2018,C,74,0.45
8478550,2018,L,89,3.882
8478561,2018,L,24,0.02
8478567,2018,D,35,0.094
8478569,2018,C,91,0.171
8478585,2018,C,86,1.404
8478831,2018,C,4,-0.068
8478839,2018,C,1,-0.011
8478840,2018,D,4,-0.029
8478841,2018,D,3,-0.024
8478843,2018,C,50,0.173
8478844,2018,C,15,-0.033
8478846,2018,D,30,0.416
8478856,2018,R,47,0.601
8478866,2018,C,75,0.668
8478868,2018,D,61,0.275
8478870,2018,L,36,0.439
8478873,2018,R,32,0.257
8478874,2018,R,56,0.035
8478881,2018,L,51,0.225
8478882,2018,D,2,-0.013
8478891,2018,C,36,0.217
8478906,2018,D,82,0.609
8478911,2018,D,25,0.156
8478915,2018,D,30,0.009
8478916,2018,G,1,0.0
8478949,2018,R,2,-0.024
8479016,2018,G,2,0.0
8479026,2018,D,21,-0.053
8479066,2018,L,4,-0.044
8479193,2018,G,36,0.0
8479206,2018,C,8,-0.043
8479250,2018,R,11,-0.196
8479268,2018,D,38,0.052
8479290,2018,C,8,-0.028
8479291,2018,C,41,0.185
8479292,2018,G,1,0.0
8479293,2018,L,85,0.627
8479294,2018,G,5,0.0
8479312,2018,G,2,0.0
8479314,2018,L,85,3.625
8479315,2018,R,34,0.057
8479316,2018,C,49,0.101
8479318,2018,C,75,3.928
8479320,2018,D,56,0.405
8479324,2018,D,5,-0.009
8479325,2018,D,77,1.383
8479330,2018,C,1,-0.014
8479333,2018,D,5,0.023
8479336,2018,R,15,0.148
8479337,2018,R,82,3.187
8479339,2018,L,88,1.939
8479343,2018,R,82,1.394
8479344,2018,R,46,-0.148
8479345,2018,D,53,0.84
8479346,2018,C,25,0.054
8479351,2018,C,22,0.242
8479353,2018,C,66,0.427
8479364,2018,L,4,-0.05
8479365,2018,C,15,-0.133
8479366,2018,C,2,-0.029
8479368,2018,L,30,0.067
8479370,2018,C,82,0.764
8479371,2018,D,10,0.054
8479372,2018,D,17,0.173
8479376,2018,D,71,0.215
8479385,2018,R,16,-0.01
8479388,2018,D,1,-0.012
8479394,2018,G,31,0.0
8479395,2018,D,52,0.525
8479398,2018,D,91,0.868
8479400,2018,C,92,2.093
8479402,2018,D,2,-0.013
8479404,2018,C,50,0.287
8479407,2018,L,51,1.096
8479410,2018,D,79,1.273
8479411,2018,L,1,-0.019
8479414,2018,R,7,0.12
8479415,2018,C,21,-0.111
8479416,2018,D,4,0.038
8479420,2018,C,65,-0.133
8479423,2018,L,12,0.113
8479425,2018,D,46,0.897
8479439,2018,D,2,0.046
8479442,2018,D,78,0.637
8479447,2018,R,1,-0.005
8479458,2018,D,88,0.019
8479465,2018,L,55,0.59
8479466,2018,R,6,-0.062
8479482,2018,D,71,0.829
8479496,2018,G,45,0.0
8479511,2018,C,7,-0.055
8479514,2018,C,1,-0.013
8479553,2018,C,7,-0.046
8479580,2018,C,10,-0.038
8479644,2018,R,33,0.295
8479657,2018,L,24,0.151
8479675,2018,L,32,0.201
8479772,2018,R,4,0.011
8479944,2018,L,47,0.39
8479945,2018,D,19,0.157
8479968,2018,C,27,-0.097
8479970,2018,C,15,0.002
8479974,2018,C,72,0.841
8479976,2018,D,26,0.049
8479977,2018,R,17,-0.092
8479992,2018,C,62,0.369
8479994,2018,C,5,0.013
8479999,2018,C,77,0.538
8480001,2018,D,2,-0.011
8480002,2018,C,69,1.94
8480005,2018,L,5,0.021
8480009,2018,R,4,0.041
8480012,2018,C,71,2.49
8480022,2018,G,1,0.0
8480023,2018,C,91,1.037
8480029,2018,L,9,-0.018
8480031,2018,L,10,0.178
8480035,2018,D,38,0.3
8480036,2018,D,95,1.37
8480039,2018,C,7,0.029
8480068,2018,C,1,0.219
8480069,2018,D,10,0.283
8480072,2018,C,42,-0.15
8480073,2018,D,2,-0.015
8480074,2018,L,10,0.135
8480078,2018,C,75,0.397
8480082,2018,C,1,0.004
8480083,2018,L,11,0.007
8480112,2018,G,1,0.0
8480113,2018,L,82,0.463
8480143,2018,D,1,0.009
8480144,2018,C,63,0.309
8480145,2018,D,73,0.849
8480147,2018,D,64,-0.161
8480157,2018,D,4,0.015
8480160,2018,D,41,0.287
8480161,2018,D,6,-0.027
8480172,2018,D,41,0.229
8480208,2018,R,20,0.225
8480314,2018,R,12,0.083
8480326,2018,C,40,0.09
8480336,2018,D,39,0.296
8480341,2018,C,6,0.079
8480363,2018,G,1,0.0
8480382,2018,G,33,0.0
8480420,2018,G,16,0.0
8480748,2018,L,50,0.096
8480762,2018,L,13,-0.137
8480769,2018,R,18,-0.087
8480771,2018,D,4,0.036
8480776,2018,R,7,-0.051
8480780,2018,C,42,0.161
8480800,2018,D,5,0.115
8480801,2018,L,71,1.972
8480803,2018,D,7,0.028
8480806,2018,C,15,-0.076
8480821,2018,R,9,0.016
8480829,2018,C,79,0.654
8480830,2018,R,91,1.539
8480839,2018,D,82,1.771
8480901,2018,C,19,0.161
8480925,2018,G,2,0.0
8480935,2018,D,33,0.069
8480943,2018,D,53,0.089
8480944,2018,C,67,0.165
8480945,2018,D,37,0.028
8480946,2018,C,82,1.08
8480948,2018,D,25,0.245
8480950,2018,D,41,0.016
8480954,2018,C,2,-0.025
8480955,2018,D,32,0.247
8480965,2018,C,27,0.225
8481186,2018,R,5,-0.046
8481425,2018,D,1,-0.014
8481426,2018,L,10,-0.145
8481433,2018,L,10,0.216
8481442,2018,D,1,-0.01
8481477,2018,C,2,0.013
8481479,2018,D,2,-0.011
8481481,2018,C,1,-0.006
8481486,2018,D,1,0.043
8465009,2019,D,81,0.041
8466138,2019,C,70,0.341
8466139,2019,C,70,0.304
8467950,2019,G,34,0.0
8468011,2019,G,23,0.0
8468493,2019,D,64,-0.036
8468508,2019,R,27,0.716
8468674,2019,D,49,-0.037
8468685,2019,G,32,0.0
8469454,2019,L,54,0.802
8469455,2019,C,63,0.814
8469459,2019,C,59,0.446
8469465,2019,D,60,0.012
8469608,2019,G,40,0.0
8470047,2019,C,70,-0.231
8470110,2019,D,43,0.008
8470144,2019,C,60,-0.302
8470147,2019,G,18,0.0
8470151,2019,D,56,-0.102
8470187,2019,D,67,0.194
8470257,2019,L,59,0.203
8470281,2019,D,70,0.907
8470318,2019,D,18,-0.108
8470594,2019,G,53,0.0
8470595,2019,C,70,1.25
8470600,2019,D,72,1.795
8470601,2019,D,43,-0.085
8470604,2019,C,60,0.866
8470606,2019,R,66,0.989
8470607,2019,D,32,0.001
8470610,2019,L,73,2.027
8470612,2019,C,69,1.33
8470613,2019,D,70,1.8
8470619,2019,C,43,0.514
8470621,2019,R,84,0.612
8470626,2019,L,59,0.006
8470638,2019,C,74,2.488
8470642,2019,D,75,1.68
8470645,2019,G,49,0.0
8470655,2019,R,22,0.175
8470657,2019,G,27,0.0
8470755,2019,R,68,0.169
8470775,2019,C,86,0.003
8470794,2019,C,94,1.8
8470860,2019,G,40,0.0
8470880,2019,G,34,0.0
8470966,2019,D,70,1.21
8471214,2019,L,76,3.148
8471215,2019,C,59,2.795
8471217,2019,L,5,-0.035
8471218,2019,R,75,2.288
8471227,2019,G,30,0.0
8471228,2019,R,87,1.601
8471233,2019,C,69,0.456
8471239,2019,G,13,0.0
8471242,2019,D,50,0.148
8471260,2019,L,78,-0.008
8471262,2019,C,79,0.901
8471274,2019,D,79,0.934
8471276,2019,C,74,1.481
8471284,2019,D,84,-0.057
8471303,2019,D,76,1.46
8471306,2019,G,35,0.0
8471392,2019,D,41,-0.048
8471418,2019,G,55,0.0
8471426,2019,R,17,-0.049
8471469,2019,G,36,0.0
8471669,2019,C,89,1.296
8471675,2019,C,45,1.535
8471676,2019,R,24,0.212
8471677,2019,D,71,-0.012
8471679,2019,G,68,0.0
8471685,2019,C,70,1.861
8471686,2019,D,55,0.203
8471695,2019,G,45,0.0
8471698,2019,R,77,1.785
8471699,2019,C,91,-0.364
8471702,2019,D,83,1.197
8471707,2019,L,59,1.151
8471709,2019,D,70,0.11
8471716,2019,L,49,-0.581
8471724,2019,D,65,1.96
8471729,2019,D,59,0.103
8471734,2019,G,42,0.0
8471735,2019,D,73,1.78
8471743,2019,C,16,0.006
8471750,2019,G,47,0.0
8471769,2019,D,36,0.044
8471774,2019,G,42,0.0
8471794,2019,C,68,-0.105
8471804,2019,C,32,0.112
8471817,2019,R,90,0.04
8471873,2019,D,73,0.336
8471887,2019,R,56,1.674
8472382,2019,D,84,0.406
8473412,2019,C,7,0.196
8473415,2019,D,49,-0.192
8473419,2019,L,83,4.12
8473422,2019,L,77,0.453
8473446,2019,D,68,0.545
8473449,2019,R,52,0.342
8473453,2019,C,56,0.049
8473463,2019,R,65,0.128
8473473,2019,L,78,0.23
8473485,2019,R,16,-0.109
8473503,2019,G,28,0.0
8473504,2019,R,58,-0.195
8473507,2019,D,81,1.656
8473512,2019,R,85,1.965
8473533,2019,C,76,1.057
8473541,2019,G,46,0.0
8473544,2019,C,84,1.029
8473546,2019,L,55,0.283
8473548,2019,R,79,1.007
8473560,2019,D,49,-0.047
8473563,2019,C,66,1.939
8473564,2019,R,57,-0.069
8473573,2019,C,49,0.607
8473575,2019,G,65,0.0
8473604,2019,C,79,2.241
8473618,2019,C,53,0.204
8473914,2019,C,7,-0.057
8473986,2019,L,92,1.616
8473991,2019,D,4,-0.031
8473994,2019,L,96,1.839
8474000,2019,D,10,0.066
8474008,2019,C,1,-0.003
8474009,2019,C,71,1.238
8474013,2019,D,80,0.967
8474027,2019,D,78,0.601
8474031,2019,D,95,1.871
8474034,2019,L,89,0.472
8474037,2019,L,78,1.762
8474038,2019,L,39,0.237
8474040,2019,C,42,0.228
8474053,2019,C,52,1.481
8474056,2019,D,68,0.48
8474062,2019,C,74,0.058
8474068,2019,C,66,0.646
8474090,2019,D,65,0.097
8474091,2019,C,61,0.687
8474098,2019,C,71,0.0
8474102,2019,L,80,2.473
8474125,2019,D,42,0.13
8474134,2019,D,45,-0.066
8474141,2019,R,79,4.283
8474145,2019,D,45,0.077
8474149,2019,L,73,1.982
8474150,2019,C,80,1.867
8474151,2019,D,72,0.25
8474157,2019,L,87,3.025
8474161,2019,R,84,2.052
8474162,2019,D,55,0.857
8474166,2019,D,71,0.716
8474176,2019,L,66,0.657
8474189,2019,C,74,1.607
8474190,2019,R,68,0.526
8474207,2019,D,80,0.351
8474218,2019,D,59,0.205
8474230,2019,L,22,-0.095
8474250,2019,C,50,-0.051
8474291,2019,C,72,0.204
8474563,2019,D,67,1.232
8474564,2019,C,58,2.969
8474565,2019,D,79,2.609
8474567,2019,D,47,0.282
8474568,2019,D,36,0.148
8474569,2019,C,9,0.131
8474571,2019,L,20,0.08
8474573,2019,R,90,1.815
8474574,2019,D,78,0.507
8474578,2019,D,56,1.567
8474579,2019,D,44,0.229
8474581,2019,D,74,0.721
8474584,2019,D,49,0.411
8474586,2019,R,80,2.039
8474589,2019,R,73,1.405
8474590,2019,D,74,3.661
8474593,2019,G,57,0.0
8474596,2019,G,29,0.0
8474597,2019,D,26,-0.07
8474600,2019,D,73,3.285
8474602,2019,D,50,0.331
8474604,2019,D,24,-0.033
8474611,2019,D,3,0.19
8474612,2019,D,50,0.265
8474613,2019,C,79,0.901
8474618,2019,D,71,0.147
8474628,2019,D,33,0.117
8474636,2019,G,20,0.0
8474641,2019,C,71,1.319
8474651,2019,G,56,0.0
8474668,2019,R,28,-0.08
8474673,2019,D,74,0.54
8474679,2019,R,80,1.39
8474683,2019,C,71,0.97
8474685,2019,L,58,0.874
8474688,2019,D,20,-0.002
8474697,2019,D,53,0.639
8474709,2019,L,77,-0.052
8474715,2019,R,52,1.23
8474716,2019,D,66,1.526
8474717,2019,D,21,-0.006
8474722,2019,D,12,0.117
8474736,2019,C,24,0.007
8474749,2019,D,1,-0.005
8474774,2019,D,2,-0.014
8474818,2019,D,51,-0.023
8474849,2019,L,58,0.284
8474870,2019,C,90,0.736
8474873,2019,D,9,-0.014
8474884,2019,C,73,2.606
8474889,2019,G,41,0.0
8475098,2019,C,75,0.799
8475149,2019,L,60,0.48
8475151,2019,C,65,1.687
8475156,2019,G,42,0.0
8475158,2019,C,80,2.393
8475160,2019,L,74,0.127
8475163,2019,R,69,0.731
8475164,2019,R,66,1.405
8475166,2019,C,68,1.951
8475167,2019,D,91,3.503
8475168,2019,C,70,1.285
8475169,2019,L,64,1.612
8475170,2019,C,80,2.003
8475171,2019,D,75,1.168
8475172,2019,C,66,1.589
8475176,2019,D,53,1.86
8475177,2019,D,38,0.153
8475178,2019,R,63,0.897
8475179,2019,D,55,0.099
8475181,2019,D,82,0.788
8475184,2019,L,66,1.736
8475186,2019,D,25,0.052
8475188,2019,D,91,0.018
8475191,2019,R,91,2.745
8475193,2019,L,78,2.365
8475195,2019,G,20,0.0
8475197,2019,D,75,1.368
8475200,2019,D,77,0.971
8475204,2019,C,16,0.076
8475208,2019,D,32,0.215
8475209,2019,R,67,0.373
8475215,2019,G,52,0.0
8475218,2019,D,72,1.21
8475220,2019,L,63,0.529
8475222,2019,D,54,1.012
8475224,2019,C,3,-0.023
8475225,2019,C,73,1.309
8475231,2019,C,66,0.4
8475233,2019,D,78,0.128
8475235,2019,L,59,0.077
8475236,2019,C,53,0.303
8475246,2019,D,8,-0.002
8475254,2019,C,3,-0.033
8475268,2019,L,55,-0.198
8475279,2019,D,79,0.53
8475287,2019,L,52,0.487
8475311,2019,G,38,0.0
8475314,2019,L,90,2.064
8475324,2019,D,76,-0.097
8475343,2019,C,64,0.533
8475413,2019,C,31,-0.07
8475430,2019,D,9,0.005
8475455,2019,D,77,0.0
8475461,2019,L,22,-0.04
8475462,2019,D,68,0.442
8475622,2019,G,31,0.0
8475625,2019,D,36,0.006
8475660,2019,G,36,0.0
8475683,2019,G,54,0.0
8475690,2019,D,86,0.723
8475692,2019,R,69,1.093
8475714,2019,C,68,1.008
8475716,2019,D,29,0.075
8475717,2019,G,3,0.0
8475718,2019,D,73,0.423
8475722,2019,L,64,1.506
8475726,2019,C,75,1.851
8475728,2019,L,62,0.388
8475730,2019,D,21,0.085
8475735,2019,C,56,0.008
8475738,2019,C,51,0.263
8475744,2019,C,71,2.117
8475745,2019,C,83,1.274
8475747,2019,D,64,-0.108
8475748,2019,L,1,-0.005
8475750,2019,D,50,0.029
8475752,2019,C,79,0.305
8475753,2019,D,78,0.377
8475754,2019,C,90,2.741
8475760,2019,C,13,0.019
8475762,2019,D,30,-0.046
8475763,2019,R,85,1.812
8475764,2019,D,59,1.058
8475765,2019,R,14,0.458
8475766,2019,L,57,0.053
8475768,2019,L,80,2.454
8475772,2019,C,70,0.639
8475780,2019,R,79,-0.01
8475784,2019,L,59,0.672
8475786,2019,L,56,1.842
8475789,2019,G,26,0.0
8475790,2019,D,51,0.014
8475791,2019,L,74,2.181
8475792,2019,R,73,0.763
8475793,2019,C,72,0.982
8475794,2019,C,95,2.926
8475795,2019,D,16,-0.144
8475796,2019,D,62,0.772
8475797,2019,D,32,0.026
8475798,2019,C,67,0.453
8475799,2019,R,74,0.832
8475807,2019,C,61,-0.365
8475808,2019,C,2,-0.024
8475810,2019,R,59,2.684
8475820,2019,R,74,1.239
8475825,2019,D,5,0.018
8475831,2019,G,43,0.0
8475832,2019,R,31,0.028
8475834,2019,L,66,0.201
8475839,2019,G,17,0.0
8475841,2019,D,38,0.036
8475842,2019,C,9,0.025
8475848,2019,R,68,2.196
8475852,2019,G,45,0.0
8475855,2019,R,70,0.587
8475857,2019,D,3,-0.013
8475868,2019,D,51,0.129
8475869,2019,D,12,-0.037
8475883,2019,G,57,0.0
8475902,2019,D,8,-0.047
8475906,2019,D,84,2.01
8475907,2019,L,16,0.145
8475913,2019,R,85,3.269
8475958,2019,C,2,-0.032
8475968,2019,R,6,0.001
8476043,2019,C,3,0.027
8476166,2019,D,38,0.339
8476195,2019,C,4,0.002
8476207,2019,C,15,-0.193
8476234,2019,G,6,0.0
8476278,2019,C,27,0.258
8476285,2019,C,14,-0.089
8476288,2019,C,68,0.708
8476292,2019,L,94,2.071
8476293,2019,C,6,0.007
8476312,2019,D,50,0.04
8476316,2019,G,19,0.0
8476326,2019,R,66,0.422
8476329,2019,C,28,0.277
8476331,2019,D,63,0.01
8476341,2019,G,3,0.0
8476343,2019,G,1,0.0
8476344,2019,C,8,0.048
8476346,2019,L,80,2.498
8476356,2019,L,65,0.328
8476368,2019,D,5,0.072
8476372,2019,D,12,0.005
8476374,2019,C,79,0.457
8476381,2019,R,26,0.14
8476389,2019,C,70,1.18
8476391,2019,C,16,-0.126
8476392,2019,C,53,0.382
8476393,2019,C,82,0.701
8476396,2019,C,8,-0.059
8476399,2019,L,91,1.52
8476400,2019,R,38,-0.017
8476404,2019,C,14,-0.053
8476406,2019,C,67,-0.142
8476409,2019,C,12,-0.016
8476410,2019,L,36,0.643
8476412,2019,G,55,0.0
8476419,2019,C,89,2.28
8476422,2019,D,44,0.495
8476428,2019,R,70,1.21
8476429,2019,D,89,0.32
8476430,2019,R,12,-0.048
8476432,2019,C,80,0.324
8476434,2019,G,51,0.0
8476437,2019,C,43,0.23
8476438,2019,L,67,1.525
8476439,2019,R,27,0.037
8476440,2019,C,34,-0.209
8476441,2019,D,72,0.72
8476442,2019,L,84,0.193
8476443,2019,D,22,0.021
8476447,2019,R,5,-0.009
8476448,2019,C,83,2.149
8476449,2019,D,40,0.193
8476453,2019,R,93,5.04
8476454,2019,C,69,2.697
8476455,2019,L,68,1.892
8476456,2019,L,73,3.13
8476457,2019,D,51,-0.126
8476458,2019,C,73,1.943
8476459,2019,C,60,3.587
8476460,2019,C,72,2.57
8476461,2019,C,84,2.642
8476462,2019,D,52,1.984
8476463,2019,D,73,0.932
8476466,2019,L,6,0.062
8476467,2019,D,96,0.357
8476468,2019,C,86,3.211
8476469,2019,R,68,1.203
8476470,2019,D,42,0.193
8476472,2019,D,66,1.389
8476473,2019,D,67,0.878
8476474,2019,R,40,0.097
8476479,2019,C,81,1.94
8476480,2019,C,77,1.153
8476483,2019,R,65,1.665
8476525,2019,D,51,0.247
8476539,2019,R,86,2.517
8476624,2019,C,95,1.043
8476779,2019,D,63,0.689
8476792,2019,D,74,2.408
8476807,2019,D,20,0.09
8476822,2019,C,60,0.116
8476826,2019,C,95,1.097
8476850,2019,D,36,0.277
8476851,2019,C,63,0.613
8476853,2019,D,52,1.041
8476854,2019,D,56,0.56
8476856,2019,D,73,0.667
8476857,2019,L,5,0.008
8476858,2019,L,23,-0.007
8476861,2019,G,1,0.0
8476867,2019,C,1,0.033
8476869,2019,D,75,0.882
8476870,2019,C,9,0.078
8476871,2019,L,86,2.078
8476872,2019,C,64,1.115
8476873,2019,L,61,-0.238
8476874,2019,D,74,0.693
8476875,2019,D,61,0.722
8476876,2019,G,21,0.0
8476878,2019,C,69,0.215
8476879,2019,D,61,-0.079
8476880,2019,R,76,1.618
8476881,2019,C,48,1.428
8476882,2019,C,76,2.523
8476883,2019,G,77,0.0
8476884,2019,D,2,-0.018
8476885,2019,D,73,1.037
8476886,2019,D,51,0.357
8476887,2019,L,67,2.422
8476889,2019,C,85,0.59
8476891,2019,D,80,0.565
8476892,2019,D,73,1.036
8476894,2019,L,61,-0.005
8476897,2019,C,66,0.579
8476899,2019,G,41,0.0
8476902,2019,D,96,0.791
8476904,2019,G,12,0.0
8476905,2019,C,85,0.397
8476906,2019,D,47,0.468
8476907,2019,L,56,0.204
8476913,2019,C,47,0.079
8476914,2019,G,46,0.0
8476915,2019,L,68,-0.453
8476917,2019,D,59,0.304
8476918,2019,L,64,0.312
8476919,2019,C,71,1.107
8476921,2019,L,53,0.185
8476922,2019,C,4,-0.046
8476923,2019,D,69,1.249
8476924,2019,R,17,0.189
8476925,2019,C,61,0.285
8476927,2019,C,73,0.811
8476931,2019,D,66,0.149
8476932,2019,G,1,0.0
8476934,2019,L,76,0.071
8476941,2019,D,29,0.125
8476945,2019,G,62,0.0
8476947,2019,L,43,0.32
8476948,2019,L,17,-0.08
8476952,2019,C,49,0.133
8476953,2019,D,3,-0.019
8476958,2019,D,76,1.364
8476960,2019,C,59,0.83
8476966,2019,C,3,0.002
8476967,2019,D,66,0.103
8476974,2019,C,2,-0.017
8476975,2019,C,86,0.242
8476979,2019,D,76,1.182
8476981,2019,R,26,-0.046
8476983,2019,D,2,0.048
8476987,2019,D,4,-0.028
8476988,2019,D,47,0.272
8476994,2019,C,75,0.343
8476999,2019,G,34,0.0
8477003,2019,R,9,-0.094
8477010,2019,C,21,0.111
8477015,2019,R,71,1.185
8477018,2019,D,65,0.375
8477021,2019,C,70,0.719
8477038,2019,L,66,2.014
8477043,2019,D,11,0.06
8477046,2019,D,35,-0.032
8477073,2019,L,45,-0.313
8477085,2019,D,1,-0.005
8477126,2019,C,8,-0.073
8477149,2019,R,35,0.069
8477180,2019,G,33,0.0
8477210,2019,R,6,-0.027
8477213,2019,L,53,-0.309
8477215,2019,D,8,0.136
8477220,2019,D,79,1.555
8477240,2019,C,71,0.138
8477244,2019,D,41,0.081
8477290,2019,L,67,0.612
8477293,2019,G,35,0.0
8477312,2019,G,2,0.0
8477314,2019,C,2,-0.019
8477320,2019,L,7,-0.095
8477330,2019,L,77,2.287
8477337,2019,D,4,-0.029
8477341,2019,L,44,0.742
8477343,2019,D,6,-0.031
8477346,2019,D,49,0.853
8477353,2019,C,51,0.002
8477355,2019,D,56,0.668
8477359,2019,D,61,0.344
8477361,2019,G,8,0.0
8477365,2019,D,39,0.134
8477366,2019,C,3,-0.023
8477369,2019,D,59,0.451
8477380,2019,C,3,0.029
8477384,2019,D,58,0.206
8477401,2019,C,43,-0.311
8477402,2019,L,71,1.569
8477404,2019,C,43,2.094
8477405,2019,G,24,0.0
8477406,2019,C,88,0.285
8477407,2019,L,66,1.646
8477409,2019,C,60,0.317
8477416,2019,R,59,1.506
8477417,2019,L,3,-0.005
8477424,2019,G,44,0.0
8477425,2019,L,68,0.496
8477426,2019,L,56,0.356
8477429,2019,C,67,0.454
8477435,2019,D,84,1.198
8477444,2019,L,73,2.261
8477447,2019,D,91,3.219
8477448,2019,C,3,-0.029
8477450,2019,C,92,0.13
8477451,2019,R,73,0.325
8477454,2019,L,56,-0.469
8477455,2019,L,55,0.021
8477456,2019,L,82,1.359
8477458,2019,L,15,0.037
8477462,2019,D,61,0.508
8477463,2019,D,2,-0.004
8477464,2019,C,16,-0.037
8477465,2019,G,34,0.0
8477467,2019,D,3,-0.015
8477472,2019,D,15,-0.055
8477473,2019,R,2,-0.008
8477474,2019,D,53,0.459
8477476,2019,L,80,0.699
8477478,2019,L,91,0.329
8477479,2019,L,71,1.495
8477480,2019,G,3,0.0
8477482,2019,L,67,1.051
8477488,2019,D,61,0.468
8477492,2019,C,84,5.403
8477493,2019,C,70,1.977
8477494,2019,L,37,0.614
8477495,2019,D,66,1.231
8477496,2019,C,80,2.263
8477497,2019,C,80,1.761
8477498,2019,D,75,1.216
8477499,2019,D,69,1.237
8477500,2019,C,86,1.922
8477501,2019,R,80,0.795
8477502,2019,L,1,-0.015
8477503,2019,C,81,1.27
8477504,2019,D,69,0.994
8477505,2019,C,67,0.378
8477506,2019,D,90,1.803
8477507,2019,D,79,0.42
8477508,2019,C,38,0.355
8477509,2019,D,50,0.05
8477511,2019,R,43,1.551
8477512,2019,C,62,0.395
8477520,2019,C,3,-0.03
8477527,2019,L,37,-0.125
8477529,2019,C,11,-0.035
8477541,2019,D,10,0.143
8477573,2019,L,5,0.042
8477810,2019,D,20,0.142
8477839,2019,L,67,0.642
8477845,2019,D,51,0.103
8477846,2019,C,78,0.249
8477850,2019,D,16,0.007
8477851,2019,D,67,0.438
8477887,2019,C,3,0.116
8477901,2019,L,11,0.014
8477903,2019,R,74,0.219
8477922,2019,C,61,-0.153
8477930,2019,L,84,0.697
8477931,2019,L,75,0.37
8477932,2019,D,71,1.676
8477933,2019,C,69,1.346
8477934,2019,C,75,4.747
8477935,2019,C,62,0.274
8477936,2019,L,56,-0.07
8477937,2019,R,85,1.227
8477938,2019,D,53,0.556
8477939,2019,R,73,2.758
8477940,2019,L,75,2.448
8477941,2019,L,56,0.352
8477942,2019,L,68,2.469
8477943,2019,L,40,-0.152
8477944,2019,L,77,2.084
8477946,2019,C,71,1.776
8477947,2019,L,55,0.485
8477948,2019,D,85,1.13
8477949,2019,R,62,1.089
8477950,2019,D,71,2.415
8477951,2019,C,70,1.505
8477952,2019,C,61,0.855
8477953,2019,R,74,0.935
8477955,2019,L,69,1.155
8477956,2019,R,80,4.737
8477958,2019,R,1,-0.01
8477960,2019,R,69,0.93
8477961,2019,C,11,-0.118
8477962,2019,L,60,0.351
8477963,2019,R,26,0.219
8477964,2019,L,72,0.622
8477967,2019,G,31,0.0
8477968,2019,G,4,0.0
8477969,2019,D,73,0.57
8477971,2019,D,24,0.082
8477972,2019,D,2,-0.018
8477973,2019,C,38,0.001
8477974,2019,C,10,-0.017
8477979,2019,R,49,0.351
8477983,2019,C,3,0.034
8477986,2019,D,54,0.503
8477987,2019,C,64,0.833
8477989,2019,C,79,0.992
8477992,2019,G,6,0.0
8477998,2019,L,76,0.881
8478007,2019,G,35,0.0
8478010,2019,C,89,3.807
8478013,2019,D,1,-0.004
8478017,2019,D,6,0.012
8478020,2019,R,68,0.16
8478021,2019,D,8,-0.02
8478027,2019,C,69,0.675
8478029,2019,L,1,-0.006
8478036,2019,C,54,-0.35
8478038,2019,D,90,1.331
8478039,2019,G,5,0.0
8478040,2019,R,1,-0.008
8478042,2019,L,61,0.903
8478043,2019,C,51,0.305
8478046,2019,L,67,0.551
8478048,2019,G,13,0.0
8478056,2019,C,5,0.01
8478058,2019,L,1,-0.005
8478067,2019,L,32,0.492
8478073,2019,D,4,0.028
8478074,2019,C,8,0.001
8478075,2019,L,68,0.235
8478099,2019,R,70,0.975
8478104,2019,L,48,0.343
8478106,2019,R,9,0.071
8478109,2019,L,54,1.405
8478115,2019,L,52,0.384
8478131,2019,R,66,0.866
8478133,2019,C,19,0.06
8478136,2019,D,10,0.071
8478146,2019,C,45,0.135
8478176,2019,D,6,0.064
8478211,2019,L,23,-0.023
8478233,2019,L,78,1.239
8478366,2019,R,71,1.238
8478367,2019,C,10,0.049
8478396,2019,D,80,0.831
8478397,2019,D,80,0.833
8478398,2019,L,75,3.451
8478399,2019,D,71,0.0
8478400,2019,C,61,0.088
8478401,2019,C,65,0.821
8478402,2019,C,68,4.739
8478403,2019,C,68,2.717
8478406,2019,G,47,0.0
8478407,2019,D,80,1.012
8478408,2019,D,61,0.233
8478409,2019,C,1,0.002
8478413,2019,L,71,0.418
8478414,2019,R,70,1.98
8478416,2019,D,92,0.303
8478420,2019,R,57,2.402
8478424,2019,C,32,0.085
8478425,2019,D,30,0.216
8478427,2019,C,76,3.635
8478430,2019,D,48,0.091
8478431,2019,L,4,-0.003
8478432,2019,R,65,-0.126
8478434,2019,R,1,-0.016
8478435,2019,G,1,0.0
8478436,2019,R,6,-0.003
8478439,2019,R,82,2.438
8478440,2019,C,67,1.044
8478443,2019,D,80,0.572
8478444,2019,R,74,2.064
8478445,2019,C,90,2.835
8478447,2019,R,4,0.079
8478449,2019,C,85,1.546
8478451,2019,D,75,0.476
8478452,2019,D,45,0.23
8478455,2019,L,65,0.196
8478458,2019,C,75,0.566
8478460,2019,D,73,1.931
8478462,2019,C,48,0.571
8478463,2019,R,90,1.742
8478466,2019,R,8,0.018
8478468,2019,D,25,-0.022
8478469,2019,D,71,1.356
8478470,2019,G,14,0.0
8478472,2019,R,37,-0.063
8478474,2019,L,75,0.702
8478476,2019,D,9,0.016
8478477,2019,C,45,0.114
8478483,2019,R,64,2.731
8478485,2019,R,4,0.066
8478488,2019,C,31,-0.096
8478491,2019,D,60,0.159
8478492,2019,G,26,0.0
8478493,2019,C,66,1.012
8478495,2019,R,91,1.655
8478498,2019,L,78,1.245
8478499,2019,G,13,0.0
8478500,2019,D,85,1.682
8478502,2019,D,21,0.047
8478506,2019,D,6,-0.023
8478507,2019,D,60,1.015
8478508,2019,C,21,0.114
8478512,2019,C,8,0.072
8478519,2019,C,93,1.45
8478542,2019,C,45,0.229
8478550,2019,L,72,4.071
8478567,2019,D,42,0.058
8478569,2019,C,70,1.366
8478585,2019,C,78,0.994
8478831,2019,C,34,0.209
8478833,2019,C,22,-0.154
8478838,2019,C,7,0.022
8478839,2019,C,10,0.082
8478841,2019,D,6,-0.026
8478843,2019,C,44,0.124
8478844,2019,C,20,-0.107
8478846,2019,D,3,-0.015
8478851,2019,D,3,-0.019
8478856,2019,R,76,1.781
8478857,2019,L,44,0.025
8478859,2019,D,5,0.023
8478866,2019,C,64,0.302
8478868,2019,D,13,0.077
8478870,2019,L,15,0.006
8478873,2019,R,47,0.289
8478874,2019,R,69,0.785
8478881,2019,L,2,-0.022
8478882,2019,D,79,0.478
8478888,2019,C,1,-0.015
8478891,2019,C,47,-0.039
8478906,2019,D,39,0.237
8478911,2019,D,70,0.545
8478915,2019,D,17,0.112
8478949,2019,R,3,-0.007
8478975,2019,L,4,0.028
8478996,2019,C,7,0.106
8479026,2019,D,66,0.599
8479188,2019,G,1,0.0
8479288,2019,G,1,0.0
8479291,2019,C,49,0.21
8479292,2019,G,6,0.0
8479293,2019,L,72,0.369
8479312,2019,G,3,0.0
8479314,2019,L,75,2.661
8479315,2019,R,18,0.096
8479316,2019,C,67,1.201
8479318,2019,C,75,3.797
8479320,2019,D,6,-0.024
8479323,2019,D,73,1.706
8479324,2019,D,63,0.475
8479325,2019,D,80,1.36
8479328,2019,R,20,-0.019
8479333,2019,D,28,0.102
8479335,2019,C,29,-0.038
8479336,2019,R,13,0.027
8479337,2019,R,79,1.989
8479339,2019,L,69,2.463
8479343,2019,R,79,1.845
8479345,2019,D,72,0.927
8479346,2019,C,55,0.696
8479347,2019,L,7,-0.02
8479348,2019,D,4,-0.033
8479351,2019,C,65,0.112
8479353,2019,C,73,0.222
8479355,2019,D,1,-0.004
8479356,2019,L,8,0.073
8479358,2019,L,15,-0.146
8479359,2019,L,3,-0.021
8479364,2019,L,2,0.058
8479365,2019,C,2,-0.021
8479366,2019,C,23,0.152
8479368,2019,L,59,-0.087
8479369,2019,D,22,0.046
8479370,2019,C,79,0.741
8479371,2019,D,68,0.089
8479372,2019,D,11,0.15
8479376,2019,D,61,0.321
8479379,2019,R,21,0.003
8479381,2019,R,16,-0.082
8479382,2019,C,25,-0.145
8479385,2019,R,33,0.18
8479388,2019,D,37,0.056
8479393,2019,L,28,-0.03
8479394,2019,G,57,0.0
8479395,2019,D,36,0.136
8479398,2019,D,85,1.649
8479400,2019,C,80,1.84
8479404,2019,C,4,-0.044
8479407,2019,L,60,1.118
8479410,2019,D,95,1.757
8479411,2019,L,2,0.045
8479415,2019,C,12,-0.02
8479420,2019,C,1,-0.011
8479423,2019,L,73,0.592
8479424,2019,C,4,-0.035
8479425,2019,D,65,1.258
8479442,2019,D,86,0.648
8479458,2019,D,58,0.022
8479465,2019,L,48,0.556
8479466,2019,R,45,-0.199
8479482,2019,D,63,0.42
8479496,2019,G,49,0.0
8479510,2019,R,1,0.038
8479511,2019,C,1,-0.022
8479523,2019,D,7,0.016
8479526,2019,L,12,-0.119
8479530,2019,G,2,0.0
8479542,2019,L,1,-0.002
8479557,2019,C,3,-0.031
8479571,2019,R,3,-0.041
8479580,2019,C,50,0.163
8479587,2019,C,8,-0.082
8479644,2019,R,18,0.066
8479671,2019,R,8,-0.022
8479675,2019,L,42,0.14
8479734,2019,D,5,-0.037
8479748,2019,C,3,0.048
8479772,2019,R,23,0.092
8479933,2019,C,13,-0.037
8479944,2019,L,61,-0.054
8479977,2019,R,31,1.015
8479979,2019,G,2,0.0
8479980,2019,D,38,0.301
8479982,2019,D,4,-0.023
8479983,2019,D,61,0.176
8479985,2019,D,41,-0.161
8479987,2019,C,10,0.122
8479994,2019,C,4,-0.063
8479996,2019,C,39,0.038
8479998,2019,D,6,-0.003
8479999,2019,C,31,0.131
8480001,2019,D,5,-0.034
8480002,2019,C,58,1.086
8480003,2019,C,35,-0.022
8480011,2019,C,4,0.022
8480012,2019,C,85,3.576
8480014,2019,C,10,0.268
8480018,2019,C,81,1.356
8480021,2019,C,7,-0.032
8480022,2019,G,1,0.0
8480023,2019,C,74,1.304
8480027,2019,L,3,0.013
8480028,2019,C,20,0.165
8480031,2019,L,29,0.321
8480035,2019,D,69,0.187
8480036,2019,D,95,2.737
8480039,2019,C,72,1.12
8480043,2019,D,11,-0.008
8480051,2019,G,2,0.0
8480064,2019,C,3,-0.034
8480068,2019,C,27,-0.171
8480069,2019,D,72,3.095
8480072,2019,C,17,-0.136
8480073,2019,D,31,0.054
8480074,2019,L,46,0.249
8480078,2019,C,63,0.4
8480113,2019,L,70,1.2
8480144,2019,C,79,0.114
8480145,2019,D,75,1.864
8480147,2019,D,52,-0.008
8480157,2019,D,12,0.104
8480160,2019,D,48,0.192
8480162,2019,G,6,0.0
8480172,2019,D,38,0.188
8480184,2019,D,16,-0.125
8480185,2019,C,8,0.004
8480186,2019,R,10,-0.086
8480205,2019,C,61,0.373
8480208,2019,R,23,0.083
8480213,2019,G,2,0.0
8480247,2019,R,6,0.022
8480314,2019,R,4,-0.036
8480326,2019,C,6,-0.068
8480336,2019,D,70,0.912
8480341,2019,C,7,0.063
8480382,2019,G,34,0.0
8480384,2019,C,12,0.074
8480727,2019,D,36,0.035
8480748,2019,L,10,-0.122
8480762,2019,L,60,0.106
8480769,2019,R,3,0.024
8480780,2019,C,14,-0.17
8480789,2019,R,9,-0.088
8480796,2019,D,8,-0.034
8480797,2019,L,64,0.769
8480800,2019,D,85,2.882
8480801,2019,L,71,1.644
8480806,2019,C,15,-0.085
8480814,2019,D,1,0.0
8480821,2019,R,28,0.388
8480822,2019,R,9,0.082
8480829,2019,C,46,0.078
8480830,2019,R,74,3.067
8480839,2019,D,59,1.625
8480849,2019,C,23,-0.015
8480853,2019,C,12,-0.044
8480865,2019,D,35,0.153
8480871,2019,D,49,0.494
8480873,2019,D,28,0.284
8480901,2019,C,30,-0.016
8480913,2019,D,2,0.038
8480925,2019,G,40,0.0
8480935,2019,D,13,-0.081
8480940,2019,D,13,-0.004
8480944,2019,C,46,0.01
8480945,2019,D,36,0.246
8480946,2019,C,56,1.004
8480950,2019,D,51,-0.074
8480965,2019,C,20,0.166
8481019,2019,C,22,-0.106
8481105,2019,D,5,-0.018
8481186,2019,R,21,-0.049
8481433,2019,L,26,-0.012
8481442,2019,D,1,0.007
8481477,2019,C,8,0.067
8481481,2019,C,65,0.557
8481515,2019,L,4,-0.059
8481516,2019,C,31,0.029
8481523,2019,C,73,0.645
8481554,2019,R,69,0.345
8481559,2019,C,61,0.292
8481572,2019,D,8,0.21
8481581,2019,D,1,-0.01
8481582,2019,L,4,0.006
8481600,2019,D,3,-0.025
8481624,2019,R,44,0.76
8481630,2019,D,4,-0.02
8481637,2019,L,4,-0.044
8481638,2019,L,33,0.182
8481640,2019,C,12,-0.084
8481641,2019,L,25,0.113
8481642,2019,R,2,-0.014
8481649,2019,L,16,-0.148
8481650,2019,L,37,-0.11
8481812,2019,D,3,-0.02
8481813,2019,C,59,0.116
8465009,2020,D,60,0.074
8466138,2020,C,51,0.34
8466139,2020,C,56,-0.221
8467950,2020,G,6,0.0
8468011,2020,G,16,0.0
8469455,2020,C,61,1.636
8469459,2020,C,7,0.027
8469608,2020,G,36,0.0
8470047,2020,C,38,0.138
8470144,2020,C,29,0.032
8470147,2020,G,12,0.0
8470281,2020,D,54,0.426
8470594,2020,G,52,0.0
8470595,2020,C,74,0.2
8470600,2020,D,63,0.393
8470601,2020,D,19,0.013
8470604,2020,C,60,1.426
8470606,2020,R,49,1.193
8470610,2020,L,49,0.808
8470612,2020,C,48,0.346
8470613,2020,D,56,1.024
8470621,2020,R,71,0.942
8470626,2020,L,7,-0.01
8470638,2020,C,65,2.467
8470642,2020,D,70,0.726
8470655,2020,R,15,0.201
8470755,2020,R,19,0.089
8470775,2020,C,52,-0.084
8470794,2020,C,56,2.093
8470860,2020,G,19,0.0
8470880,2020,G,30,0.0
8470966,2020,D,56,0.987
8471214,2020,L,50,1.979
8471215,2020,C,37,1.138
8471218,2020,R,58,1.916
8471227,2020,G,22,0.0
8471228,2020,R,11,0.656
8471233,2020,C,60,0.291
8471260,2020,L,51,0.094
8471262,2020,C,49,0.3
8471274,2020,D,56,0.598
8471276,2020,C,62,1.726
8471284,2020,D,46,0.045
8471303,2020,D,52,0.169
8471306,2020,G,34,0.0
8471418,2020,G,32,0.0
8471469,2020,G,24,0.0
8471669,2020,C,62,0.6
8471675,2020,C,61,2.202
8471676,2020,R,33,0.336
8471677,2020,D,13,-0.054
8471679,2020,G,47,0.0
8471685,2020,C,56,1.56
8471686,2020,D,56,0.069
8471695,2020,G,35,0.0
8471698,2020,R,58,1.486
8471699,2020,C,54,-0.069
8471707,2020,L,31,0.291
8471709,2020,D,51,-0.079
8471724,2020,D,61,2.218
8471729,2020,D,36,0.272
8471734,2020,G,22,0.0
8471735,2020,D,59,1.052
8471769,2020,D,41,-0.009
8471794,2020,C,47,-0.13
8471804,2020,C,9,0.119
8471817,2020,R,49,-0.264
8471873,2020,D,43,0.109
8471887,2020,R,50,1.941
8472382,2020,D,74,-0.134
8473415,2020,D,13,0.111
8473419,2020,L,64,3.859
8473422,2020,L,53,0.281
8473446,2020,D,4,0.045
8473449,2020,R,35,0.259
8473453,2020,C,64,-0.076
8473463,2020,R,52,-0.14
8473473,2020,L,56,0.503
8473503,2020,G,22,0.0
8473504,2020,R,69,-0.037
8473507,2020,D,75,2.148
8473512,2020,R,54,1.815
8473533,2020,C,64,1.577
8473541,2020,G,24,0.0
8473544,2020,C,53,0.239
8473548,2020,R,56,1.428
8473563,2020,C,60,1.958
8473564,2020,R,8,-0.072
8473573,2020,C,19,0.34
8473575,2020,G,50,0.0
8473618,2020,C,64,0.469
8473986,2020,L,75,1.841
8473994,2020,L,52,1.053
8474000,2020,D,20,0.183
8474009,2020,C,62,0.796
8474013,2020,D,61,-0.036
8474027,2020,D,53,-0.001
8474031,2020,D,55,0.321
8474034,2020,L,78,0.389
8474037,2020,L,56,1.748
8474038,2020,L,68,0.225
8474040,2020,C,42,0.415
8474053,2020,C,53,1.384
8474056,2020,D,44,0.644
8474062,2020,C,39,0.095
8474066,2020,D,5,0.071
8474068,2020,C,27,-0.073
8474090,2020,D,48,0.324
8474091,2020,C,43,0.375
8474098,2020,C,46,0.171
8474102,2020,L,56,2.41
8474125,2020,D,12,0.021
8474134,2020,D,2,-0.005
8474141,2020,R,56,2.64
8474145,2020,D,42,0.0
8474149,2020,L,55,0.402
8474150,2020,C,54,1.18
8474151,2020,D,73,0.58
8474157,2020,L,61,2.751
8474161,2020,R,53,1.671
8474162,2020,D,59,1.401
8474166,2020,D,72,1.69
8474176,2020,L,61,0.283
8474189,2020,C,48,0.884
8474190,2020,R,45,0.127
8474207,2020,D,32,0.347
8474218,2020,D,41,-0.096
8474230,2020,L,4,-0.034
8474291,2020,C,30,0.157
8474563,2020,D,56,1.333
8474564,2020,C,61,1.953
8474565,2020,D,60,1.648
8474567,2020,D,52,-0.123
8474568,2020,D,46,0.135
8474573,2020,R,73,1.354
8474574,2020,D,55,0.532
8474578,2020,D,52,0.854
8474579,2020,D,1,-0.008
8474581,2020,D,27,0.214
8474584,2020,D,53,0.389
8474586,2020,R,74,1.637
8474589,2020,R,32,0.15
8474590,2020,D,57,1.96
8474593,2020,G,43,0.0
8474596,2020,G,29,0.0
8474600,2020,D,54,1.698
8474602,2020,D,51,1.064
8474604,2020,D,1,-0.003
8474610,2020,C,12,0.113
8474612,2020,D,38,0.323
8474613,2020,C,20,0.074
8474618,2020,D,53,0.072
8474628,2020,D,21,0.127
8474636,2020,G,8,0.0
8474641,2020,C,45,0.435
8474651,2020,G,21,0.0
8474673,2020,D,63,0.375
8474682,2020,G,13,0.0
8474683,2020,C,46,0.476
8474685,2020,L,18,0.006
8474688,2020,D,13,0.097
8474697,2020,D,22,-0.119
8474709,2020,L,73,-0.11
8474715,2020,R,56,1.219
8474716,2020,D,61,1.037
8474736,2020,C,4,-0.026
8474749,2020,D,1,-0.004
8474818,2020,D,42,0.373
8474849,2020,L,35,-0.268
8474870,2020,C,78,0.768
8474884,2020,C,56,1.332
8474889,2020,G,34,0.0
8475098,2020,C,35,0.599
8475149,2020,L,39,0.215
8475151,2020,C,70,0.886
8475156,2020,G,26,0.0
8475158,2020,C,60,2.019
8475160,2020,L,54,-0.057
8475163,2020,R,48,0.636
8475164,2020,R,47,0.157
8475166,2020,C,57,2.031
8475167,2020,D,77,2.783
8475168,2020,C,40,0.544
8475169,2020,L,56,2.042
8475170,2020,C,60,1.11
8475171,2020,D,46,0.836
8475172,2020,C,58,1.133
8475176,2020,D,41,0.913
8475177,2020,D,44,0.308
8475178,2020,R,31,-0.133
8475179,2020,D,51,-0.258
8475181,2020,D,75,1.276
8475184,2020,L,50,1.076
8475186,2020,D,5,0.049
8475188,2020,D,54,0.258
8475191,2020,R,72,1.183
8475193,2020,L,55,1.172
8475197,2020,D,60,2.251
8475200,2020,D,56,0.839
8475204,2020,C,1,0.001
8475208,2020,D,47,0.475
8475209,2020,R,48,0.043
8475213,2020,C,4,-0.073
8475215,2020,G,22,0.0
8475218,2020,D,54,0.908
8475220,2020,L,46,0.71
8475222,2020,D,39,0.018
8475225,2020,C,64,1.2
8475231,2020,C,75,0.484
8475233,2020,D,74,0.202
8475235,2020,L,49,-0.106
8475236,2020,C,46,-0.094
8475246,2020,D,7,0.012
8475278,2020,C,6,0.009
8475279,2020,D,63,0.028
8475287,2020,L,57,0.862
8475311,2020,G,27,0.0
8475314,2020,L,27,0.773
8475324,2020,D,58,0.438
8475343,2020,C,61,0.635
8475413,2020,C,27,-0.081
8475455,2020,D,61,0.548
8475461,2020,L,3,0.018
8475462,2020,D,60,0.439
8475613,2020,D,6,0.117
8475622,2020,G,13,0.0
8475625,2020,D,24,-0.046
8475660,2020,G,40,0.0
8475683,2020,G,34,0.0
8475690,2020,D,56,0.248
8475692,2020,R,49,1.419
8475714,2020,C,54,0.929
8475717,2020,G,6,0.0
8475718,2020,D,62,0.742
8475722,2020,L,44,0.463
8475726,2020,C,74,2.481
8475728,2020,L,52,0.488
8475729,2020,D,2,-0.022
8475735,2020,C,5,0.003
8475744,2020,C,44,0.886
8475745,2020,C,62,0.178
8475747,2020,D,62,0.133
8475750,2020,D,62,-0.15
8475752,2020,C,38,0.011
8475753,2020,D,58,0.85
8475754,2020,C,75,1.684
8475760,2020,C,50,0.524
8475762,2020,D,64,0.137
8475763,2020,R,55,1.012
8475764,2020,D,56,0.759
8475765,2020,R,28,0.623
8475766,2020,L,34,0.166
8475768,2020,L,44,0.464
8475772,2020,C,53,0.399
8475780,2020,R,52,-0.321
8475784,2020,L,53,0.27
8475786,2020,L,50,1.312
8475789,2020,G,29,0.0
8475790,2020,D,47,-0.039
8475791,2020,L,64,1.321
8475792,2020,R,31,-0.109
8475793,2020,C,54,0.551
8475794,2020,C,3,0.097
8475796,2020,D,36,0.077
8475797,2020,D,25,0.037
8475798,2020,C,57,0.862
8475799,2020,R,63,1.292
8475807,2020,C,44,-0.057
8475808,2020,C,13,-0.127
8475809,2020,G,16,0.0
8475810,2020,R,62,1.887
8475820,2020,R,61,1.556
8475825,2020,D,68,-0.181
8475831,2020,G,50,0.0
8475834,2020,L,29,-0.088
8475839,2020,G,1,0.0
8475842,2020,C,13,0.188
8475844,2020,L,1,-0.005
8475848,2020,R,57,1.241
8475852,2020,G,14,0.0
8475855,2020,R,57,0.316
8475868,2020,D,14,0.146
8475869,2020,D,6,-0.052
8475883,2020,G,24,0.0
8475906,2020,D,53,1.562
8475913,2020,R,74,2.618
8475920,2020,G,4,0.0
8475958,2020,C,5,0.051
8475968,2020,R,2,0.036
8476191,2020,D,32,0.076
8476234,2020,G,9,0.0
8476278,2020,C,47,0.517
8476285,2020,C,5,0.008
8476288,2020,C,40,0.11
8476292,2020,L,78,2.121
8476300,2020,D,38,-0.096
8476312,2020,D,23,0.178
8476316,2020,G,14,0.0
8476323,2020,L,12,0.055
8476326,2020,R,55,-0.1
8476329,2020,C,39,0.139
8476331,2020,D,57,0.106
8476341,2020,G,8,0.0
8476344,2020,C,14,0.178
8476346,2020,L,56,1.995
8476356,2020,L,44,0.021
8476368,2020,D,6,-0.033
8476374,2020,C,58,0.037
8476381,2020,R,14,0.008
8476389,2020,C,56,2.601
8476390,2020,C,4,0.002
8476392,2020,C,60,1.122
8476393,2020,C,56,0.388
8476396,2020,C,9,0.025
8476399,2020,L,78,1.54
8476404,2020,C,6,-0.083
8476407,2020,D,13,-0.098
8476410,2020,L,38,0.123
8476412,2020,G,46,0.0
8476415,2020,C,15,-0.016
8476419,2020,C,73,1.355
8476422,2020,D,66,1.114
8476428,2020,R,40,0.314
8476429,2020,D,75,0.755
8476430,2020,R,8,-0.012
8476432,2020,C,41,0.389
8476434,2020,G,35,0.0
8476437,2020,C,61,0.238
8476438,2020,L,54,1.092
8476439,2020,R,32,0.01
8476441,2020,D,77,0.539
8476442,2020,L,28,0.075
8476443,2020,D,6,-0.025
8476444,2020,G,2,0.0
8476448,2020,C,75,2.047
8476449,2020,D,12,0.064
8476453,2020,R,23,1.383
8476454,2020,C,56,1.312
8476455,2020,L,64,2.418
8476456,2020,L,61,3.126
8476457,2020,D,60,0.283
8476458,2020,C,56,1.691
8476459,2020,C,56,2.346
8476460,2020,C,61,2.608
8476461,2020,C,45,1.952
8476462,2020,D,66,2.292
8476463,2020,D,60,0.887
8476467,2020,D,56,0.484
8476468,2020,C,53,1.725
8476469,2020,R,62,0.565
8476470,2020,D,25,-0.153
8476473,2020,D,50,0.596
8476474,2020,R,6,-0.052
8476479,2020,C,75,1.002
8476480,2020,C,53,0.407
8476483,2020,R,52,0.933
8476509,2020,G,1,0.0
8476525,2020,D,48,0.248
8476539,2020,R,74,1.906
8476545,2020,R,11,-0.161
8476624,2020,C,73,0.833
8476779,2020,D,12,-0.042
8476792,2020,D,55,1.345
8476807,2020,D,21,0.042
8476822,2020,C,54,0.628
8476826,2020,C,79,1.572
8476850,2020,D,48,0.355
8476851,2020,C,40,0.558
8476853,2020,D,62,1.57
8476854,2020,D,18,0.135
8476856,2020,D,58,0.852
8476858,2020,L,31,-0.034
8476861,2020,G,1,0.0
8476869,2020,D,63,0.188
8476870,2020,C,18,-0.167
8476871,2020,L,51,0.473
8476872,2020,C,53,0.321
8476873,2020,L,45,0.346
8476874,2020,D,41,-0.031
8476875,2020,D,50,0.481
8476876,2020,G,16,0.0
8476879,2020,D,59,0.654
8476880,2020,R,52,1.202
8476881,2020,C,50,1.78
8476882,2020,C,32,0.648
8476883,2020,G,65,0.0
8476885,2020,D,38,0.348
8476886,2020,D,22,0.07
8476887,2020,L,45,1.391
8476888,2020,C,32,0.205
8476889,2020,C,55,0.06
8476891,2020,D,48,0.861
8476892,2020,D,36,0.439
8476897,2020,C,28,0.184
8476899,2020,G,27,0.0
8476902,2020,D,56,0.452
8476904,2020,G,26,0.0
8476905,2020,C,67,1.192
8476906,2020,D,41,0.814
8476907,2020,L,21,-0.08
8476913,2020,C,40,0.157
8476914,2020,G,33,0.0
8476915,2020,L,44,0.167
8476917,2020,D,75,0.536
8476918,2020,L,50,0.023
8476919,2020,C,55,0.524
8476921,2020,L,55,0.25
8476923,2020,D,56,0.58
8476924,2020,R,1,-0.014
8476925,2020,C,60,0.382
8476927,2020,C,49,0.869
8476931,2020,D,13,0.066
8476932,2020,G,8,0.0
8476934,2020,L,48,0.393
8476941,2020,D,11,0.045
8476945,2020,G,53,0.0
8476952,2020,C,5,0.052
8476958,2020,D,60,0.765
8476960,2020,C,47,0.754
8476966,2020,C,5,0.075
8476967,2020,D,59,0.12
8476975,2020,C,51,0.002
8476979,2020,D,45,0.567
8476981,2020,R,74,0.66
8476988,2020,D,58,-0.195
8476994,2020,C,26,0.405
8476999,2020,G,20,0.0
8477015,2020,R,56,1.255
8477018,2020,D,38,0.069
8477021,2020,C,63,0.92
8477038,2020,L,31,0.305
8477043,2020,D,36,0.323
8477046,2020,D,4,-0.019
8477070,2020,C,12,0.048
8477073,2020,L,28,-0.207
8477126,2020,C,7,0.104
8477149,2020,R,1,-0.009
8477180,2020,G,7,0.0
8477210,2020,R,9,-0.05
8477215,2020,D,47,0.293
8477220,2020,D,54,0.34
8477234,2020,G,2,0.0
8477240,2020,C,19,0.053
8477244,2020,D,17,-0.032
8477290,2020,L,48,-0.042
8477293,2020,G,12,0.0
8477314,2020,C,2,-0.006
8477320,2020,L,10,-0.079
8477330,2020,L,56,1.605
8477335,2020,D,5,0.05
8477341,2020,L,50,0.0
8477343,2020,D,2,0.074
8477346,2020,D,60,1.712
8477353,2020,C,24,0.077
8477355,2020,D,23,0.398
8477359,2020,D,47,-0.091
8477361,2020,G,35,0.0
8477365,2020,D,54,0.127
8477366,2020,C,14,-0.087
8477369,2020,D,54,0.541
8477380,2020,C,5,-0.016
8477384,2020,D,26,-0.108
8477391,2020,C,1,0.036
8477392,2020,R,5,-0.009
8477401,2020,C,29,-0.124
8477402,2020,L,54,1.941
8477404,2020,C,62,2.788
8477405,2020,G,14,0.0
8477406,2020,C,72,0.978
8477407,2020,L,49,1.321
8477409,2020,C,49,1.696
8477416,2020,R,56,1.842
8477424,2020,G,42,0.0
8477425,2020,L,55,0.868
8477426,2020,L,56,0.512
8477429,2020,C,63,1.258
8477433,2020,D,39,0.131
8477435,2020,D,64,0.685
8477444,2020,L,63,1.789
8477446,2020,C,6,-0.06
8477447,2020,D,72,2.397
8477450,2020,C,51,0.077
8477451,2020,R,58,0.406
8477454,2020,L,45,0.567
8477455,2020,L,13,-0.032
8477456,2020,L,58,0.811
8477462,2020,D,34,0.022
8477463,2020,D,5,0.054
8477464,2020,C,7,-0.033
8477465,2020,G,45,0.0
8477473,2020,R,3,-0.005
8477474,2020,D,2,0.054
8477476,2020,L,64,0.266
8477478,2020,L,71,0.432
8477479,2020,L,9,0.222
8477480,2020,G,1,0.0
8477482,2020,L,56,0.173
8477488,2020,D,66,1.059
8477492,2020,C,58,4.035
8477493,2020,C,56,2.746
8477494,2020,L,44,0.507
8477495,2020,D,56,1.005
8477496,2020,C,56,2.088
8477497,2020,C,50,0.712
8477498,2020,D,60,1.597
8477499,2020,D,49,0.447
8477500,2020,C,56,1.089
8477501,2020,R,65,0.734
8477502,2020,L,20,-0.18
8477503,2020,C,54,0.359
8477504,2020,D,64,0.628
8477505,2020,C,62,0.771
8477506,2020,D,75,0.818
8477507,2020,D,55,0.005
8477508,2020,C,60,0.354
8477511,2020,R,61,0.783
8477512,2020,C,2,-0.02
8477520,2020,C,1,0.001
8477527,2020,L,12,-0.123
8477541,2020,D,3,-0.012
8477544,2020,C,2,-0.015
8477573,2020,L,8,-0.016
8477680,2020,R,1,-0.011
8477810,2020,D,35,0.301
8477814,2020,D,2,-0.006
8477839,2020,L,58,0.69
8477845,2020,D,20,-0.001
8477846,2020,C,40,-0.195
8477851,2020,D,43,0.306
8477887,2020,C,16,-0.031
8477901,2020,L,7,-0.027
8477903,2020,R,61,0.328
8477919,2020,C,25,0.455
8477930,2020,L,63,0.424
8477931,2020,L,44,0.651
8477932,2020,D,35,0.961
8477933,2020,C,54,1.356
8477934,2020,C,60,3.452
8477935,2020,C,53,1.205
8477936,2020,L,26,-0.129
8477937,2020,R,38,-0.191
8477938,2020,D,47,0.011
8477939,2020,R,58,2.247
8477940,2020,L,53,2.035
8477941,2020,L,67,0.992
8477942,2020,L,57,1.952
8477944,2020,L,50,1.419
8477946,2020,C,44,0.535
8477947,2020,L,6,-0.081
8477948,2020,D,55,0.488
8477949,2020,R,74,1.67
8477950,2020,D,6,0.039
8477951,2020,C,52,1.261
8477952,2020,C,30,0.481
8477953,2020,R,46,1.113
8477955,2020,L,49,1.303
8477956,2020,R,59,2.924
8477960,2020,R,56,0.816
8477962,2020,L,49,0.049
8477963,2020,R,30,-0.071
8477964,2020,L,42,0.319
8477967,2020,G,35,0.0
8477968,2020,G,32,0.0
8477969,2020,D,53,0.221
8477970,2020,G,38,0.0
8477974,2020,C,16,-0.17
8477979,2020,R,50,-0.014
8477986,2020,D,56,0.613
8477987,2020,C,50,0.981
8477989,2020,C,56,1.42
8477992,2020,G,15,0.0
8477996,2020,C,44,-0.1
8477998,2020,L,63,0.544
8478007,2020,G,28,0.0
8478009,2020,G,29,0.0
8478010,2020,C,79,2.926
8478011,2020,D,1,-0.003
8478013,2020,D,25,0.016
8478017,2020,D,9,0.24
8478020,2020,R,25,-0.099
8478021,2020,D,19,0.045
8478024,2020,G,17,0.0
8478027,2020,C,20,-0.084
8478029,2020,L,1,-0.019
8478038,2020,D,63,1.43
8478039,2020,G,24,0.0
8478040,2020,R,5,-0.059
8478042,2020,L,52,0.783
8478043,2020,C,34,-0.017
8478046,2020,L,43,0.351
8478047,2020,L,21,0.433
8478048,2020,G,35,0.0
8478049,2020,D,5,-0.05
8478055,2020,D,49,0.759
8478056,2020,C,13,0.114
8478057,2020,C,12,-0.05
8478067,2020,L,50,0.249
8478069,2020,L,1,-0.002
8478074,2020,C,19,0.065
8478075,2020,L,45,0.06
8478099,2020,R,55,0.952
8478104,2020,L,40,0.261
8478106,2020,R,8,0.043
8478109,2020,L,56,0.944
8478115,2020,L,48,0.212
8478131,2020,R,3,-0.033
8478133,2020,C,54,0.33
8478136,2020,D,1,-0.014
8478146,2020,C,42,-0.078
8478211,2020,L,26,0.154
8478233,2020,L,56,1.069
8478366,2020,R,62,0.888
8478396,2020,D,47,0.53
8478397,2020,D,56,0.927
8478398,2020,L,64,2.522
8478399,2020,D,15,-0.107
8478400,2020,C,45,0.517
8478401,2020,C,50,1.068
8478402,2020,C,60,5.358
8478403,2020,C,21,0.552
8478406,2020,G,35,0.0
8478407,2020,D,43,0.71
8478408,2020,D,54,0.073
8478413,2020,L,63,0.895
8478414,2020,R,54,1.018
8478415,2020,D,42,0.189
8478416,2020,D,67,1.066
8478420,2020,R,62,3.472
8478421,2020,L,1,-0.016
8478424,2020,C,27,-0.089
8478427,2020,C,67,3.026
8478430,2020,D,8,0.012
8478431,2020,L,21,0.198
8478432,2020,R,52,-0.071
8478434,2020,R,61,0.329
8478435,2020,G,5,0.0
8478436,2020,R,1,-0.013
8478439,2020,R,50,1.136
8478440,2020,C,40,0.281
8478443,2020,D,35,0.035
8478444,2020,R,56,2.018
8478445,2020,C,74,2.333
8478446,2020,C,7,-0.014
8478447,2020,R,27,0.289
8478449,2020,C,41,1.712
8478451,2020,D,47,0.201
8478452,2020,D,33,0.098
8478454,2020,D,4,-0.019
8478455,2020,L,44,0.066
8478458,2020,C,48,1.105
8478460,2020,D,35,0.766
8478462,2020,C,69,0.436
8478463,2020,R,66,1.717
8478465,2020,D,1,-0.005
8478466,2020,R,45,0.677
8478467,2020,D,7,0.029
8478468,2020,D,48,0.09
8478469,2020,D,49,1.243
8478472,2020,R,62,0.511
8478474,2020,L,51,-0.005
8478476,2020,D,2,0.003
8478477,2020,C,7,-0.008
8478483,2020,R,62,2.978
8478485,2020,R,8,-0.083
8478488,2020,C,1,-0.008
8478491,2020,D,46,-0.013
8478492,2020,G,22,0.0
8478493,2020,C,63,1.496
8478495,2020,R,55,1.032
8478498,2020,L,51,0.656
8478499,2020,G,19,0.0
8478500,2020,D,56,1.034
8478502,2020,D,3,-0.014
8478506,2020,D,14,0.114
8478507,2020,D,58,0.212
8478508,2020,C,51,0.121
8478512,2020,C,4,-0.054
8478519,2020,C,73,0.816
8478528,2020,C,39,0.184
8478542,2020,C,37,0.391
8478550,2020,L,42,2.497
8478567,2020,D,35,0.086
8478569,2020,C,47,0.539
8478585,2020,C,43,0.312
8478831,2020,C,32,0.194
8478840,2020,D,10,-0.084
8478841,2020,D,2,-0.007
8478846,2020,D,18,0.039
8478851,2020,D,25,0.189
8478856,2020,R,49,1.63
8478857,2020,L,1,-0.008
8478859,2020,D,34,0.161
8478864,2020,L,62,2.271
8478866,2020,C,11,-0.091
8478868,2020,D,7,0.021
8478870,2020,L,41,0.505
8478873,2020,R,48,0.55
8478874,2020,R,40,0.364
8478882,2020,D,55,0.187
8478888,2020,C,1,-0.001
8478891,2020,C,64,0.854
8478904,2020,C,56,0.092
8478906,2020,D,35,0.354
8478911,2020,D,44,0.239
8478915,2020,D,6,-0.067
8478916,2020,G,8,0.0
8478949,2020,R,6,0.004
8478967,2020,C,15,0.034
8478970,2020,D,18,-0.058
8478975,2020,L,39,0.222
8478996,2020,C,13,0.167
8479026,2020,D,44,0.283
8479066,2020,L,40,-0.093
8479193,2020,G,20,0.0
8479252,2020,D,18,0.078
8479288,2020,G,1,0.0
8479291,2020,C,54,0.324
8479293,2020,L,38,0.495
8479312,2020,G,6,0.0
8479314,2020,L,56,1.762
8479315,2020,R,1,-0.014
8479316,2020,C,44,0.71
8479318,2020,C,59,3.571
8479320,2020,D,2,-0.014
8479322,2020,R,14,0.254
8479323,2020,D,55,2.07
8479324,2020,D,51,0.579
8479325,2020,D,62,1.843
8479328,2020,R,30,0.232
8479329,2020,D,1,-0.011
8479333,2020,D,44,-0.05
8479335,2020,C,28,0.365
8479336,2020,R,47,0.001
8479337,2020,R,52,2.48
8479339,2020,L,46,0.593
8479343,2020,R,56,1.203
8479344,2020,R,59,1.031
8479345,2020,D,56,1.899
8479346,2020,C,51,0.568
8479348,2020,D,18,0.154
8479351,2020,C,42,0.029
8479353,2020,C,42,0.108
8479355,2020,D,23,0.12
8479356,2020,L,14,0.026
8479358,2020,L,7,-0.081
8479364,2020,L,2,-0.031
8479365,2020,C,42,-0.148
8479366,2020,C,1,-0.016
8479367,2020,R,2,-0.026
8479368,2020,L,46,0.067
8479369,2020,D,11,0.096
8479370,2020,C,64,0.505
8479371,2020,D,40,0.285
8479372,2020,D,13,0.105
8479376,2020,D,28,0.085
8479378,2020,D,45,0.142
8479379,2020,R,16,0.038
8479381,2020,R,24,-0.164
8479382,2020,C,18,-0.196
8479385,2020,R,59,1.316
8479387,2020,D,3,-0.016
8479388,2020,D,21,0.011
8479393,2020,L,30,0.065
8479394,2020,G,27,0.0
8479395,2020,D,16,0.057
8479398,2020,D,58,1.489
8479400,2020,C,53,0.519
8479402,2020,D,53,0.339
8479406,2020,G,9,0.0
8479407,2020,L,46,1.241
8479410,2020,D,79,1.049
8479411,2020,L,2,-0.028
8479414,2020,R,41,-0.009
8479415,2020,C,52,0.477
8479419,2020,L,2,-0.018
8479420,2020,C,38,0.565
8479425,2020,D,56,0.87
8479439,2020,D,33,0.278
8479442,2020,D,44,0.263
8479458,2020,D,55,0.44
8479462,2020,D,4,0.035
8479465,2020,L,38,0.078
8479466,2020,R,8,0.052
8479496,2020,G,19,0.0
8479511,2020,C,50,0.84
8479514,2020,C,10,-0.005
8479516,2020,C,1,-0.01
8479523,2020,D,12,-0.04
8479525,2020,C,53,0.817
8479542,2020,L,52,0.828
8479546,2020,C,3,-0.047
8479547,2020,R,1,-0.011
8479550,2020,C,5,-0.04
8479571,2020,R,5,-0.015
8479573,2020,L,33,0.209
8479580,2020,C,49,0.179
8479587,2020,C,28,-0.16
8479602,2020,D,16,-0.018
8479639,2020,D,29,0.155
8479644,2020,R,13,-0.058
8479661,2020,L,20,0.187
8479671,2020,R,32,-0.164
8479675,2020,L,56,0.608
8479705,2020,L,11,-0.111
8479718,2020,C,15,0.047
8479772,2020,R,34,-0.279
8479933,2020,C,4,0.007
8479944,2020,L,51,0.256
8479945,2020,D,9,0.016
8479968,2020,C,5,-0.077
8479973,2020,G,1,0.0
8479974,2020,C,52,-0.191
8479976,2020,D,49,0.288
8479977,2020,R,56,0.543
8479979,2020,G,29,0.0
8479980,2020,D,62,0.706
8479981,2020,L,1,-0.015
8479982,2020,D,41,0.2
8479983,2020,D,56,0.522
8479984,2020,D,35,0.038
8479986,2020,R,7,-0.115
8479987,2020,C,39,0.089
8479992,2020,C,40,0.235
8479994,2020,C,34,0.15
8479996,2020,C,28,0.151
8479998,2020,D,54,0.046
8479999,2020,C,41,0.45
8480001,2020,D,9,0.064
8480002,2020,C,21,0.253
8480003,2020,C,28,0.131
8480005,2020,L,16,-0.147
8480008,2020,C,3,-0.023
8480009,2020,R,44,0.526
8480011,2020,C,2,0.019
8480012,2020,C,26,0.853
8480014,2020,C,54,0.713
8480015,2020,R,51,0.876
8480018,2020,C,78,1.868
8480021,2020,C,20,-0.049
8480023,2020,C,37,0.221
8480025,2020,R,5,0.039
8480027,2020,L,51,2.034
8480028,2020,C,2,-0.02
8480029,2020,L,20,0.219
8480031,2020,L,55,1.01
8480035,2020,D,46,0.055
8480036,2020,D,55,1.102
8480037,2020,C,9,0.049
8480039,2020,C,64,1.635
8480043,2020,D,2,-0.019
8480045,2020,G,4,0.0
8480051,2020,G,4,0.0
8480053,2020,C,5,0.091
8480056,2020,D,8,0.162
8480058,2020,D,16,0.17
8480063,2020,D,2,-0.001
8480064,2020,C,56,1.133
8480069,2020,D,54,2.429
8480070,2020,D,39,0.121
8480072,2020,C,23,0.127
8480073,2020,D,30,0.473
8480074,2020,L,49,0.178
8480078,2020,C,42,0.746
8480083,2020,L,1,-0.013
8480112,2020,G,5,0.0
8480113,2020,L,55,0.964
8480144,2020,C,56,0.394
8480145,2020,D,62,1.364
8480158,2020,D,7,0.066
8480160,2020,D,40,0.261
8480162,2020,G,2,0.0
8480172,2020,D,58,0.279
8480184,2020,D,13,0.097
8480185,2020,C,44,0.058
8480186,2020,R,37,0.334
8480196,2020,D,38,0.122
8480201,2020,R,2,-0.024
8480205,2020,C,20,0.06
8480208,2020,R,56,1.049
8480221,2020,C,1,-0.017
8480222,2020,D,3,0.106
8480226,2020,R,8,0.0
8480276,2020,L,4,0.025
8480280,2020,G,11,0.0
8480289,2020,C,5,-0.059
8480293,2020,D,21,0.413
8480313,2020,G,1,0.0
8480326,2020,C,3,-0.028
8480336,2020,D,47,0.741
8480373,2020,G,10,0.0
8480382,2020,G,19,0.0
8480384,2020,C,7,0.012
8480420,2020,G,6,0.0
8480448,2020,C,1,0.037
8480459,2020,C,55,0.761
8480466,2020,D,1,0.005
8480467,2020,D,13,-0.021
8480727,2020,D,70,0.532
8480748,2020,L,18,0.074
8480761,2020,D,1,-0.001
8480762,2020,L,56,0.279
8480769,2020,R,12,-0.031
8480776,2020,R,3,-0.024
8480789,2020,R,49,0.854
8480797,2020,L,55,1.574
8480798,2020,C,54,0.332
8480800,2020,D,56,1.61
8480801,2020,L,56,1.378
8480802,2020,C,14,-0.144
8480803,2020,D,14,0.225
8480806,2020,C,41,-0.008
8480807,2020,D,12,0.041
8480813,2020,C,5,-0.003
8480814,2020,D,19,0.211
8480817,2020,D,53,0.222
8480821,2020,R,49,0.432
8480822,2020,R,5,-0.046
8480829,2020,C,75,0.207
8480830,2020,R,66,2.129
8480831,2020,D,3,-0.021
8480833,2020,R,20,-0.042
8480839,2020,D,56,0.928
8480844,2020,L,7,0.112
8480845,2020,C,7,-0.018
8480846,2020,L,2,-0.019
8480848,2020,C,26,-0.14
8480849,2020,C,14,-0.03
8480853,2020,C,24,-0.018
8480860,2020,D,7,0.041
8480865,2020,D,65,0.858
8480871,2020,D,35,0.661
8480873,2020,D,14,0.233
8480879,2020,D,5,-0.023
8480883,2020,D,48,0.8
8480884,2020,D,6,0.006
8480890,2020,C,2,0.136
8480901,2020,C,23,-0.045
8480913,2020,D,7,0.131
8480944,2020,C,1,-0.014
8480945,2020,D,2,-0.021
8480946,2020,C,50,0.302
8480947,2020,G,37,0.0
8480950,2020,D,42,-0.144
8480965,2020,C,4,-0.045
8481001,2020,G,1,0.0
8481014,2020,D,58,0.1
8481019,2020,C,4,-0.022
8481031,2020,G,3,0.0
8481058,2020,R,1,-0.009
8481068,2020,C,54,1.12
8481077,2020,L,44,0.256
8481105,2020,D,1,-0.013
8481122,2020,D,6,-0.044
8481147,2020,C,5,-0.057
8481178,2020,D,2,-0.017
8481186,2020,R,24,0.109
8481433,2020,L,6,0.044
8481442,2020,D,1,-0.007
8481477,2020,C,57,0.717
8481479,2020,D,1,0.051
8481481,2020,C,41,0.105
8481501,2020,G,1,0.0
8481516,2020,C,7,0.066
8481518,2020,L,6,0.044
8481519,2020,G,6,0.0
8481522,2020,C,4,-0.004
8481523,2020,C,18,0.227
8481524,2020,D,19,-0.028
8481528,2020,C,41,0.189
8481533,2020,C,24,0.414
8481535,2020,L,56,0.909
8481540,2020,R,30,0.672
8481546,2020,D,3,-0.008
8481554,2020,R,48,0.49
8481559,2020,C,56,0.959
8481560,2020,R,1,0.045
8481572,2020,D,5,-0.021
8481580,2020,L,1,-0.009
8481582,2020,L,6,0.035
8481596,2020,C,12,0.196
8481599,2020,D,4,0.065
8481600,2020,D,33,0.023
8481618,2020,C,14,0.114
8481624,2020,R,61,0.381
8481626,2020,C,17,0.112
8481629,2020,D,4,-0.017
8481638,2020,L,9,-0.082
8481640,2020,C,1,-0.026
8481641,2020,L,26,0.4
8481708,2020,D,10,0.139
8481740,2020,R,7,0.002
8481812,2020,D,56,0.105
8481813,2020,C,36,-0.187
8482055,2020,L,10,-0.056
8482062,2020,R,1,-0.002
8482063,2020,L,15,-0.168
8482067,2020,D,6,0.12
8482072,2020,D,3,-0.027
8482109,2020,L,56,0.367
8482116,2020,C,53,1.148
8482124,2020,R,6,-0.005
8482142,2020,D,24,0.216
8482179,2020,C,1,0.048
8482222,2020,L,22,0.195
8482240,2020,L,26,-0.242
8482241,2020,L,8,0.15
8482245,2020,D,47,0.404
8482246,2020,G,3,0.0
8482247,2020,D,26,0.196
8482248,2020,C,8,-0.017
8482369,2020,D,4,-0.011
8482623,2020,C,6,-0.035
8482635,2020,L,8,0.05
8482641,2020,D,7,-0.029
8482654,2020,C,4,0.067
